instancia_id,algoritmo,heuristica,encontrado,pasos,tiempo_ms,nodos_expandidos,nodos_generados,memoria_max
0,codicioso,h1,True,43,35.995,688,1157,1137
0,a_estrella,h1,True,29,4652.598,97225,145338,128420
0,codicioso,h2,True,51,14.062,340,587,583
0,a_estrella,h2,True,29,385.483,9805,15497,15121
0,codicioso,h3,True,51,5.988,100,173,173
0,a_estrella,h3,True,29,370.836,6187,9823,9575
0,codicioso,h4,True,51,8.972,142,242,240
0,a_estrella,h4,True,29,230.014,3594,5748,5642
0,codicioso,h5,True,43,72.125,91,156,155
0,a_estrella,h5,True,29,57.649,1291,2220,2191
0,codicioso,h6_w0.3,True,77,20.46,487,821,811
0,a_estrella,h6_w0.3,True,29,2548.725,47623,73986,68834
0,codicioso,h6_w0.6,True,71,17.482,411,704,699
0,a_estrella,h6_w0.6,True,29,1125.493,22899,36016,34269
0,codicioso,h6_w1.0,True,51,14.281,340,587,583
0,a_estrella,h6_w1.0,True,29,427.636,9805,15497,15121
1,codicioso,h1,True,37,10.616,287,494,484
1,a_estrella,h1,True,21,199.507,5497,9113,8849
1,codicioso,h2,True,41,12.458,328,569,562
1,a_estrella,h2,True,21,16.097,450,734,716
1,codicioso,h3,True,29,4.482,72,122,121
1,a_estrella,h3,True,21,15.743,266,440,432
1,codicioso,h4,True,29,4.003,64,109,108
1,a_estrella,h4,True,21,10.998,178,297,293
1,codicioso,h5,True,41,3.296,77,138,138
1,a_estrella,h5,True,21,1.482,35,64,63
1,codicioso,h6_w0.3,True,69,24.944,528,892,880
1,a_estrella,h6_w0.3,True,21,78.687,1906,3158,3084
1,codicioso,h6_w0.6,True,41,9.804,244,414,409
1,a_estrella,h6_w0.6,True,21,32.778,824,1352,1325
1,codicioso,h6_w1.0,True,41,13.524,328,569,562
1,a_estrella,h6_w1.0,True,21,17.925,450,734,716
2,codicioso,h1,True,40,16.249,491,814,797
2,a_estrella,h1,True,26,1649.602,38302,60442,56351
2,codicioso,h2,True,34,2.874,66,118,118
2,a_estrella,h2,True,26,177.039,4047,6506,6372
2,codicioso,h3,True,40,5.601,80,140,140
2,a_estrella,h3,True,26,129.444,2150,3460,3394
2,codicioso,h4,True,40,5.46,79,138,138
2,a_estrella,h4,True,26,85.322,1328,2135,2100
2,codicioso,h5,True,26,1.521,34,62,62
2,a_estrella,h5,True,26,12.994,300,509,506
2,codicioso,h6_w0.3,True,82,29.055,593,1009,995
2,a_estrella,h6_w0.3,True,26,714.541,15878,25574,24489
2,codicioso,h6_w0.6,True,34,3.213,75,128,127
2,a_estrella,h6_w0.6,True,26,328.738,7610,12241,11825
2,codicioso,h6_w1.0,True,34,3.533,66,118,118
2,a_estrella,h6_w1.0,True,26,171.507,4047,6506,6372
3,codicioso,h1,True,28,2.625,71,126,124
3,a_estrella,h1,True,20,141.016,4043,6700,6515
3,codicioso,h2,True,32,2.933,80,139,138
3,a_estrella,h2,True,20,18.032,503,825,815
3,codicioso,h3,True,26,2.496,41,73,73
3,a_estrella,h3,True,20,14.958,259,425,420
3,codicioso,h4,True,26,2.73,41,73,73
3,a_estrella,h4,True,20,13.693,215,354,352
3,codicioso,h5,True,42,3.898,95,161,160
3,a_estrella,h5,True,20,2.455,57,103,102
3,codicioso,h6_w0.3,True,28,2.328,57,102,101
3,a_estrella,h6_w0.3,True,20,68.528,1553,2551,2490
3,codicioso,h6_w0.6,True,28,2.433,59,106,105
3,a_estrella,h6_w0.6,True,20,33.218,783,1284,1259
3,codicioso,h6_w1.0,True,32,3.625,80,139,138
3,a_estrella,h6_w1.0,True,20,20.047,503,825,815
4,codicioso,h1,True,56,45.85,1297,2174,2128
4,a_estrella,h1,True,22,276.878,7705,12721,12309
4,codicioso,h2,True,52,4.817,129,215,213
4,a_estrella,h2,True,22,23.332,641,1034,1015
4,codicioso,h3,True,34,3.069,51,92,92
4,a_estrella,h3,True,22,24.536,426,694,685
4,codicioso,h4,True,34,4.041,51,92,92
4,a_estrella,h4,True,22,22.009,338,557,551
4,codicioso,h5,True,30,1.91,45,79,79
4,a_estrella,h5,True,22,3.316,79,139,136
4,codicioso,h6_w0.3,True,54,6.187,153,266,263
4,a_estrella,h6_w0.3,True,22,116.39,2749,4560,4427
4,codicioso,h6_w0.6,True,54,5.03,123,218,217
4,a_estrella,h6_w0.6,True,22,52.581,1261,2078,2024
4,codicioso,h6_w1.0,True,52,5.262,129,215,213
4,a_estrella,h6_w1.0,True,22,25.14,641,1034,1015
5,codicioso,h1,True,42,7.846,234,400,392
5,a_estrella,h1,True,18,43.229,1197,2012,1970
5,codicioso,h2,True,24,5.213,144,245,243
5,a_estrella,h2,True,18,5.622,155,255,253
5,codicioso,h3,True,20,2.565,36,64,64
5,a_estrella,h3,True,18,8.045,125,207,207
5,codicioso,h4,True,20,2.459,36,64,64
5,a_estrella,h4,True,18,4.258,71,118,118
5,codicioso,h5,True,18,0.931,21,40,40
5,a_estrella,h5,True,18,1.392,33,61,61
5,codicioso,h6_w0.3,True,34,9.712,222,371,366
5,a_estrella,h6_w0.3,True,18,19.826,474,791,778
5,codicioso,h6_w0.6,True,34,8.83,218,367,362
5,a_estrella,h6_w0.6,True,18,9.636,238,395,389
5,codicioso,h6_w1.0,True,24,5.672,144,245,243
5,a_estrella,h6_w1.0,True,18,6.099,155,255,253
6,codicioso,h1,True,52,17.312,495,837,823
6,a_estrella,h1,True,24,703.94,18158,29416,28084
6,codicioso,h2,True,26,3.059,77,137,136
6,a_estrella,h2,True,24,90.057,2035,3312,3247
6,codicioso,h3,True,38,4.237,69,119,119
6,a_estrella,h3,True,24,64.692,1125,1822,1789
6,codicioso,h4,True,38,5.338,69,119,119
6,a_estrella,h4,True,24,55.905,886,1441,1421
6,codicioso,h5,True,28,1.948,32,60,60
6,a_estrella,h5,True,24,7.841,171,306,306
6,codicioso,h6_w0.3,True,56,12.463,282,473,468
6,a_estrella,h6_w0.3,True,24,324.96,7103,11579,11193
6,codicioso,h6_w0.6,True,56,10.711,254,427,422
6,a_estrella,h6_w0.6,True,24,207.862,3493,5685,5531
6,codicioso,h6_w1.0,True,26,3.361,77,137,136
6,a_estrella,h6_w1.0,True,24,207.459,2035,3312,3247
7,codicioso,h1,True,58,46.105,1191,1995,1956
7,a_estrella,h1,True,24,811.679,17545,28428,27194
7,codicioso,h2,True,56,11.87,283,476,473
7,a_estrella,h2,True,24,54.377,1392,2255,2223
7,codicioso,h3,True,36,5.186,66,115,115
7,a_estrella,h3,True,24,43.278,719,1147,1129
7,codicioso,h4,True,36,5.01,68,120,120
7,a_estrella,h4,True,24,28.725,448,718,711
7,codicioso,h5,True,42,3.966,96,160,159
7,a_estrella,h5,True,24,4.679,105,191,190
7,codicioso,h6_w0.3,True,68,20.802,460,782,777
7,a_estrella,h6_w0.3,True,24,344.501,6229,10170,9869
7,codicioso,h6_w0.6,True,64,21.238,357,595,590
7,a_estrella,h6_w0.6,True,24,190.429,2748,4461,4356
7,codicioso,h6_w1.0,True,56,13.772,283,476,473
7,a_estrella,h6_w1.0,True,24,82.032,1392,2255,2223
8,codicioso,h1,True,53,35.385,743,1254,1216
8,a_estrella,h1,True,23,695.748,13519,22049,21187
8,codicioso,h2,True,73,33.288,670,1157,1138
8,a_estrella,h2,True,23,122.181,1633,2640,2589
8,codicioso,h3,True,43,14.816,134,226,226
8,a_estrella,h3,True,23,76.844,886,1414,1393
8,codicioso,h4,True,31,5.61,52,89,89
8,a_estrella,h4,True,23,56.944,560,913,903
8,codicioso,h5,True,25,2.245,30,57,57
8,a_estrella,h5,True,23,12.916,179,314,311
8,codicioso,h6_w0.3,True,61,25.182,392,663,655
8,a_estrella,h6_w0.3,True,23,328.76,5449,8896,8648
8,codicioso,h6_w0.6,True,51,8.159,175,303,299
8,a_estrella,h6_w0.6,True,23,133.075,2795,4536,4421
8,codicioso,h6_w1.0,True,73,28.657,670,1157,1138
8,a_estrella,h6_w1.0,True,23,71.815,1633,2640,2589
9,codicioso,h1,True,52,8.67,256,435,429
9,a_estrella,h1,True,26,1608.241,36648,58062,54358
9,codicioso,h2,True,60,14.079,274,480,477
9,a_estrella,h2,True,26,94.555,1709,2714,2671
9,codicioso,h3,True,42,6.822,83,144,144
9,a_estrella,h3,True,26,85.486,927,1476,1458
9,codicioso,h4,True,52,19.76,169,284,282
9,a_estrella,h4,True,26,48.889,425,681,675
9,codicioso,h5,True,46,8.723,100,171,170
9,a_estrella,h5,True,26,7.943,115,206,205
9,codicioso,h6_w0.3,True,52,12.41,168,289,287
9,a_estrella,h6_w0.3,True,26,872.192,12451,20162,19477
9,codicioso,h6_w0.6,True,86,21.124,411,702,696
9,a_estrella,h6_w0.6,True,26,292.323,4650,7471,7256
9,codicioso,h6_w1.0,True,60,19.466,274,480,477
9,a_estrella,h6_w1.0,True,26,107.289,1709,2714,2671
10,codicioso,h1,True,64,97.958,1860,3109,3037
10,a_estrella,h1,True,26,2104.21,36959,58549,54826
10,codicioso,h2,True,58,20.948,528,908,895
10,a_estrella,h2,True,26,97.82,2414,3833,3768
10,codicioso,h3,True,52,6.555,107,184,183
10,a_estrella,h3,True,26,102.148,1511,2427,2390
10,codicioso,h4,True,42,4.855,76,132,132
10,a_estrella,h4,True,26,110.591,1204,1953,1931
10,codicioso,h5,True,30,2.395,32,60,60
10,a_estrella,h5,True,26,8.866,156,279,277
10,codicioso,h6_w0.3,True,58,22.687,409,690,683
10,a_estrella,h6_w0.3,True,26,739.774,13215,21467,20677
10,codicioso,h6_w0.6,True,58,23.703,396,669,662
10,a_estrella,h6_w0.6,True,26,313.468,5454,8826,8574
10,codicioso,h6_w1.0,True,58,28.569,528,908,895
10,a_estrella,h6_w1.0,True,26,157.327,2414,3833,3768
11,codicioso,h1,True,35,16.491,351,598,588
11,a_estrella,h1,True,19,88.831,2040,3420,3338
11,codicioso,h2,True,35,3.928,99,169,167
11,a_estrella,h2,True,19,6.003,154,255,253
11,codicioso,h3,True,35,4.219,53,98,98
11,a_estrella,h3,True,19,4.933,83,136,135
11,codicioso,h4,True,35,3.857,53,98,98
11,a_estrella,h4,True,19,3.365,50,86,85
11,codicioso,h5,True,19,0.94,20,37,37
11,a_estrella,h5,True,19,1.267,23,42,42
11,codicioso,h6_w0.3,True,35,10.637,244,409,406
11,a_estrella,h6_w0.3,True,19,32.635,679,1118,1099
11,codicioso,h6_w0.6,True,35,13.876,246,417,414
11,a_estrella,h6_w0.6,True,19,14.079,287,474,469
11,codicioso,h6_w1.0,True,35,4.769,99,169,167
11,a_estrella,h6_w1.0,True,19,8.887,154,255,253
12,codicioso,h1,True,34,15.93,405,697,682
12,a_estrella,h1,True,22,301.231,7357,12201,11831
12,codicioso,h2,True,42,14.486,326,561,554
12,a_estrella,h2,True,22,29.559,624,1010,995
12,codicioso,h3,True,40,3.666,57,100,100
12,a_estrella,h3,True,22,22.189,326,537,535
12,codicioso,h4,True,40,4.482,69,120,120
12,a_estrella,h4,True,22,28.568,416,688,686
12,codicioso,h5,True,30,5.123,87,151,151
12,a_estrella,h5,True,22,2.776,61,112,112
12,codicioso,h6_w0.3,True,42,19.906,369,623,615
12,a_estrella,h6_w0.3,True,22,124.971,2472,4067,3978
12,codicioso,h6_w0.6,True,42,11.582,248,419,414
12,a_estrella,h6_w0.6,True,22,46.553,1104,1798,1761
12,codicioso,h6_w1.0,True,42,13.724,326,561,554
12,a_estrella,h6_w1.0,True,22,32.696,624,1010,995
13,codicioso,h1,True,66,61.63,1700,2843,2768
13,a_estrella,h1,True,24,804.426,17596,28425,27135
13,codicioso,h2,True,52,24.932,575,995,976
13,a_estrella,h2,True,24,113.364,2145,3436,3362
13,codicioso,h3,True,24,2.277,37,63,63
13,a_estrella,h3,True,24,69.743,1141,1804,1775
13,codicioso,h4,True,24,2.494,37,63,63
13,a_estrella,h4,True,24,59.19,872,1387,1365
13,codicioso,h5,True,30,1.462,34,59,59
13,a_estrella,h5,True,24,6.472,152,271,268
13,codicioso,h6_w0.3,True,50,21.619,515,877,870
13,a_estrella,h6_w0.3,True,24,338.187,6820,11086,10717
13,codicioso,h6_w0.6,True,50,18.321,417,720,712
13,a_estrella,h6_w0.6,True,24,152.298,3389,5484,5331
13,codicioso,h6_w1.0,True,52,24.983,575,995,976
13,a_estrella,h6_w1.0,True,24,111.285,2145,3436,3362
14,codicioso,h1,True,40,27.763,685,1146,1127
14,a_estrella,h1,True,24,771.02,16791,27349,26170
14,codicioso,h2,True,68,16.766,406,711,705
14,a_estrella,h2,True,24,29.964,797,1284,1268
14,codicioso,h3,True,30,2.493,42,74,74
14,a_estrella,h3,True,24,17.669,326,529,526
14,codicioso,h4,True,30,2.666,41,73,73
14,a_estrella,h4,True,24,13.145,218,361,358
14,codicioso,h5,True,24,1.683,39,72,72
14,a_estrella,h5,True,24,3.393,83,144,143
14,codicioso,h6_w0.3,True,64,8.701,224,373,369
14,a_estrella,h6_w0.3,True,24,236.309,5193,8550,8305
14,codicioso,h6_w0.6,True,90,17.318,408,699,693
14,a_estrella,h6_w0.6,True,24,81.594,1999,3225,3151
14,codicioso,h6_w1.0,True,68,16.962,406,711,705
14,a_estrella,h6_w1.0,True,24,34.38,797,1284,1268
15,codicioso,h1,True,53,27.432,777,1293,1263
15,a_estrella,h1,True,25,1212.712,28298,45331,42828
15,codicioso,h2,True,35,10.198,264,449,446
15,a_estrella,h2,True,25,79.889,1854,2967,2918
15,codicioso,h3,True,25,1.593,27,47,47
15,a_estrella,h3,True,25,69.592,859,1372,1352
15,codicioso,h4,True,43,12.286,136,229,227
15,a_estrella,h4,True,25,41.182,453,733,725
15,codicioso,h5,True,25,1.336,26,46,46
15,a_estrella,h5,True,25,6.422,108,185,183
15,codicioso,h6_w0.3,True,39,13.846,228,379,374
15,a_estrella,h6_w0.3,True,25,550.776,9774,15904,15380
15,codicioso,h6_w0.6,True,39,11.316,222,372,367
15,a_estrella,h6_w0.6,True,25,227.306,4116,6684,6515
15,codicioso,h6_w1.0,True,35,15.44,264,449,446
15,a_estrella,h6_w1.0,True,25,108.879,1854,2967,2918
16,codicioso,h1,True,48,24.671,255,432,423
16,a_estrella,h1,True,26,1608.09,35614,56569,53138
16,codicioso,h2,True,46,13.637,319,547,541
16,a_estrella,h2,True,26,26.85,690,1071,1051
16,codicioso,h3,True,36,2.991,54,87,87
16,a_estrella,h3,True,26,22.123,374,587,582
16,codicioso,h4,True,44,4.085,64,112,112
16,a_estrella,h4,True,26,8.068,132,211,210
16,codicioso,h5,True,26,1.157,27,45,45
16,a_estrella,h5,True,26,2.857,51,87,86
16,codicioso,h6_w0.3,True,72,20.73,474,805,793
16,a_estrella,h6_w0.3,True,26,512.998,10639,17235,16703
16,codicioso,h6_w0.6,True,72,18.709,430,735,727
16,a_estrella,h6_w0.6,True,26,144.908,3229,5116,4982
16,codicioso,h6_w1.0,True,46,14.989,319,547,541
16,a_estrella,h6_w1.0,True,26,28.367,690,1071,1051
17,codicioso,h1,True,36,27.724,760,1266,1240
17,a_estrella,h1,True,18,58.09,1573,2647,2579
17,codicioso,h2,True,20,1.956,41,76,76
17,a_estrella,h2,True,18,18.292,430,704,690
17,codicioso,h3,True,20,3.864,46,83,83
17,a_estrella,h3,True,18,19.003,299,498,492
17,codicioso,h4,True,20,3.108,46,83,83
17,a_estrella,h4,True,18,20.719,286,474,468
17,codicioso,h5,True,20,2.76,31,56,56
17,a_estrella,h5,True,18,4.821,66,113,113
17,codicioso,h6_w0.3,True,20,6.651,62,110,109
17,a_estrella,h6_w0.3,True,18,37.059,799,1333,1304
17,codicioso,h6_w0.6,True,20,1.922,49,85,84
17,a_estrella,h6_w0.6,True,18,21.825,519,859,839
17,codicioso,h6_w1.0,True,20,1.683,41,76,76
17,a_estrella,h6_w1.0,True,18,17.093,430,704,690
18,codicioso,h1,True,35,20.062,587,1011,988
18,a_estrella,h1,True,21,220.002,5977,9939,9603
18,codicioso,h2,True,49,14.315,370,636,630
18,a_estrella,h2,True,21,38.38,938,1528,1497
18,codicioso,h3,True,41,4.887,83,145,145
18,a_estrella,h3,True,21,39.422,606,994,979
18,codicioso,h4,True,41,5.517,83,145,145
18,a_estrella,h4,True,21,35.124,523,873,864
18,codicioso,h5,True,37,3.719,90,153,152
18,a_estrella,h5,True,21,3.86,92,166,166
18,codicioso,h6_w0.3,True,53,23.269,490,827,816
18,a_estrella,h6_w0.3,True,21,111.909,2489,4114,4003
18,codicioso,h6_w0.6,True,53,18.445,352,593,590
18,a_estrella,h6_w0.6,True,21,58.982,1364,2238,2189
18,codicioso,h6_w1.0,True,49,16.054,370,636,630
18,a_estrella,h6_w1.0,True,21,37.798,938,1528,1497
19,codicioso,h1,True,55,48.722,1349,2244,2182
19,a_estrella,h1,True,19,82.936,2302,3807,3715
19,codicioso,h2,True,41,14.319,356,621,615
19,a_estrella,h2,True,19,15.065,358,585,579
19,codicioso,h3,True,35,5.258,88,153,152
19,a_estrella,h3,True,19,15.068,226,368,364
19,codicioso,h4,True,25,3.464,52,92,92
19,a_estrella,h4,True,19,15.797,207,338,334
19,codicioso,h5,True,19,0.901,20,37,37
19,a_estrella,h5,True,19,1.687,28,51,51
19,codicioso,h6_w0.3,True,55,16.054,352,596,588
19,a_estrella,h6_w0.3,True,19,43.6,935,1553,1520
19,codicioso,h6_w0.6,True,63,17.195,353,605,599
19,a_estrella,h6_w0.6,True,19,19.341,479,781,764
19,codicioso,h6_w1.0,True,41,16.732,356,621,615
19,a_estrella,h6_w1.0,True,19,15.522,358,585,579
20,codicioso,h1,True,44,29.42,667,1126,1106
20,a_estrella,h1,True,22,303.413,7936,13091,12670
20,codicioso,h2,True,56,10.614,285,480,477
20,a_estrella,h2,True,22,41.084,1037,1694,1667
20,codicioso,h3,True,36,5.58,97,163,163
20,a_estrella,h3,True,22,32.408,575,927,915
20,codicioso,h4,True,28,3.455,53,92,92
20,a_estrella,h4,True,22,22.445,361,590,584
20,codicioso,h5,True,24,1.288,29,55,55
20,a_estrella,h5,True,22,3.353,61,111,111
20,codicioso,h6_w0.3,True,72,18.647,444,749,744
20,a_estrella,h6_w0.3,True,22,142.496,3143,5179,5051
20,codicioso,h6_w0.6,True,64,14.123,324,553,550
20,a_estrella,h6_w0.6,True,22,66.229,1621,2653,2598
20,codicioso,h6_w1.0,True,56,11.54,285,480,477
20,a_estrella,h6_w1.0,True,22,49.8,1037,1694,1667
21,codicioso,h1,True,48,38.708,889,1513,1482
21,a_estrella,h1,True,26,1637.511,38218,60482,56520
21,codicioso,h2,True,56,9.946,264,444,441
21,a_estrella,h2,True,26,152.251,3543,5680,5556
21,codicioso,h3,True,38,3.59,61,108,108
21,a_estrella,h3,True,26,112.137,1884,3064,3015
21,codicioso,h4,True,36,4.878,77,130,130
21,a_estrella,h4,True,26,97.363,1502,2445,2409
21,codicioso,h5,True,26,1.347,30,55,55
21,a_estrella,h5,True,26,6.247,140,247,246
21,codicioso,h6_w0.3,True,70,18.567,429,726,718
21,a_estrella,h6_w0.3,True,26,873.821,15243,24646,23658
21,codicioso,h6_w0.6,True,66,21.635,316,531,526
21,a_estrella,h6_w0.6,True,26,410.487,7062,11373,11014
21,codicioso,h6_w1.0,True,56,11.21,264,444,441
21,a_estrella,h6_w1.0,True,26,148.163,3543,5680,5556
22,codicioso,h1,True,36,16.168,441,751,735
22,a_estrella,h1,True,24,837.075,16641,27155,26050
22,codicioso,h2,True,46,21.201,403,692,686
22,a_estrella,h2,True,24,22.879,494,785,774
22,codicioso,h3,True,28,1.824,31,53,53
22,a_estrella,h3,True,24,17.081,309,497,492
22,codicioso,h4,True,36,5.073,77,135,135
22,a_estrella,h4,True,24,22.845,368,608,605
22,codicioso,h5,True,24,1.147,25,46,46
22,a_estrella,h5,True,24,2.305,44,79,78
22,codicioso,h6_w0.3,True,28,2.322,33,56,56
22,a_estrella,h6_w0.3,True,24,254.393,4711,7674,7468
22,codicioso,h6_w0.6,True,28,1.633,33,56,56
22,a_estrella,h6_w0.6,True,24,66.529,1563,2542,2488
22,codicioso,h6_w1.0,True,46,16.607,403,692,686
22,a_estrella,h6_w1.0,True,24,19.208,494,785,774
23,codicioso,h1,True,50,16.982,503,838,820
23,a_estrella,h1,True,20,125.412,3435,5768,5613
23,codicioso,h2,True,32,10.081,264,454,452
23,a_estrella,h2,True,20,3.584,100,167,167
23,codicioso,h3,True,32,3.516,58,106,106
23,a_estrella,h3,True,20,3.493,57,102,102
23,codicioso,h4,True,32,4.226,58,106,106
23,a_estrella,h4,True,20,2.987,45,82,82
23,codicioso,h5,True,20,1.069,23,45,45
23,a_estrella,h5,True,20,1.369,32,61,61
23,codicioso,h6_w0.3,True,50,16.828,326,553,548
23,a_estrella,h6_w0.3,True,20,38.656,926,1560,1526
23,codicioso,h6_w0.6,True,50,13.522,329,562,557
23,a_estrella,h6_w0.6,True,20,15.193,315,519,508
23,codicioso,h6_w1.0,True,32,11.789,264,454,452
23,a_estrella,h6_w1.0,True,20,6.956,100,167,167
24,codicioso,h1,True,62,54.394,948,1593,1560
24,a_estrella,h1,True,22,401.614,7857,12895,12431
24,codicioso,h2,True,52,16.271,405,702,695
24,a_estrella,h2,True,22,44.157,1090,1777,1740
24,codicioso,h3,True,22,2.959,50,87,87
24,a_estrella,h3,True,22,44.747,720,1172,1148
24,codicioso,h4,True,22,3.254,50,87,87
24,a_estrella,h4,True,22,44.375,636,1037,1017
24,codicioso,h5,True,22,1.095,24,44,44
24,a_estrella,h5,True,22,3.303,77,137,133
24,codicioso,h6_w0.3,True,62,16.506,377,643,638
24,a_estrella,h6_w0.3,True,22,144.899,3137,5165,5018
24,codicioso,h6_w0.6,True,62,15.968,377,646,641
24,a_estrella,h6_w0.6,True,22,75.627,1588,2586,2522
24,codicioso,h6_w1.0,True,52,17.609,405,702,695
24,a_estrella,h6_w1.0,True,22,47.173,1090,1777,1740
25,codicioso,h1,True,50,49.164,1174,1969,1930
25,a_estrella,h1,True,22,313.147,7760,12748,12327
25,codicioso,h2,True,34,7.528,141,242,241
25,a_estrella,h2,True,22,39.426,877,1425,1408
25,codicioso,h3,True,34,5.153,85,149,149
25,a_estrella,h3,True,22,30.825,541,868,858
25,codicioso,h4,True,34,3.963,61,105,105
25,a_estrella,h4,True,22,21.663,322,519,516
25,codicioso,h5,True,24,1.119,25,46,46
25,a_estrella,h5,True,22,2.737,66,116,116
25,codicioso,h6_w0.3,True,60,21.028,453,770,765
25,a_estrella,h6_w0.3,True,22,130.696,2897,4742,4608
25,codicioso,h6_w0.6,True,60,17.578,382,657,654
25,a_estrella,h6_w0.6,True,22,64.243,1423,2321,2268
25,codicioso,h6_w1.0,True,34,5.592,141,242,241
25,a_estrella,h6_w1.0,True,22,39.023,877,1425,1408
26,codicioso,h1,True,40,12.351,252,431,423
26,a_estrella,h1,True,24,758.757,17800,28934,27642
26,codicioso,h2,True,82,29.296,703,1212,1193
26,a_estrella,h2,True,24,68.336,1750,2836,2786
26,codicioso,h3,True,26,3.078,51,91,91
26,a_estrella,h3,True,24,92.01,1152,1883,1856
26,codicioso,h4,True,26,4.651,48,86,86
26,a_estrella,h4,True,24,86.066,941,1537,1513
26,codicioso,h5,True,24,1.293,29,53,53
26,a_estrella,h5,True,24,9.049,209,357,353
26,codicioso,h6_w0.3,True,72,9.178,206,347,341
26,a_estrella,h6_w0.3,True,24,325.079,6719,11008,10657
26,codicioso,h6_w0.6,True,72,6.9,168,287,285
26,a_estrella,h6_w0.6,True,24,149.813,3190,5182,5042
26,codicioso,h6_w1.0,True,82,30.868,703,1212,1193
26,a_estrella,h6_w1.0,True,24,72.237,1750,2836,2786
27,codicioso,h1,True,56,54.06,1327,2218,2166
27,a_estrella,h1,True,26,2026.134,37808,59786,55828
27,codicioso,h2,True,58,16.76,374,645,638
27,a_estrella,h2,True,26,155.8,3462,5556,5447
27,codicioso,h3,True,46,6.069,101,173,172
27,a_estrella,h3,True,26,119.161,1946,3156,3112
27,codicioso,h4,True,36,6.005,68,118,118
27,a_estrella,h4,True,26,83.36,1167,1899,1882
27,codicioso,h5,True,26,1.528,33,65,65
27,a_estrella,h5,True,26,17.065,366,645,637
27,codicioso,h6_w0.3,True,56,16.41,408,688,679
27,a_estrella,h6_w0.3,True,26,746.291,14824,23903,22911
27,codicioso,h6_w0.6,True,70,17.666,396,681,678
27,a_estrella,h6_w0.6,True,26,312.567,6796,10946,10583
27,codicioso,h6_w1.0,True,58,15.716,374,645,638
27,a_estrella,h6_w1.0,True,26,162.078,3462,5556,5447
28,codicioso,h1,True,41,13.314,382,654,643
28,a_estrella,h1,True,23,598.746,13069,21375,20579
28,codicioso,h2,True,29,3.474,54,95,94
28,a_estrella,h2,True,23,41.009,1011,1613,1584
28,codicioso,h3,True,29,2.541,40,75,75
28,a_estrella,h3,True,23,45.992,599,970,956
28,codicioso,h4,True,35,4.898,73,132,132
28,a_estrella,h4,True,23,41.297,495,808,796
28,codicioso,h5,True,23,1.55,24,45,45
28,a_estrella,h5,True,23,4.038,96,167,166
28,codicioso,h6_w0.3,True,31,2.137,54,92,90
28,a_estrella,h6_w0.3,True,23,298.516,4560,7473,7277
28,codicioso,h6_w0.6,True,47,11.275,100,176,174
28,a_estrella,h6_w0.6,True,23,100.218,1994,3242,3159
28,codicioso,h6_w1.0,True,29,3.708,54,95,94
28,a_estrella,h6_w1.0,True,23,44.055,1011,1613,1584
29,codicioso,h1,True,62,68.593,1818,3019,2935
29,a_estrella,h1,True,24,753.736,17815,28918,27639
29,codicioso,h2,True,30,8.186,183,308,302
29,a_estrella,h2,True,24,68.953,1530,2452,2412
29,codicioso,h3,True,30,6.589,97,167,165
29,a_estrella,h3,True,24,56.237,979,1580,1554
29,codicioso,h4,True,32,6.545,97,167,165
29,a_estrella,h4,True,24,48.313,709,1145,1127
29,codicioso,h5,True,34,2.719,60,110,110
29,a_estrella,h5,True,24,5.971,116,206,203
29,codicioso,h6_w0.3,True,40,5.561,122,216,212
29,a_estrella,h6_w0.3,True,24,295.376,6499,10657,10343
29,codicioso,h6_w0.6,True,40,4.422,98,173,172
29,a_estrella,h6_w0.6,True,24,139.108,2956,4811,4682
29,codicioso,h6_w1.0,True,30,7.183,183,308,302
29,a_estrella,h6_w1.0,True,24,65.18,1530,2452,2412
30,codicioso,h1,True,73,50.142,1269,2122,2066
30,a_estrella,h1,True,25,1457.61,27295,43645,41238
30,codicioso,h2,True,39,15.161,257,436,433
30,a_estrella,h2,True,25,55.55,981,1569,1546
30,codicioso,h3,True,35,5.48,77,130,130
30,a_estrella,h3,True,25,39.119,454,727,719
30,codicioso,h4,True,33,3.732,53,94,94
30,a_estrella,h4,True,25,14.976,240,390,388
30,codicioso,h5,True,29,3.42,55,98,98
30,a_estrella,h5,True,25,8.527,114,198,197
30,codicioso,h6_w0.3,True,43,16.122,233,384,379
30,a_estrella,h6_w0.3,True,25,586.205,8291,13468,13054
30,codicioso,h6_w0.6,True,43,14.247,229,380,375
30,a_estrella,h6_w0.6,True,25,201.812,2893,4640,4523
30,codicioso,h6_w1.0,True,39,19.571,257,436,433
30,a_estrella,h6_w1.0,True,25,57.468,981,1569,1546
31,codicioso,h1,True,43,39.359,756,1286,1267
31,a_estrella,h1,True,27,3557.979,56982,88109,80692
31,codicioso,h2,True,51,32.604,546,941,930
31,a_estrella,h2,True,27,411.287,6561,10372,10099
31,codicioso,h3,True,37,4.848,79,141,141
31,a_estrella,h3,True,27,296.87,3729,5963,5833
31,codicioso,h4,True,41,5.181,77,137,137
31,a_estrella,h4,True,27,281.485,2918,4685,4599
31,codicioso,h5,True,37,3.725,54,97,97
31,a_estrella,h5,True,27,24.412,506,872,865
31,codicioso,h6_w0.3,True,55,11.303,263,454,444
31,a_estrella,h6_w0.3,True,27,1607.447,24830,39476,37383
31,codicioso,h6_w0.6,True,51,19.594,414,706,700
31,a_estrella,h6_w0.6,True,27,910.224,12216,19446,18608
31,codicioso,h6_w1.0,True,51,31.524,546,941,930
31,a_estrella,h6_w1.0,True,27,408.771,6561,10372,10099
32,codicioso,h1,True,42,74.151,1280,2120,2075
32,a_estrella,h1,True,24,1017.115,17975,29186,27822
32,codicioso,h2,True,40,16.886,335,578,572
32,a_estrella,h2,True,24,128.495,2127,3427,3350
32,codicioso,h3,True,44,13.354,138,235,233
32,a_estrella,h3,True,24,91.224,1063,1740,1706
32,codicioso,h4,True,44,15.064,136,232,230
32,a_estrella,h4,True,24,89.54,874,1440,1415
32,codicioso,h5,True,28,2.524,41,75,75
32,a_estrella,h5,True,24,3.7,67,124,124
32,codicioso,h6_w0.3,True,44,26.318,446,754,745
32,a_estrella,h6_w0.3,True,24,482.357,7187,11754,11335
32,codicioso,h6_w0.6,True,44,15.938,320,538,535
32,a_estrella,h6_w0.6,True,24,230.101,3554,5804,5622
32,codicioso,h6_w1.0,True,40,16.046,335,578,572
32,a_estrella,h6_w1.0,True,24,136.58,2127,3427,3350
33,codicioso,h1,True,57,71.612,1270,2127,2085
33,a_estrella,h1,True,25,1892.723,29210,46500,43826
33,codicioso,h2,True,45,25.019,522,897,885
33,a_estrella,h2,True,25,172.461,3575,5701,5572
33,codicioso,h3,True,29,8.871,86,146,146
33,a_estrella,h3,True,25,122.104,1889,3007,2957
33,codicioso,h4,True,29,3.673,57,96,96
33,a_estrella,h4,True,25,105.16,1362,2178,2147
33,codicioso,h5,True,25,1.667,37,67,67
33,a_estrella,h5,True,25,12.501,261,459,456
33,codicioso,h6_w0.3,True,59,21.104,463,780,775
33,a_estrella,h6_w0.3,True,25,746.35,12100,19451,18645
33,codicioso,h6_w0.6,True,61,13.497,292,488,483
33,a_estrella,h6_w0.6,True,25,343.585,6123,9824,9511
33,codicioso,h6_w1.0,True,45,29.034,522,897,885
33,a_estrella,h6_w1.0,True,25,168.87,3575,5701,5572
34,codicioso,h1,True,44,30.552,717,1230,1206
34,a_estrella,h1,True,20,177.808,3661,6066,5901
34,codicioso,h2,True,36,13.545,214,378,376
34,a_estrella,h2,True,20,20.787,392,637,631
34,codicioso,h3,True,20,1.887,31,53,53
34,a_estrella,h3,True,20,16.163,230,380,376
34,codicioso,h4,True,20,2.097,31,56,56
34,a_estrella,h4,True,20,11.428,133,219,218
34,codicioso,h5,True,20,1.61,21,40,40
34,a_estrella,h5,True,20,10.959,137,232,230
34,codicioso,h6_w0.3,True,52,12.626,199,337,334
34,a_estrella,h6_w0.3,True,20,77.459,1274,2101,2059
34,codicioso,h6_w0.6,True,80,23.256,425,718,712
34,a_estrella,h6_w0.6,True,20,37.277,603,987,971
34,codicioso,h6_w1.0,True,36,11.91,214,378,376
34,a_estrella,h6_w1.0,True,20,19.054,392,637,631
35,codicioso,h1,True,69,76.47,1339,2249,2192
35,a_estrella,h1,True,25,1622.509,29400,46979,44342
35,codicioso,h2,True,47,29.826,483,832,820
35,a_estrella,h2,True,25,169.66,2933,4711,4613
35,codicioso,h3,True,35,9.427,119,203,201
35,a_estrella,h3,True,25,129.7,1558,2495,2449
35,codicioso,h4,True,35,12.863,119,203,201
35,a_estrella,h4,True,25,94.431,1213,1943,1913
35,codicioso,h5,True,35,5.014,61,106,106
35,a_estrella,h5,True,25,7.456,115,208,208
35,codicioso,h6_w0.3,True,77,16.914,259,435,430
35,a_estrella,h6_w0.3,True,25,703.57,11661,18923,18236
35,codicioso,h6_w0.6,True,93,21.242,453,769,762
35,a_estrella,h6_w0.6,True,25,409.087,5520,8945,8690
35,codicioso,h6_w1.0,True,47,33.99,483,832,820
35,a_estrella,h6_w1.0,True,25,195.64,2933,4711,4613
36,codicioso,h1,True,60,54.59,961,1619,1579
36,a_estrella,h1,True,16,28.529,487,824,805
36,codicioso,h2,True,20,1.821,46,81,81
36,a_estrella,h2,True,16,1.9,51,88,88
36,codicioso,h3,True,20,1.586,26,47,47
36,a_estrella,h3,True,16,2.379,40,72,72
36,codicioso,h4,True,20,1.735,26,47,47
36,a_estrella,h4,True,16,2.27,35,62,62
36,codicioso,h5,True,16,0.742,17,32,32
36,a_estrella,h5,True,16,0.783,17,32,32
36,codicioso,h6_w0.3,True,20,2.443,55,93,91
36,a_estrella,h6_w0.3,True,16,7.169,179,296,293
36,codicioso,h6_w0.6,True,44,3.851,95,166,164
36,a_estrella,h6_w0.6,True,16,3.47,80,141,141
36,codicioso,h6_w1.0,True,20,2.02,46,81,81
36,a_estrella,h6_w1.0,True,16,2.115,51,88,88
37,codicioso,h1,True,49,24.704,512,855,835
37,a_estrella,h1,True,23,698.759,12023,19589,18869
37,codicioso,h2,True,55,33.289,515,888,878
37,a_estrella,h2,True,23,31.371,521,826,816
37,codicioso,h3,True,33,6.721,67,121,121
37,a_estrella,h3,True,23,27.115,304,485,480
37,codicioso,h4,True,31,3.686,35,61,61
37,a_estrella,h4,True,23,19.717,203,325,324
37,codicioso,h5,True,23,1.653,28,51,51
37,a_estrella,h5,True,23,2.82,38,71,70
37,codicioso,h6_w0.3,True,81,29.888,438,745,740
37,a_estrella,h6_w0.3,True,23,201.415,3555,5808,5652
37,codicioso,h6_w0.6,True,81,26.266,381,655,652
37,a_estrella,h6_w0.6,True,23,91.809,1332,2151,2100
37,codicioso,h6_w1.0,True,55,35.773,515,888,878
37,a_estrella,h6_w1.0,True,23,33.543,521,826,816
38,codicioso,h1,True,75,125.051,2487,4132,4014
38,a_estrella,h1,True,23,670.576,12717,20642,19835
38,codicioso,h2,True,51,20.466,382,658,654
38,a_estrella,h2,True,23,60.925,1019,1668,1644
38,codicioso,h3,True,45,7.946,108,186,185
38,a_estrella,h3,True,23,25.799,435,698,691
38,codicioso,h4,True,33,3.312,52,88,88
38,a_estrella,h4,True,23,22.03,276,458,456
38,codicioso,h5,True,31,3.265,38,70,70
38,a_estrella,h5,True,23,3.396,78,138,138
38,codicioso,h6_w0.3,True,63,22.55,517,876,865
38,a_estrella,h6_w0.3,True,23,274.411,4426,7211,7012
38,codicioso,h6_w0.6,True,63,22.379,366,621,618
38,a_estrella,h6_w0.6,True,23,118.965,1942,3157,3077
38,codicioso,h6_w1.0,True,51,26.49,382,658,654
38,a_estrella,h6_w1.0,True,23,67.688,1019,1668,1644
39,codicioso,h1,True,72,69.346,1298,2168,2124
39,a_estrella,h1,True,26,2684.179,45811,71451,65930
39,codicioso,h2,True,44,13.808,257,432,429
39,a_estrella,h2,True,26,493.431,7603,12079,11686
39,codicioso,h3,True,40,7.486,108,191,191
39,a_estrella,h3,True,26,311.424,4164,6634,6490
39,codicioso,h4,True,40,8.124,108,191,191
39,a_estrella,h4,True,26,356.575,3169,5077,4978
39,codicioso,h5,True,26,1.463,32,60,60
39,a_estrella,h5,True,26,30.959,504,888,880
39,codicioso,h6_w0.3,True,62,28.15,526,889,881
39,a_estrella,h6_w0.3,True,26,1430.234,21441,34064,32215
39,codicioso,h6_w0.6,True,56,17.822,308,520,515
39,a_estrella,h6_w0.6,True,26,762.222,11926,18979,18146
39,codicioso,h6_w1.0,True,44,17.514,257,432,429
39,a_estrella,h6_w1.0,True,26,520.015,7603,12079,11686
40,codicioso,h1,True,44,9.205,272,463,454
40,a_estrella,h1,True,24,1352.249,22708,36517,34583
40,codicioso,h2,True,32,6.803,99,172,172
40,a_estrella,h2,True,24,257.922,3696,5920,5757
40,codicioso,h3,True,26,4.695,58,105,105
40,a_estrella,h3,True,24,152.844,2218,3587,3513
40,codicioso,h4,True,26,4.04,58,105,105
40,a_estrella,h4,True,24,159.577,1733,2793,2736
40,codicioso,h5,True,24,2.537,31,60,60
40,a_estrella,h5,True,24,27.939,443,776,766
40,codicioso,h6_w0.3,True,32,8.108,114,202,198
40,a_estrella,h6_w0.3,True,24,527.221,10164,16399,15738
40,codicioso,h6_w0.6,True,32,7.758,87,154,153
40,a_estrella,h6_w0.6,True,24,312.733,5540,8968,8662
40,codicioso,h6_w1.0,True,32,4.004,99,172,172
40,a_estrella,h6_w1.0,True,24,173.222,3696,5920,5757
41,codicioso,h1,True,54,54.415,1003,1668,1631
41,a_estrella,h1,True,18,97.908,1654,2754,2688
41,codicioso,h2,True,54,24.602,349,606,602
41,a_estrella,h2,True,18,9.0,238,390,386
41,codicioso,h3,True,24,6.281,85,148,146
41,a_estrella,h3,True,18,8.36,148,243,243
41,codicioso,h4,True,24,6.182,83,145,143
41,a_estrella,h4,True,18,8.915,118,194,194
41,codicioso,h5,True,18,0.965,22,40,40
41,a_estrella,h5,True,18,2.019,30,56,56
41,codicioso,h6_w0.3,True,54,20.032,382,646,637
41,a_estrella,h6_w0.3,True,18,32.616,655,1098,1080
41,codicioso,h6_w0.6,True,54,13.308,265,453,448
41,a_estrella,h6_w0.6,True,18,15.475,357,590,579
41,codicioso,h6_w1.0,True,54,17.438,349,606,602
41,a_estrella,h6_w1.0,True,18,9.53,238,390,386
42,codicioso,h1,True,64,27.916,717,1209,1189
42,a_estrella,h1,True,28,4477.203,81171,123004,110427
42,codicioso,h2,True,54,11.686,251,424,421
42,a_estrella,h2,True,28,404.246,7985,12583,12283
42,codicioso,h3,True,32,3.015,49,87,87
42,a_estrella,h3,True,28,259.787,4191,6713,6593
42,codicioso,h4,True,44,5.337,70,128,128
42,a_estrella,h4,True,28,161.112,2514,4072,4020
42,codicioso,h5,True,30,1.443,33,60,60
42,a_estrella,h5,True,28,14.732,310,556,550
42,codicioso,h6_w0.3,True,60,17.671,431,731,726
42,a_estrella,h6_w0.3,True,28,1993.647,36850,57951,54450
42,codicioso,h6_w0.6,True,64,14.691,330,556,551
42,a_estrella,h6_w0.6,True,28,941.429,16974,26847,25691
42,codicioso,h6_w1.0,True,54,15.077,251,424,421
42,a_estrella,h6_w1.0,True,28,466.419,7985,12583,12283
43,codicioso,h1,True,54,37.511,754,1256,1218
43,a_estrella,h1,True,24,1005.921,18096,29331,27967
43,codicioso,h2,True,54,20.304,370,638,632
43,a_estrella,h2,True,24,117.991,1890,3055,2990
43,codicioso,h3,True,38,9.149,102,179,179
43,a_estrella,h3,True,24,91.773,1140,1857,1828
43,codicioso,h4,True,42,6.211,61,108,108
43,a_estrella,h4,True,24,71.144,801,1321,1306
43,codicioso,h5,True,30,3.594,54,98,98
43,a_estrella,h5,True,24,11.709,184,334,332
43,codicioso,h6_w0.3,True,60,17.897,328,556,544
43,a_estrella,h6_w0.3,True,24,463.087,7075,11570,11178
43,codicioso,h6_w0.6,True,58,16.309,275,475,467
43,a_estrella,h6_w0.6,True,24,216.049,3403,5529,5371
43,codicioso,h6_w1.0,True,54,23.876,370,638,632
43,a_estrella,h6_w1.0,True,24,120.826,1890,3055,2990
44,codicioso,h1,True,45,44.493,814,1372,1340
44,a_estrella,h1,True,21,346.574,5993,9893,9574
44,codicioso,h2,True,51,20.72,382,667,660
44,a_estrella,h2,True,21,53.764,943,1556,1535
44,codicioso,h3,True,35,6.697,73,130,130
44,a_estrella,h3,True,21,39.761,513,863,853
44,codicioso,h4,True,35,7.981,74,131,131
44,a_estrella,h4,True,21,42.863,411,692,687
44,codicioso,h5,True,29,3.026,44,82,82
44,a_estrella,h5,True,21,6.041,97,178,178
44,codicioso,h6_w0.3,True,77,15.076,240,406,400
44,a_estrella,h6_w0.3,True,21,178.228,2531,4197,4092
44,codicioso,h6_w0.6,True,43,7.64,128,221,219
44,a_estrella,h6_w0.6,True,21,96.708,1421,2353,2304
44,codicioso,h6_w1.0,True,51,26.114,382,667,660
44,a_estrella,h6_w1.0,True,21,57.745,943,1556,1535
45,codicioso,h1,True,24,7.379,204,347,338
45,a_estrella,h1,True,18,85.291,1488,2513,2453
45,codicioso,h2,True,20,14.818,269,466,464
45,a_estrella,h2,True,18,18.31,329,555,548
45,codicioso,h3,True,24,4.975,43,79,79
45,a_estrella,h3,True,18,22.231,234,394,388
45,codicioso,h4,True,24,4.659,43,79,79
45,a_estrella,h4,True,18,19.353,211,353,348
45,codicioso,h5,True,30,5.016,74,126,125
45,a_estrella,h5,True,18,5.595,84,141,140
45,codicioso,h6_w0.3,True,24,15.572,213,357,352
45,a_estrella,h6_w0.3,True,18,46.066,706,1179,1155
45,codicioso,h6_w0.6,True,24,11.718,209,353,348
45,a_estrella,h6_w0.6,True,18,27.519,419,705,692
45,codicioso,h6_w1.0,True,20,15.538,269,466,464
45,a_estrella,h6_w1.0,True,18,20.07,329,555,548
46,codicioso,h1,True,55,10.733,314,529,520
46,a_estrella,h1,True,25,1437.977,27775,44658,42284
46,codicioso,h2,True,47,5.304,141,236,234
46,a_estrella,h2,True,25,31.111,749,1175,1158
46,codicioso,h3,True,33,4.698,64,117,117
46,a_estrella,h3,True,25,22.07,395,638,632
46,codicioso,h4,True,45,7.388,68,120,120
46,a_estrella,h4,True,25,7.968,138,224,223
46,codicioso,h5,True,37,2.252,50,92,92
46,a_estrella,h5,True,25,1.626,38,71,71
46,codicioso,h6_w0.3,True,67,27.545,599,1026,1014
46,a_estrella,h6_w0.3,True,25,467.143,8410,13789,13418
46,codicioso,h6_w0.6,True,63,23.675,374,636,632
46,a_estrella,h6_w0.6,True,25,145.76,2791,4491,4392
46,codicioso,h6_w1.0,True,47,12.557,141,236,234
46,a_estrella,h6_w1.0,True,25,37.156,749,1175,1158
47,codicioso,h1,True,54,37.846,822,1373,1342
47,a_estrella,h1,True,26,2016.991,38171,60520,56500
47,codicioso,h2,True,52,10.215,251,419,417
47,a_estrella,h2,True,26,153.999,3723,5956,5816
47,codicioso,h3,True,28,6.078,63,110,110
47,a_estrella,h3,True,26,209.326,2202,3603,3537
47,codicioso,h4,True,28,4.157,61,107,107
47,a_estrella,h4,True,26,232.219,1778,2905,2855
47,codicioso,h5,True,44,6.683,91,156,155
47,a_estrella,h5,True,26,18.121,238,426,426
47,codicioso,h6_w0.3,True,78,27.992,421,708,701
47,a_estrella,h6_w0.3,True,26,901.316,14915,24082,23061
47,codicioso,h6_w0.6,True,78,22.142,416,706,700
47,a_estrella,h6_w0.6,True,26,412.653,6984,11253,10858
47,codicioso,h6_w1.0,True,52,15.466,251,419,417
47,a_estrella,h6_w1.0,True,26,222.03,3723,5956,5816
48,codicioso,h1,True,39,30.859,668,1129,1109
48,a_estrella,h1,True,23,667.873,13857,22572,21631
48,codicioso,h2,True,43,11.131,195,341,340
48,a_estrella,h2,True,23,110.359,2022,3285,3231
48,codicioso,h3,True,31,4.898,75,133,133
48,a_estrella,h3,True,23,61.59,1052,1729,1706
48,codicioso,h4,True,31,5.849,69,123,123
48,a_estrella,h4,True,23,73.747,825,1354,1339
48,codicioso,h5,True,23,1.177,26,49,49
48,a_estrella,h5,True,23,11.621,171,304,303
48,codicioso,h6_w0.3,True,59,17.236,373,629,624
48,a_estrella,h6_w0.3,True,23,316.126,5814,9565,9274
48,codicioso,h6_w0.6,True,59,20.954,315,540,537
48,a_estrella,h6_w0.6,True,23,174.486,3107,5082,4941
48,codicioso,h6_w1.0,True,43,12.795,195,341,340
48,a_estrella,h6_w1.0,True,23,117.218,2022,3285,3231
49,codicioso,h1,True,79,106.175,1818,3029,2944
49,a_estrella,h1,True,21,299.6,5396,8886,8636
49,codicioso,h2,True,23,2.204,35,63,63
49,a_estrella,h2,True,21,21.208,317,515,510
49,codicioso,h3,True,23,3.468,34,62,62
49,a_estrella,h3,True,21,21.014,232,375,372
49,codicioso,h4,True,23,3.766,34,62,62
49,a_estrella,h4,True,21,12.244,169,273,271
49,codicioso,h5,True,21,1.129,25,47,47
49,a_estrella,h5,True,21,1.302,30,58,58
49,codicioso,h6_w0.3,True,67,23.791,423,710,703
49,a_estrella,h6_w0.3,True,21,89.038,1751,2854,2785
49,codicioso,h6_w0.6,True,67,20.393,411,691,684
49,a_estrella,h6_w0.6,True,21,32.579,721,1169,1146
49,codicioso,h6_w1.0,True,23,1.454,35,63,63
49,a_estrella,h6_w1.0,True,21,16.774,317,515,510
50,codicioso,h1,True,65,61.972,1348,2243,2189
50,a_estrella,h1,True,23,684.332,12670,20605,19773
50,codicioso,h2,True,31,9.595,153,260,258
50,a_estrella,h2,True,23,44.791,948,1536,1514
50,codicioso,h3,True,25,3.652,36,64,64
50,a_estrella,h3,True,23,56.131,576,939,928
50,codicioso,h4,True,27,5.617,54,92,92
50,a_estrella,h4,True,23,29.769,292,486,482
50,codicioso,h5,True,23,1.915,26,50,50
50,a_estrella,h5,True,23,9.711,148,262,259
50,codicioso,h6_w0.3,True,59,30.94,442,742,734
50,a_estrella,h6_w0.3,True,23,257.882,4293,7030,6836
50,codicioso,h6_w0.6,True,59,20.72,304,512,507
50,a_estrella,h6_w0.6,True,23,115.337,1851,3014,2944
50,codicioso,h6_w1.0,True,31,10.433,153,260,258
50,a_estrella,h6_w1.0,True,23,55.196,948,1536,1514
51,codicioso,h1,True,62,61.078,1374,2316,2260
51,a_estrella,h1,True,24,794.875,17437,28257,27031
51,codicioso,h2,True,44,5.451,115,201,200
51,a_estrella,h2,True,24,70.525,1209,1941,1916
51,codicioso,h3,True,52,11.148,145,252,251
51,a_estrella,h3,True,24,61.925,720,1186,1174
51,codicioso,h4,True,42,8.175,76,135,135
51,a_estrella,h4,True,24,48.084,621,1029,1019
51,codicioso,h5,True,28,2.165,36,68,68
51,a_estrella,h5,True,24,6.132,143,248,247
51,codicioso,h6_w0.3,True,68,19.255,408,692,676
51,a_estrella,h6_w0.3,True,24,392.324,6002,9799,9515
51,codicioso,h6_w0.6,True,66,21.836,312,543,535
51,a_estrella,h6_w0.6,True,24,132.463,2498,4069,3961
51,codicioso,h6_w1.0,True,44,4.71,115,201,200
51,a_estrella,h6_w1.0,True,24,52.037,1209,1941,1916
52,codicioso,h1,True,44,24.575,691,1152,1133
52,a_estrella,h1,True,28,3641.607,71881,109725,99103
52,codicioso,h2,True,68,19.189,405,708,702
52,a_estrella,h2,True,28,372.672,8783,13920,13569
52,codicioso,h3,True,32,3.691,59,103,103
52,a_estrella,h3,True,28,313.091,4963,7981,7818
52,codicioso,h4,True,32,3.98,60,104,104
52,a_estrella,h4,True,28,219.08,3007,4856,4777
52,codicioso,h5,True,32,2.307,53,95,95
52,a_estrella,h5,True,28,37.584,829,1410,1396
52,codicioso,h6_w0.3,True,64,9.232,225,373,369
52,a_estrella,h6_w0.3,True,28,1989.159,33074,52172,49015
52,codicioso,h6_w0.6,True,90,17.344,407,696,690
52,a_estrella,h6_w0.6,True,28,847.827,16636,26340,25111
52,codicioso,h6_w1.0,True,68,18.16,405,708,702
52,a_estrella,h6_w1.0,True,28,532.505,8783,13920,13569
53,codicioso,h1,True,47,34.486,834,1387,1351
53,a_estrella,h1,True,23,519.073,12923,21074,20242
53,codicioso,h2,True,59,23.961,545,934,922
53,a_estrella,h2,True,23,40.298,1048,1671,1638
53,codicioso,h3,True,37,6.442,108,186,186
53,a_estrella,h3,True,23,41.692,706,1142,1121
53,codicioso,h4,True,39,4.96,77,134,134
53,a_estrella,h4,True,23,35.57,558,896,881
53,codicioso,h5,True,43,3.726,89,154,153
53,a_estrella,h5,True,23,5.138,77,136,134
53,codicioso,h6_w0.3,True,47,23.688,363,614,606
53,a_estrella,h6_w0.3,True,23,201.227,4494,7354,7133
53,codicioso,h6_w0.6,True,47,11.724,256,437,432
53,a_estrella,h6_w0.6,True,23,107.748,1979,3213,3123
53,codicioso,h6_w1.0,True,59,27.191,545,934,922
53,a_estrella,h6_w1.0,True,23,61.326,1048,1671,1638
54,codicioso,h1,True,54,58.173,1029,1723,1680
54,a_estrella,h1,True,26,1914.99,39099,61616,57381
54,codicioso,h2,True,64,28.798,675,1162,1147
54,a_estrella,h2,True,26,253.233,5399,8643,8436
54,codicioso,h3,True,42,6.873,88,156,156
54,a_estrella,h3,True,26,186.018,2621,4197,4127
54,codicioso,h4,True,42,9.749,88,156,156
54,a_estrella,h4,True,26,159.88,1997,3213,3161
54,codicioso,h5,True,32,2.331,52,93,93
54,a_estrella,h5,True,26,12.904,227,386,381
54,codicioso,h6_w0.3,True,52,15.814,299,510,498
54,a_estrella,h6_w0.3,True,26,892.732,17390,27903,26605
54,codicioso,h6_w0.6,True,50,14.273,261,452,444
54,a_estrella,h6_w0.6,True,26,517.975,9175,14778,14232
54,codicioso,h6_w1.0,True,64,30.118,675,1162,1147
54,a_estrella,h6_w1.0,True,26,268.266,5399,8643,8436
55,codicioso,h1,True,46,23.047,479,804,784
55,a_estrella,h1,True,18,69.96,1307,2168,2114
55,codicioso,h2,True,30,5.592,90,160,159
55,a_estrella,h2,True,18,8.684,187,310,307
55,codicioso,h3,True,30,5.022,80,138,137
55,a_estrella,h3,True,18,7.625,133,222,220
55,codicioso,h4,True,24,3.718,52,90,90
55,a_estrella,h4,True,18,15.065,132,220,218
55,codicioso,h5,True,30,3.751,46,82,82
55,a_estrella,h5,True,18,2.53,30,57,57
55,codicioso,h6_w0.3,True,34,4.202,76,132,131
55,a_estrella,h6_w0.3,True,18,26.009,535,891,875
55,codicioso,h6_w0.6,True,30,5.792,139,243,239
55,a_estrella,h6_w0.6,True,18,12.244,280,460,453
55,codicioso,h6_w1.0,True,30,3.671,90,160,159
55,a_estrella,h6_w1.0,True,18,7.293,187,310,307
56,codicioso,h1,True,69,36.748,938,1588,1554
56,a_estrella,h1,True,25,1227.082,28357,45291,42739
56,codicioso,h2,True,67,25.874,591,1013,1002
56,a_estrella,h2,True,25,86.206,2165,3470,3402
56,codicioso,h3,True,37,4.357,69,124,124
56,a_estrella,h3,True,25,89.691,1170,1858,1828
56,codicioso,h4,True,37,7.552,69,124,124
56,a_estrella,h4,True,25,38.943,619,986,975
56,codicioso,h5,True,45,3.283,76,133,133
56,a_estrella,h5,True,25,4.79,113,206,205
56,codicioso,h6_w0.3,True,57,29.308,509,861,853
56,a_estrella,h6_w0.3,True,25,502.007,10465,16913,16307
56,codicioso,h6_w0.6,True,57,17.087,374,642,637
56,a_estrella,h6_w0.6,True,25,204.727,4624,7485,7282
56,codicioso,h6_w1.0,True,67,28.088,591,1013,1002
56,a_estrella,h6_w1.0,True,25,102.162,2165,3470,3402
57,codicioso,h1,True,51,44.943,1176,1970,1929
57,a_estrella,h1,True,23,620.261,13469,21849,20911
57,codicioso,h2,True,45,16.516,351,603,599
57,a_estrella,h2,True,23,85.75,1658,2698,2641
57,codicioso,h3,True,33,4.728,65,115,115
57,a_estrella,h3,True,23,72.476,1083,1747,1716
57,codicioso,h4,True,41,5.025,76,133,133
57,a_estrella,h4,True,23,58.425,865,1399,1374
57,codicioso,h5,True,43,3.894,93,161,161
57,a_estrella,h5,True,23,12.135,255,440,434
57,codicioso,h6_w0.3,True,45,15.526,382,644,639
57,a_estrella,h6_w0.3,True,23,272.762,5367,8782,8500
57,codicioso,h6_w0.6,True,45,14.116,305,521,518
57,a_estrella,h6_w0.6,True,23,128.895,2707,4411,4286
57,codicioso,h6_w1.0,True,45,15.553,351,603,599
57,a_estrella,h6_w1.0,True,23,79.062,1658,2698,2641
58,codicioso,h1,True,71,49.857,1303,2176,2132
58,a_estrella,h1,True,27,2962.81,57659,88959,81244
58,codicioso,h2,True,39,4.191,108,188,188
58,a_estrella,h2,True,27,396.011,9332,14790,14331
58,codicioso,h3,True,33,4.799,78,137,137
58,a_estrella,h3,True,27,330.327,5218,8323,8103
58,codicioso,h4,True,33,5.088,78,137,137
58,a_estrella,h4,True,27,292.322,4143,6613,6439
58,codicioso,h5,True,35,4.396,79,137,137
58,a_estrella,h5,True,27,61.181,1071,1821,1791
58,codicioso,h6_w0.3,True,39,5.917,119,210,206
58,a_estrella,h6_w0.3,True,27,1523.91,28130,44358,41699
58,codicioso,h6_w0.6,True,39,5.43,98,173,172
58,a_estrella,h6_w0.6,True,27,834.571,15426,24544,23441
58,codicioso,h6_w1.0,True,39,4.856,108,188,188
58,a_estrella,h6_w1.0,True,27,524.86,9332,14790,14331
59,codicioso,h1,True,49,18.67,441,740,724
59,a_estrella,h1,True,19,81.193,2088,3471,3396
59,codicioso,h2,True,55,20.656,537,925,913
59,a_estrella,h2,True,19,7.596,211,347,344
59,codicioso,h3,True,33,2.821,47,82,82
59,a_estrella,h3,True,19,6.429,102,162,161
59,codicioso,h4,True,27,3.483,48,85,85
59,a_estrella,h4,True,19,3.5,57,95,95
59,codicioso,h5,True,27,1.582,37,67,67
59,a_estrella,h5,True,19,1.559,38,68,68
59,codicioso,h6_w0.3,True,55,15.336,332,562,557
59,a_estrella,h6_w0.3,True,19,37.269,750,1223,1198
59,codicioso,h6_w0.6,True,53,16.299,389,669,664
59,a_estrella,h6_w0.6,True,19,14.403,357,583,572
59,codicioso,h6_w1.0,True,55,23.513,537,925,913
59,a_estrella,h6_w1.0,True,19,10.171,211,347,344
60,codicioso,h1,True,53,57.074,1453,2427,2373
60,a_estrella,h1,True,21,220.728,5582,9182,8914
60,codicioso,h2,True,39,20.112,313,540,536
60,a_estrella,h2,True,21,23.75,588,955,947
60,codicioso,h3,True,29,10.935,84,145,145
60,a_estrella,h3,True,21,30.321,423,684,676
60,codicioso,h4,True,23,1.944,30,52,52
60,a_estrella,h4,True,21,15.202,249,406,403
60,codicioso,h5,True,23,1.225,28,51,51
60,a_estrella,h5,True,21,3.056,73,130,130
60,codicioso,h6_w0.3,True,39,22.767,376,634,629
60,a_estrella,h6_w0.3,True,21,89.617,2025,3332,3248
60,codicioso,h6_w0.6,True,39,13.964,271,465,462
60,a_estrella,h6_w0.6,True,21,48.546,988,1606,1567
60,codicioso,h6_w1.0,True,39,15.428,313,540,536
60,a_estrella,h6_w1.0,True,21,31.084,588,955,947
61,codicioso,h1,True,57,61.582,1606,2706,2646
61,a_estrella,h1,True,21,276.805,5900,9733,9452
61,codicioso,h2,True,63,59.154,636,1097,1078
61,a_estrella,h2,True,21,34.967,784,1273,1253
61,codicioso,h3,True,33,5.607,92,159,159
61,a_estrella,h3,True,21,22.842,357,573,567
61,codicioso,h4,True,31,4.296,60,108,108
61,a_estrella,h4,True,21,20.925,309,500,495
61,codicioso,h5,True,33,2.241,46,86,86
61,a_estrella,h5,True,21,4.505,80,141,140
61,codicioso,h6_w0.3,True,57,29.34,632,1079,1065
61,a_estrella,h6_w0.3,True,21,114.241,2428,4003,3912
61,codicioso,h6_w0.6,True,69,16.929,385,659,654
61,a_estrella,h6_w0.6,True,21,61.345,1194,1969,1923
61,codicioso,h6_w1.0,True,63,30.358,636,1097,1078
61,a_estrella,h6_w1.0,True,21,33.267,784,1273,1253
62,codicioso,h1,True,41,33.822,793,1328,1301
62,a_estrella,h1,True,19,103.892,2320,3930,3830
62,codicioso,h2,True,33,5.044,116,197,196
62,a_estrella,h2,True,19,15.165,330,548,537
62,codicioso,h3,True,33,4.409,55,97,97
62,a_estrella,h3,True,19,14.091,211,354,347
62,codicioso,h4,True,33,4.811,55,97,97
62,a_estrella,h4,True,19,13.628,198,333,326
62,codicioso,h5,True,31,2.863,60,103,103
62,a_estrella,h5,True,19,2.159,52,91,91
62,codicioso,h6_w0.3,True,33,3.294,63,112,111
62,a_estrella,h6_w0.3,True,19,44.896,932,1546,1504
62,codicioso,h6_w0.6,True,33,3.658,65,116,115
62,a_estrella,h6_w0.6,True,19,22.631,498,830,812
62,codicioso,h6_w1.0,True,33,6.795,116,197,196
62,a_estrella,h6_w1.0,True,19,14.907,330,548,537
63,codicioso,h1,True,58,35.955,848,1416,1383
63,a_estrella,h1,True,20,116.578,2815,4670,4565
63,codicioso,h2,True,24,2.758,72,124,124
63,a_estrella,h2,True,20,4.485,123,196,195
63,codicioso,h3,True,24,2.238,34,61,61
63,a_estrella,h3,True,20,7.705,101,162,161
63,codicioso,h4,True,36,6.407,84,142,141
63,a_estrella,h4,True,20,4.642,71,114,113
63,codicioso,h5,True,20,1.746,21,40,40
63,a_estrella,h5,True,20,1.521,27,51,50
63,codicioso,h6_w0.3,True,62,20.748,428,723,718
63,a_estrella,h6_w0.3,True,20,38.69,853,1406,1380
63,codicioso,h6_w0.6,True,62,15.454,333,570,567
63,a_estrella,h6_w0.6,True,20,13.723,294,488,482
63,codicioso,h6_w1.0,True,24,3.136,72,124,124
63,a_estrella,h6_w1.0,True,20,5.23,123,196,195
64,codicioso,h1,True,20,2.31,58,100,98
64,a_estrella,h1,True,10,1.58,47,82,82
64,codicioso,h2,True,24,2.968,72,123,122
64,a_estrella,h2,True,10,0.878,24,41,41
64,codicioso,h3,True,10,0.9,11,21,21
64,a_estrella,h3,True,10,1.044,13,24,24
64,codicioso,h4,True,10,0.794,11,21,21
64,a_estrella,h4,True,10,0.872,13,24,24
64,codicioso,h5,True,10,0.548,11,21,21
64,a_estrella,h5,True,10,0.489,11,21,21
64,codicioso,h6_w0.3,True,20,2.239,50,88,87
64,a_estrella,h6_w0.3,True,10,1.694,30,53,53
64,codicioso,h6_w0.6,True,20,2.62,52,92,91
64,a_estrella,h6_w0.6,True,10,1.151,24,41,41
64,codicioso,h6_w1.0,True,24,2.905,72,123,122
64,a_estrella,h6_w1.0,True,10,0.933,24,41,41
65,codicioso,h1,True,68,80.421,1898,3155,3067
65,a_estrella,h1,True,18,49.808,1254,2123,2079
65,codicioso,h2,True,28,5.27,145,247,245
65,a_estrella,h2,True,18,4.283,122,202,200
65,codicioso,h3,True,20,2.586,29,52,52
65,a_estrella,h3,True,18,5.13,90,152,152
65,codicioso,h4,True,36,8.31,119,204,202
65,a_estrella,h4,True,18,4.806,59,97,97
65,codicioso,h5,True,18,1.448,20,37,37
65,a_estrella,h5,True,18,0.835,20,37,37
65,codicioso,h6_w0.3,True,28,3.166,78,137,136
65,a_estrella,h6_w0.3,True,18,26.446,481,797,780
65,codicioso,h6_w0.6,True,28,2.695,65,112,111
65,a_estrella,h6_w0.6,True,18,8.524,214,350,344
65,codicioso,h6_w1.0,True,28,6.811,145,247,245
65,a_estrella,h6_w1.0,True,18,7.734,122,202,200
66,codicioso,h1,True,60,29.799,729,1219,1190
66,a_estrella,h1,True,22,367.319,8994,14761,14270
66,codicioso,h2,True,22,1.645,39,71,71
66,a_estrella,h2,True,22,16.613,403,649,644
66,codicioso,h3,True,22,1.913,31,57,57
66,a_estrella,h3,True,22,15.93,288,471,468
66,codicioso,h4,True,26,2.661,38,69,69
66,a_estrella,h4,True,22,9.404,158,255,253
66,codicioso,h5,True,22,1.075,24,46,46
66,a_estrella,h5,True,22,1.007,24,46,46
66,codicioso,h6_w0.3,True,62,19.504,440,743,738
66,a_estrella,h6_w0.3,True,22,126.065,2826,4654,4534
66,codicioso,h6_w0.6,True,62,15.524,344,589,586
66,a_estrella,h6_w0.6,True,22,46.3,1093,1787,1749
66,codicioso,h6_w1.0,True,22,1.594,39,71,71
66,a_estrella,h6_w1.0,True,22,15.674,403,649,644
67,codicioso,h1,True,44,28.762,812,1372,1339
67,a_estrella,h1,True,22,412.585,9565,15699,15143
67,codicioso,h2,True,58,16.563,383,659,655
67,a_estrella,h2,True,22,38.799,863,1426,1412
67,codicioso,h3,True,44,9.37,134,226,225
67,a_estrella,h3,True,22,33.952,489,810,805
67,codicioso,h4,True,40,5.783,59,108,108
67,a_estrella,h4,True,22,26.631,358,592,589
67,codicioso,h5,True,22,1.153,25,48,48
67,a_estrella,h5,True,22,3.047,72,128,128
67,codicioso,h6_w0.3,True,74,10.494,256,429,423
67,a_estrella,h6_w0.3,True,22,173.139,3477,5767,5626
67,codicioso,h6_w0.6,True,90,20.122,446,759,752
67,a_estrella,h6_w0.6,True,22,73.466,1621,2628,2572
67,codicioso,h6_w1.0,True,58,17.022,383,659,655
67,a_estrella,h6_w1.0,True,22,37.932,863,1426,1412
68,codicioso,h1,True,68,20.973,578,987,966
68,a_estrella,h1,True,24,775.66,18227,29666,28307
68,codicioso,h2,True,46,9.442,246,434,432
68,a_estrella,h2,True,24,71.35,1821,2942,2882
68,codicioso,h3,True,38,5.928,97,173,172
68,a_estrella,h3,True,24,55.074,935,1519,1489
68,codicioso,h4,True,38,6.37,96,171,170
68,a_estrella,h4,True,24,51.359,732,1199,1179
68,codicioso,h5,True,34,2.627,38,70,70
68,a_estrella,h5,True,24,3.999,90,172,172
68,codicioso,h6_w0.3,True,42,21.35,417,708,699
68,a_estrella,h6_w0.3,True,24,319.739,6870,11241,10892
68,codicioso,h6_w0.6,True,42,14.079,308,521,518
68,a_estrella,h6_w0.6,True,24,151.779,3250,5296,5156
68,codicioso,h6_w1.0,True,46,11.455,246,434,432
68,a_estrella,h6_w1.0,True,24,77.927,1821,2942,2882
69,codicioso,h1,True,61,35.302,888,1468,1433
69,a_estrella,h1,True,25,1154.845,27983,44731,42249
69,codicioso,h2,True,55,8.535,217,375,374
69,a_estrella,h2,True,25,83.06,2179,3502,3444
69,codicioso,h3,True,35,2.773,47,80,80
69,a_estrella,h3,True,25,67.21,1130,1822,1793
69,codicioso,h4,True,35,3.006,47,80,80
69,a_estrella,h4,True,25,105.391,1612,2653,2602
69,codicioso,h5,True,35,2.482,59,102,102
69,a_estrella,h5,True,25,7.447,160,279,279
69,codicioso,h6_w0.3,True,51,8.011,203,345,341
69,a_estrella,h6_w0.3,True,25,442.843,9661,15659,15134
69,codicioso,h6_w0.6,True,75,17.305,411,698,692
69,a_estrella,h6_w0.6,True,25,198.617,4106,6618,6425
69,codicioso,h6_w1.0,True,55,9.489,217,375,374
69,a_estrella,h6_w1.0,True,25,90.146,2179,3502,3444
70,codicioso,h1,True,55,10.041,293,497,489
70,a_estrella,h1,True,25,1235.182,29766,47444,44624
70,codicioso,h2,True,51,23.812,542,937,924
70,a_estrella,h2,True,25,169.5,4325,6915,6732
70,codicioso,h3,True,31,4.65,74,129,129
70,a_estrella,h3,True,25,238.6,2330,3751,3684
70,codicioso,h4,True,31,6.089,74,130,130
70,a_estrella,h4,True,25,128.882,1957,3173,3121
70,codicioso,h5,True,35,4.051,97,165,164
70,a_estrella,h5,True,25,11.113,259,445,441
70,codicioso,h6_w0.3,True,45,6.152,154,265,263
70,a_estrella,h6_w0.3,True,25,755.292,12980,20969,20074
70,codicioso,h6_w0.6,True,71,27.096,400,682,677
70,a_estrella,h6_w0.6,True,25,349.364,6778,10951,10585
70,codicioso,h6_w1.0,True,51,25.61,542,937,924
70,a_estrella,h6_w1.0,True,25,199.092,4325,6915,6732
71,codicioso,h1,True,37,8.563,238,407,398
71,a_estrella,h1,True,15,11.781,339,564,555
71,codicioso,h2,True,39,15.343,318,550,543
71,a_estrella,h2,True,15,2.576,72,121,120
71,codicioso,h3,True,21,1.724,29,50,50
71,a_estrella,h3,True,15,1.573,29,47,47
71,codicioso,h4,True,21,2.788,26,45,45
71,a_estrella,h4,True,15,1.332,20,34,34
71,codicioso,h5,True,15,0.843,17,30,30
71,a_estrella,h5,True,15,0.86,17,30,30
71,codicioso,h6_w0.3,True,39,16.735,361,612,604
71,a_estrella,h6_w0.3,True,15,5.926,152,253,251
71,codicioso,h6_w0.6,True,39,11.293,240,408,403
71,a_estrella,h6_w0.6,True,15,3.61,90,154,154
71,codicioso,h6_w1.0,True,39,15.019,318,550,543
71,a_estrella,h6_w1.0,True,15,2.778,72,121,120
72,codicioso,h1,True,54,48.946,1209,2027,1987
72,a_estrella,h1,True,16,20.111,564,936,920
72,codicioso,h2,True,52,14.746,360,629,622
72,a_estrella,h2,True,16,2.683,76,126,125
72,codicioso,h3,True,16,3.717,31,54,54
72,a_estrella,h3,True,16,2.742,41,68,68
72,codicioso,h4,True,16,2.022,31,54,54
72,a_estrella,h4,True,16,2.124,35,60,60
72,codicioso,h5,True,16,0.77,17,34,34
72,a_estrella,h5,True,16,0.728,17,34,34
72,codicioso,h6_w0.3,True,68,25.076,522,879,868
72,a_estrella,h6_w0.3,True,16,10.708,227,376,372
72,codicioso,h6_w0.6,True,68,16.268,378,637,634
72,a_estrella,h6_w0.6,True,16,5.725,115,188,187
72,codicioso,h6_w1.0,True,52,15.693,360,629,622
72,a_estrella,h6_w1.0,True,16,3.651,76,126,125
73,codicioso,h1,True,54,29.347,797,1337,1303
73,a_estrella,h1,True,22,370.076,7686,12701,12309
73,codicioso,h2,True,46,23.485,364,633,627
73,a_estrella,h2,True,22,30.642,690,1120,1104
73,codicioso,h3,True,42,6.462,99,169,168
73,a_estrella,h3,True,22,32.374,395,642,635
73,codicioso,h4,True,36,6.325,70,120,120
73,a_estrella,h4,True,22,25.781,344,568,562
73,codicioso,h5,True,34,2.197,47,85,85
73,a_estrella,h5,True,22,3.572,50,87,87
73,codicioso,h6_w0.3,True,54,22.246,499,839,828
73,a_estrella,h6_w0.3,True,22,167.706,2767,4559,4449
73,codicioso,h6_w0.6,True,68,20.386,362,618,612
73,a_estrella,h6_w0.6,True,22,72.761,1317,2161,2111
73,codicioso,h6_w1.0,True,46,23.252,364,633,627
73,a_estrella,h6_w1.0,True,22,33.429,690,1120,1104
74,codicioso,h1,True,48,9.532,229,392,388
74,a_estrella,h1,True,24,1033.657,21504,34651,32967
74,codicioso,h2,True,36,5.201,107,186,186
74,a_estrella,h2,True,24,75.012,1763,2844,2793
74,codicioso,h3,True,34,5.73,78,141,141
74,a_estrella,h3,True,24,69.22,1068,1733,1702
74,codicioso,h4,True,34,6.236,79,142,142
74,a_estrella,h4,True,24,62.186,777,1263,1238
74,codicioso,h5,True,26,1.555,33,63,63
74,a_estrella,h5,True,24,9.971,153,266,265
74,codicioso,h6_w0.3,True,80,10.684,221,374,368
74,a_estrella,h6_w0.3,True,24,472.004,7974,12997,12569
74,codicioso,h6_w0.6,True,36,4.091,95,168,167
74,a_estrella,h6_w0.6,True,24,182.838,3615,5865,5699
74,codicioso,h6_w1.0,True,36,7.925,107,186,186
74,a_estrella,h6_w1.0,True,24,76.607,1763,2844,2793
75,codicioso,h1,True,47,18.639,477,822,802
75,a_estrella,h1,True,19,89.233,2361,3964,3865
75,codicioso,h2,True,31,4.364,117,202,201
75,a_estrella,h2,True,19,12.866,348,574,565
75,codicioso,h3,True,31,3.512,57,103,103
75,a_estrella,h3,True,19,13.17,224,385,381
75,codicioso,h4,True,31,3.844,57,103,103
75,a_estrella,h4,True,19,14.3,220,379,375
75,codicioso,h5,True,21,1.02,23,42,42
75,a_estrella,h5,True,19,2.319,54,99,99
75,codicioso,h6_w0.3,True,31,6.706,165,278,274
75,a_estrella,h6_w0.3,True,19,41.051,976,1641,1609
75,codicioso,h6_w0.6,True,31,5.651,142,241,239
75,a_estrella,h6_w0.6,True,19,22.11,504,832,817
75,codicioso,h6_w1.0,True,31,4.74,117,202,201
75,a_estrella,h6_w1.0,True,19,14.28,348,574,565
76,codicioso,h1,True,53,43.1,1125,1889,1849
76,a_estrella,h1,True,27,2823.14,57850,89675,82252
76,codicioso,h2,True,53,13.933,362,622,616
76,a_estrella,h2,True,27,347.464,7174,11402,11093
76,codicioso,h3,True,33,6.43,59,105,105
76,a_estrella,h3,True,27,258.129,4004,6439,6285
76,codicioso,h4,True,33,3.962,59,105,105
76,a_estrella,h4,True,27,229.488,3275,5279,5159
76,codicioso,h5,True,37,3.77,87,151,150
76,a_estrella,h5,True,27,41.039,665,1129,1112
76,codicioso,h6_w0.3,True,59,23.736,458,776,767
76,a_estrella,h6_w0.3,True,27,1727.37,25954,41298,39073
76,codicioso,h6_w0.6,True,59,16.126,347,587,584
76,a_estrella,h6_w0.6,True,27,721.509,13058,20850,19990
76,codicioso,h6_w1.0,True,53,16.761,362,622,616
76,a_estrella,h6_w1.0,True,27,502.204,7174,11402,11093
77,codicioso,h1,True,54,40.584,724,1213,1184
77,a_estrella,h1,True,22,344.421,7295,12054,11666
77,codicioso,h2,True,44,5.135,123,215,214
77,a_estrella,h2,True,22,22.462,501,797,785
77,codicioso,h3,True,44,6.224,102,175,174
77,a_estrella,h3,True,22,24.926,280,451,448
77,codicioso,h4,True,34,5.165,66,115,115
77,a_estrella,h4,True,22,25.924,265,432,430
77,codicioso,h5,True,22,1.122,25,46,46
77,a_estrella,h5,True,22,1.349,32,58,57
77,codicioso,h6_w0.3,True,66,20.773,364,615,607
77,a_estrella,h6_w0.3,True,22,198.956,2378,3930,3829
77,codicioso,h6_w0.6,True,44,8.754,157,273,269
77,a_estrella,h6_w0.6,True,22,67.617,1023,1666,1629
77,codicioso,h6_w1.0,True,44,9.479,123,215,214
77,a_estrella,h6_w1.0,True,22,29.861,501,797,785
78,codicioso,h1,True,53,53.722,833,1394,1363
78,a_estrella,h1,True,21,354.435,5709,9452,9140
78,codicioso,h2,True,55,7.081,165,279,278
78,a_estrella,h2,True,21,45.428,650,1065,1049
78,codicioso,h3,True,53,15.192,166,285,284
78,a_estrella,h3,True,21,39.547,400,657,646
78,codicioso,h4,True,53,14.826,166,285,284
78,a_estrella,h4,True,21,38.668,382,628,618
78,codicioso,h5,True,39,5.319,86,146,145
78,a_estrella,h5,True,21,4.404,81,143,141
78,codicioso,h6_w0.3,True,55,9.766,146,252,249
78,a_estrella,h6_w0.3,True,21,156.821,2180,3597,3500
78,codicioso,h6_w0.6,True,55,8.197,118,208,207
78,a_estrella,h6_w0.6,True,21,73.388,1059,1751,1706
78,codicioso,h6_w1.0,True,55,10.847,165,279,278
78,a_estrella,h6_w1.0,True,21,40.779,650,1065,1049
79,codicioso,h1,True,55,30.883,703,1185,1144
79,a_estrella,h1,True,19,101.917,2337,3874,3774
79,codicioso,h2,True,45,15.295,360,627,621
79,a_estrella,h2,True,19,11.326,282,459,454
79,codicioso,h3,True,27,5.261,79,139,139
79,a_estrella,h3,True,19,15.88,238,389,386
79,codicioso,h4,True,33,8.907,109,186,184
79,a_estrella,h4,True,19,10.845,157,261,260
79,codicioso,h5,True,21,1.558,26,49,49
79,a_estrella,h5,True,19,1.73,37,68,68
79,codicioso,h6_w0.3,True,63,18.378,408,691,683
79,a_estrella,h6_w0.3,True,19,40.704,898,1488,1458
79,codicioso,h6_w0.6,True,67,16.738,358,612,606
79,a_estrella,h6_w0.6,True,19,23.514,456,744,731
79,codicioso,h6_w1.0,True,45,16.672,360,627,621
79,a_estrella,h6_w1.0,True,19,11.745,282,459,454
80,codicioso,h1,True,68,75.555,1769,2960,2894
80,a_estrella,h1,True,24,1076.655,22378,36006,34205
80,codicioso,h2,True,48,16.161,246,417,414
80,a_estrella,h2,True,24,197.903,2479,4020,3940
80,codicioso,h3,True,34,8.952,50,87,87
80,a_estrella,h3,True,24,121.616,1069,1743,1724
80,codicioso,h4,True,42,7.838,70,124,124
80,a_estrella,h4,True,24,76.189,742,1213,1198
80,codicioso,h5,True,44,6.629,98,170,170
80,a_estrella,h5,True,24,11.726,156,286,285
80,codicioso,h6_w0.3,True,58,27.112,422,718,713
80,a_estrella,h6_w0.3,True,24,664.052,9071,14759,14261
80,codicioso,h6_w0.6,True,58,19.703,317,537,532
80,a_estrella,h6_w0.6,True,24,314.867,4491,7287,7083
80,codicioso,h6_w1.0,True,48,14.864,246,417,414
80,a_estrella,h6_w1.0,True,24,173.779,2479,4020,3940
81,codicioso,h1,True,59,49.585,880,1470,1427
81,a_estrella,h1,True,25,1831.605,28553,45559,42885
81,codicioso,h2,True,45,14.241,238,403,400
81,a_estrella,h2,True,25,189.768,3043,4891,4793
81,codicioso,h3,True,39,8.531,97,165,165
81,a_estrella,h3,True,25,145.355,1527,2456,2419
81,codicioso,h4,True,35,5.939,73,126,126
81,a_estrella,h4,True,25,95.906,1028,1667,1646
81,codicioso,h5,True,45,3.949,68,127,127
81,a_estrella,h5,True,25,8.102,149,259,257
81,codicioso,h6_w0.3,True,65,25.328,549,928,915
81,a_estrella,h6_w0.3,True,25,794.522,11276,18228,17510
81,codicioso,h6_w0.6,True,55,22.154,309,522,517
81,a_estrella,h6_w0.6,True,25,372.197,5378,8675,8387
81,codicioso,h6_w1.0,True,45,15.726,238,403,400
81,a_estrella,h6_w1.0,True,25,209.884,3043,4891,4793
82,codicioso,h1,True,39,12.002,221,374,367
82,a_estrella,h1,True,23,748.277,12430,20331,19582
82,codicioso,h2,True,43,13.275,220,369,367
82,a_estrella,h2,True,23,40.034,676,1093,1079
82,codicioso,h3,True,29,5.103,53,91,91
82,a_estrella,h3,True,23,35.164,369,599,593
82,codicioso,h4,True,33,5.269,51,89,89
82,a_estrella,h4,True,23,18.776,184,301,299
82,codicioso,h5,True,23,1.873,26,49,49
82,a_estrella,h5,True,23,5.617,80,145,145
82,codicioso,h6_w0.3,True,47,6.148,93,161,161
82,a_estrella,h6_w0.3,True,23,266.402,3877,6395,6228
82,codicioso,h6_w0.6,True,41,15.884,225,376,373
82,a_estrella,h6_w0.6,True,23,98.859,1532,2484,2432
82,codicioso,h6_w1.0,True,43,14.812,220,369,367
82,a_estrella,h6_w1.0,True,23,43.062,676,1093,1079
83,codicioso,h1,True,48,52.534,929,1545,1510
83,a_estrella,h1,True,20,187.537,3229,5359,5218
83,codicioso,h2,True,48,21.396,343,595,591
83,a_estrella,h2,True,20,26.123,428,717,705
83,codicioso,h3,True,36,12.197,126,216,214
83,a_estrella,h3,True,20,24.211,268,454,447
83,codicioso,h4,True,36,12.093,117,201,199
83,a_estrella,h4,True,20,23.67,221,379,375
83,codicioso,h5,True,20,1.904,25,49,49
83,a_estrella,h5,True,20,3.862,54,98,95
83,codicioso,h6_w0.3,True,48,24.761,376,635,626
83,a_estrella,h6_w0.3,True,20,85.998,1277,2113,2059
83,codicioso,h6_w0.6,True,48,17.393,259,442,437
83,a_estrella,h6_w0.6,True,20,43.272,652,1083,1061
83,codicioso,h6_w1.0,True,48,23.227,343,595,591
83,a_estrella,h6_w1.0,True,20,27.446,428,717,705
84,codicioso,h1,True,67,96.588,1644,2740,2666
84,a_estrella,h1,True,23,794.025,12747,20703,19917
84,codicioso,h2,True,35,6.609,104,184,183
84,a_estrella,h2,True,23,60.07,965,1559,1541
84,codicioso,h3,True,33,10.437,97,168,168
84,a_estrella,h3,True,23,53.366,582,931,919
84,codicioso,h4,True,31,5.775,52,95,95
84,a_estrella,h4,True,23,33.341,346,556,550
84,codicioso,h5,True,23,2.118,27,52,52
84,a_estrella,h5,True,23,6.785,92,164,163
84,codicioso,h6_w0.3,True,67,25.08,367,621,613
84,a_estrella,h6_w0.3,True,23,297.212,4344,7095,6902
84,codicioso,h6_w0.6,True,45,11.496,161,280,276
84,a_estrella,h6_w0.6,True,23,128.439,1908,3097,3033
84,codicioso,h6_w1.0,True,35,6.848,104,184,183
84,a_estrella,h6_w1.0,True,23,62.309,965,1559,1541
85,codicioso,h1,True,47,62.094,1053,1779,1741
85,a_estrella,h1,True,21,343.709,5830,9574,9282
85,codicioso,h2,True,47,21.181,374,642,638
85,a_estrella,h2,True,21,60.425,910,1481,1458
85,codicioso,h3,True,23,5.106,53,92,91
85,a_estrella,h3,True,21,46.165,490,789,780
85,codicioso,h4,True,23,3.4,53,91,90
85,a_estrella,h4,True,21,18.469,292,473,470
85,codicioso,h5,True,27,1.941,46,81,81
85,a_estrella,h5,True,21,8.612,136,234,231
85,codicioso,h6_w0.3,True,55,19.631,373,630,622
85,a_estrella,h6_w0.3,True,21,146.855,2432,4014,3920
85,codicioso,h6_w0.6,True,47,16.248,236,399,394
85,a_estrella,h6_w0.6,True,21,74.99,1330,2193,2154
85,codicioso,h6_w1.0,True,47,22.727,374,642,638
85,a_estrella,h6_w1.0,True,21,53.399,910,1481,1458
86,codicioso,h1,True,38,25.665,677,1166,1148
86,a_estrella,h1,True,26,2278.874,39327,62036,57814
86,codicioso,h2,True,38,3.884,102,168,167
86,a_estrella,h2,True,26,379.7,6258,9991,9688
86,codicioso,h3,True,32,8.218,75,130,130
86,a_estrella,h3,True,26,275.16,3207,5149,5040
86,codicioso,h4,True,36,5.696,72,124,124
86,a_estrella,h4,True,26,195.982,2283,3681,3603
86,codicioso,h5,True,30,4.46,58,105,105
86,a_estrella,h5,True,26,26.088,413,722,716
86,codicioso,h6_w0.3,True,68,20.928,470,794,788
86,a_estrella,h6_w0.3,True,26,1107.458,17953,28661,27220
86,codicioso,h6_w0.6,True,38,4.828,99,171,170
86,a_estrella,h6_w0.6,True,26,568.375,9816,15769,15157
86,codicioso,h6_w1.0,True,38,6.373,102,168,167
86,a_estrella,h6_w1.0,True,26,321.693,6258,9991,9688
87,codicioso,h1,True,38,8.066,220,372,365
87,a_estrella,h1,True,20,140.731,2767,4638,4520
87,codicioso,h2,True,30,14.031,259,443,441
87,a_estrella,h2,True,20,6.471,114,191,191
87,codicioso,h3,True,34,4.155,55,100,100
87,a_estrella,h3,True,20,4.789,60,108,108
87,codicioso,h4,True,34,5.865,55,100,100
87,a_estrella,h4,True,20,2.776,42,76,76
87,codicioso,h5,True,32,4.482,62,113,113
87,a_estrella,h5,True,20,1.937,34,63,63
87,codicioso,h6_w0.3,True,34,16.274,231,386,381
87,a_estrella,h6_w0.3,True,20,53.802,793,1334,1311
87,codicioso,h6_w0.6,True,34,15.468,227,382,377
87,a_estrella,h6_w0.6,True,20,17.154,298,505,498
87,codicioso,h6_w1.0,True,30,14.596,259,443,441
87,a_estrella,h6_w1.0,True,20,7.124,114,191,191
88,codicioso,h1,True,68,43.5,805,1355,1322
88,a_estrella,h1,True,22,406.512,7779,12877,12501
88,codicioso,h2,True,28,2.88,73,130,129
88,a_estrella,h2,True,22,45.574,836,1360,1340
88,codicioso,h3,True,28,3.486,54,93,92
88,a_estrella,h3,True,22,36.916,452,752,743
88,codicioso,h4,True,36,9.309,81,140,140
88,a_estrella,h4,True,22,34.227,362,609,604
88,codicioso,h5,True,34,1.947,42,80,80
88,a_estrella,h5,True,22,3.607,52,95,95
88,codicioso,h6_w0.3,True,68,32.282,537,912,900
88,a_estrella,h6_w0.3,True,22,190.135,2923,4821,4702
88,codicioso,h6_w0.6,True,28,7.441,109,192,189
88,a_estrella,h6_w0.6,True,22,96.031,1413,2329,2282
88,codicioso,h6_w1.0,True,28,3.104,73,130,129
88,a_estrella,h6_w1.0,True,22,50.765,836,1360,1340
89,codicioso,h1,True,73,67.603,1269,2107,2059
89,a_estrella,h1,True,23,721.758,13383,21921,21080
89,codicioso,h2,True,43,7.548,138,234,232
89,a_estrella,h2,True,23,87.257,1439,2326,2276
89,codicioso,h3,True,25,3.004,43,74,74
89,a_estrella,h3,True,23,62.72,835,1364,1341
89,codicioso,h4,True,25,2.733,42,72,72
89,a_estrella,h4,True,23,64.091,718,1171,1150
89,codicioso,h5,True,25,3.179,47,86,86
89,a_estrella,h5,True,23,12.917,210,362,360
89,codicioso,h6_w0.3,True,59,10.853,192,325,320
89,a_estrella,h6_w0.3,True,23,302.235,5052,8271,8035
89,codicioso,h6_w0.6,True,59,6.816,153,260,258
89,a_estrella,h6_w0.6,True,23,140.386,2479,4053,3952
89,codicioso,h6_w1.0,True,43,9.5,138,234,232
89,a_estrella,h6_w1.0,True,23,83.314,1439,2326,2276
90,codicioso,h1,True,46,28.646,540,922,898
90,a_estrella,h1,True,24,1009.663,17431,28216,26996
90,codicioso,h2,True,66,21.199,401,686,681
90,a_estrella,h2,True,24,61.373,1323,2139,2108
90,codicioso,h3,True,32,3.328,56,98,98
90,a_estrella,h3,True,24,45.689,688,1114,1103
90,codicioso,h4,True,30,5.355,86,143,143
90,a_estrella,h4,True,24,28.047,374,613,609
90,codicioso,h5,True,24,1.109,25,46,46
90,a_estrella,h5,True,24,3.504,80,149,148
90,codicioso,h6_w0.3,True,40,15.22,367,618,606
90,a_estrella,h6_w0.3,True,24,327.647,6038,9858,9566
90,codicioso,h6_w0.6,True,40,13.054,309,525,517
90,a_estrella,h6_w0.6,True,24,147.582,2689,4354,4243
90,codicioso,h6_w1.0,True,66,18.914,401,686,681
90,a_estrella,h6_w1.0,True,24,68.534,1323,2139,2108
91,codicioso,h1,True,56,43.434,996,1679,1646
91,a_estrella,h1,True,22,348.718,7050,11626,11279
91,codicioso,h2,True,54,16.311,353,612,605
91,a_estrella,h2,True,22,16.521,317,503,498
91,codicioso,h3,True,36,6.128,90,156,156
91,a_estrella,h3,True,22,10.615,188,299,297
91,codicioso,h4,True,30,2.465,37,63,63
91,a_estrella,h4,True,22,11.398,184,300,300
91,codicioso,h5,True,22,1.146,26,47,47
91,a_estrella,h5,True,22,1.991,47,84,83
91,codicioso,h6_w0.3,True,54,17.794,419,713,708
91,a_estrella,h6_w0.3,True,22,88.096,2016,3302,3224
91,codicioso,h6_w0.6,True,54,15.431,337,582,579
91,a_estrella,h6_w0.6,True,22,35.095,781,1261,1239
91,codicioso,h6_w1.0,True,54,24.359,353,612,605
91,a_estrella,h6_w1.0,True,22,16.69,317,503,498
92,codicioso,h1,True,67,49.897,1267,2099,2050
92,a_estrella,h1,True,21,257.291,5652,9327,9057
92,codicioso,h2,True,43,19.478,340,587,581
92,a_estrella,h2,True,21,33.283,678,1104,1079
92,codicioso,h3,True,29,4.766,50,92,92
92,a_estrella,h3,True,21,25.7,443,728,719
92,codicioso,h4,True,23,3.39,51,92,92
92,a_estrella,h4,True,21,17.874,257,425,420
92,codicioso,h5,True,21,1.072,22,42,42
92,a_estrella,h5,True,21,3.166,71,134,132
92,codicioso,h6_w0.3,True,81,29.818,674,1138,1122
92,a_estrella,h6_w0.3,True,21,112.614,2157,3534,3445
92,codicioso,h6_w0.6,True,43,13.702,319,541,538
92,a_estrella,h6_w0.6,True,21,55.284,1083,1761,1717
92,codicioso,h6_w1.0,True,43,14.763,340,587,581
92,a_estrella,h6_w1.0,True,21,27.877,678,1104,1079
93,codicioso,h1,True,13,3.316,100,173,170
93,a_estrella,h1,True,13,6.521,194,335,331
93,codicioso,h2,True,13,1.0,26,49,49
93,a_estrella,h2,True,13,2.368,66,112,112
93,codicioso,h3,True,13,1.56,24,46,46
93,a_estrella,h3,True,13,4.684,61,105,105
93,codicioso,h4,True,13,1.779,24,46,46
93,a_estrella,h4,True,13,6.738,60,103,103
93,codicioso,h5,True,13,1.02,14,28,28
93,a_estrella,h5,True,13,0.948,14,28,28
93,codicioso,h6_w0.3,True,13,3.647,59,105,104
93,a_estrella,h6_w0.3,True,13,6.551,103,185,185
93,codicioso,h6_w0.6,True,13,1.958,46,80,79
93,a_estrella,h6_w0.6,True,13,2.732,69,116,116
93,codicioso,h6_w1.0,True,13,1.331,26,49,49
93,a_estrella,h6_w1.0,True,13,4.055,66,112,112
94,codicioso,h1,True,40,6.446,111,196,193
94,a_estrella,h1,True,20,139.622,2928,4845,4724
94,codicioso,h2,True,36,3.724,99,175,174
94,a_estrella,h2,True,20,7.175,202,326,322
94,codicioso,h3,True,24,1.649,29,48,48
94,a_estrella,h3,True,20,5.783,108,173,172
94,codicioso,h4,True,24,1.764,29,48,48
94,a_estrella,h4,True,20,4.463,74,119,118
94,codicioso,h5,True,20,1.734,31,52,52
94,a_estrella,h5,True,20,1.753,26,44,44
94,codicioso,h6_w0.3,True,64,31.316,458,779,767
94,a_estrella,h6_w0.3,True,20,58.934,951,1561,1529
94,codicioso,h6_w0.6,True,64,17.256,414,709,701
94,a_estrella,h6_w0.6,True,20,16.53,407,666,658
94,codicioso,h6_w1.0,True,36,4.021,99,175,174
94,a_estrella,h6_w1.0,True,20,7.993,202,326,322
95,codicioso,h1,True,50,9.977,285,482,471
95,a_estrella,h1,True,18,55.836,1286,2144,2097
95,codicioso,h2,True,28,3.181,84,145,144
95,a_estrella,h2,True,18,7.041,191,321,320
95,codicioso,h3,True,18,1.333,22,39,39
95,a_estrella,h3,True,18,7.928,111,188,188
95,codicioso,h4,True,18,1.445,22,39,39
95,a_estrella,h4,True,18,3.836,63,107,107
95,codicioso,h5,True,18,0.979,19,35,35
95,a_estrella,h5,True,18,0.985,21,38,38
95,codicioso,h6_w0.3,True,28,8.27,200,337,330
95,a_estrella,h6_w0.3,True,18,22.184,535,890,878
95,codicioso,h6_w0.6,True,28,4.72,118,203,200
95,a_estrella,h6_w0.6,True,18,11.021,273,453,446
95,codicioso,h6_w1.0,True,28,3.302,84,145,144
95,a_estrella,h6_w1.0,True,18,7.679,191,321,320
96,codicioso,h1,True,52,47.599,1308,2170,2109
96,a_estrella,h1,True,26,1742.302,38020,60124,56105
96,codicioso,h2,True,56,19.67,406,705,699
96,a_estrella,h2,True,26,193.744,4223,6771,6605
96,codicioso,h3,True,50,8.394,119,210,210
96,a_estrella,h3,True,26,193.641,2666,4294,4196
96,codicioso,h4,True,50,10.88,119,210,210
96,a_estrella,h4,True,26,226.387,2493,4010,3921
96,codicioso,h5,True,30,4.887,49,87,87
96,a_estrella,h5,True,26,40.26,381,661,652
96,codicioso,h6_w0.3,True,64,22.819,427,720,708
96,a_estrella,h6_w0.3,True,26,1039.429,15622,25138,24014
96,codicioso,h6_w0.6,True,78,27.424,402,686,680
96,a_estrella,h6_w0.6,True,26,477.402,7727,12396,11969
96,codicioso,h6_w1.0,True,56,26.818,406,705,699
96,a_estrella,h6_w1.0,True,26,230.574,4223,6771,6605
97,codicioso,h1,True,63,15.034,258,440,427
97,a_estrella,h1,True,25,1467.279,27501,44106,41741
97,codicioso,h2,True,53,12.194,314,541,534
97,a_estrella,h2,True,25,41.437,1038,1640,1613
97,codicioso,h3,True,43,12.075,133,227,225
97,a_estrella,h3,True,25,34.003,587,943,933
97,codicioso,h4,True,29,2.861,43,75,75
97,a_estrella,h4,True,25,14.349,243,389,386
97,codicioso,h5,True,25,1.155,26,46,46
97,a_estrella,h5,True,25,2.375,56,99,98
97,codicioso,h6_w0.3,True,63,6.457,161,275,272
97,a_estrella,h6_w0.3,True,25,462.263,8508,13825,13411
97,codicioso,h6_w0.6,True,77,18.93,418,703,696
97,a_estrella,h6_w0.6,True,25,189.915,3016,4863,4744
97,codicioso,h6_w1.0,True,53,15.815,314,541,534
97,a_estrella,h6_w1.0,True,25,68.29,1038,1640,1613
98,codicioso,h1,True,43,11.687,201,343,338
98,a_estrella,h1,True,23,611.448,12952,21151,20360
98,codicioso,h2,True,59,6.176,146,258,257
98,a_estrella,h2,True,23,40.222,889,1420,1399
98,codicioso,h3,True,31,4.557,55,96,96
98,a_estrella,h3,True,23,40.257,497,798,791
98,codicioso,h4,True,31,4.452,55,96,96
98,a_estrella,h4,True,23,28.591,360,582,578
98,codicioso,h5,True,23,1.193,26,50,50
98,a_estrella,h5,True,23,4.464,73,128,128
98,codicioso,h6_w0.3,True,69,20.904,434,727,718
98,a_estrella,h6_w0.3,True,23,212.358,4429,7290,7107
98,codicioso,h6_w0.6,True,85,18.025,429,733,730
98,a_estrella,h6_w0.6,True,23,107.635,1940,3150,3080
98,codicioso,h6_w1.0,True,59,9.497,146,258,257
98,a_estrella,h6_w1.0,True,23,46.74,889,1420,1399
99,codicioso,h1,True,63,78.066,1564,2624,2560
99,a_estrella,h1,True,27,3216.293,56310,87347,80366
99,codicioso,h2,True,29,1.549,38,69,69
99,a_estrella,h2,True,27,197.729,4228,6724,6577
99,codicioso,h3,True,29,2.342,38,69,69
99,a_estrella,h3,True,27,141.312,2218,3521,3458
99,codicioso,h4,True,29,3.897,38,69,69
99,a_estrella,h4,True,27,92.172,1225,1960,1936
99,codicioso,h5,True,31,2.37,55,94,94
99,a_estrella,h5,True,27,9.544,223,388,384
99,codicioso,h6_w0.3,True,75,29.767,475,809,804
99,a_estrella,h6_w0.3,True,27,1377.594,22207,35512,33949
99,codicioso,h6_w0.6,True,75,17.762,403,694,691
99,a_estrella,h6_w0.6,True,27,536.612,9445,15034,14499
99,codicioso,h6_w1.0,True,29,1.675,38,69,69
99,a_estrella,h6_w1.0,True,27,230.592,4228,6724,6577
100,codicioso,h1,True,28,7.821,141,240,237
100,a_estrella,h1,True,20,155.893,3098,5129,4994
100,codicioso,h2,True,36,19.707,393,675,669
100,a_estrella,h2,True,20,14.933,404,673,667
100,codicioso,h3,True,20,1.676,27,49,49
100,a_estrella,h3,True,20,17.795,303,501,496
100,codicioso,h4,True,22,4.15,62,103,103
100,a_estrella,h4,True,20,11.073,172,292,291
100,codicioso,h5,True,36,3.565,88,146,145
100,a_estrella,h5,True,20,3.962,88,160,158
100,codicioso,h6_w0.3,True,42,16.095,361,611,603
100,a_estrella,h6_w0.3,True,20,59.054,1245,2038,1994
100,codicioso,h6_w0.6,True,42,12.72,241,408,403
100,a_estrella,h6_w0.6,True,20,31.664,649,1071,1051
100,codicioso,h6_w1.0,True,36,16.532,393,675,669
100,a_estrella,h6_w1.0,True,20,16.67,404,673,667
101,codicioso,h1,True,66,32.46,760,1276,1234
101,a_estrella,h1,True,24,840.464,16734,27210,26056
101,codicioso,h2,True,56,33.239,606,1045,1027
101,a_estrella,h2,True,24,29.29,582,913,891
101,codicioso,h3,True,34,4.552,74,127,127
101,a_estrella,h3,True,24,27.008,370,586,571
101,codicioso,h4,True,34,6.337,66,112,112
101,a_estrella,h4,True,24,18.555,251,410,403
101,codicioso,h5,True,36,3.429,82,142,141
101,a_estrella,h5,True,24,3.98,92,168,163
101,codicioso,h6_w0.3,True,68,23.136,450,760,755
101,a_estrella,h6_w0.3,True,24,256.486,4845,7966,7759
101,codicioso,h6_w0.6,True,68,22.01,341,583,580
101,a_estrella,h6_w0.6,True,24,103.372,1725,2786,2723
101,codicioso,h6_w1.0,True,56,39.91,606,1045,1027
101,a_estrella,h6_w1.0,True,24,34.7,582,913,891
102,codicioso,h1,True,72,51.017,937,1586,1552
102,a_estrella,h1,True,22,397.895,7422,12256,11879
102,codicioso,h2,True,42,4.489,104,178,177
102,a_estrella,h2,True,22,24.382,497,800,788
102,codicioso,h3,True,24,3.39,31,56,56
102,a_estrella,h3,True,22,23.249,306,499,494
102,codicioso,h4,True,50,13.521,133,221,221
102,a_estrella,h4,True,22,21.448,218,356,353
102,codicioso,h5,True,22,1.529,23,43,43
102,a_estrella,h5,True,22,1.872,29,55,55
102,codicioso,h6_w0.3,True,58,7.527,157,270,267
102,a_estrella,h6_w0.3,True,22,152.778,2396,3940,3850
102,codicioso,h6_w0.6,True,58,7.832,126,221,220
102,a_estrella,h6_w0.6,True,22,60.019,1031,1659,1623
102,codicioso,h6_w1.0,True,42,7.133,104,178,177
102,a_estrella,h6_w1.0,True,22,30.816,497,800,788
103,codicioso,h1,True,56,16.603,295,502,491
103,a_estrella,h1,True,18,71.326,1313,2185,2140
103,codicioso,h2,True,46,15.982,354,612,608
103,a_estrella,h2,True,18,10.668,180,302,299
103,codicioso,h3,True,30,4.239,42,73,73
103,a_estrella,h3,True,18,3.913,69,113,113
103,codicioso,h4,True,30,3.085,40,73,73
103,a_estrella,h4,True,18,3.371,36,61,61
103,codicioso,h5,True,34,3.036,45,86,86
103,a_estrella,h5,True,18,2.076,34,60,60
103,codicioso,h6_w0.3,True,46,27.111,397,669,661
103,a_estrella,h6_w0.3,True,18,30.546,533,892,876
103,codicioso,h6_w0.6,True,46,13.774,253,430,425
103,a_estrella,h6_w0.6,True,18,16.671,265,447,445
103,codicioso,h6_w1.0,True,46,23.413,354,612,608
103,a_estrella,h6_w1.0,True,18,11.082,180,302,299
104,codicioso,h1,True,38,22.226,407,671,660
104,a_estrella,h1,True,26,2141.334,37864,59922,56082
104,codicioso,h2,True,26,1.614,40,70,70
104,a_estrella,h2,True,26,168.777,3391,5418,5308
104,codicioso,h3,True,26,2.842,39,69,69
104,a_estrella,h3,True,26,140.041,1877,3002,2945
104,codicioso,h4,True,40,8.732,84,148,148
104,a_estrella,h4,True,26,105.568,1244,1985,1952
104,codicioso,h5,True,32,2.683,42,76,76
104,a_estrella,h5,True,26,12.625,201,358,356
104,codicioso,h6_w0.3,True,38,17.724,169,281,278
104,a_estrella,h6_w0.3,True,26,891.813,14450,23331,22444
104,codicioso,h6_w0.6,True,38,6.844,168,282,280
104,a_estrella,h6_w0.6,True,26,307.204,6466,10401,10114
104,codicioso,h6_w1.0,True,26,2.652,40,70,70
104,a_estrella,h6_w1.0,True,26,192.829,3391,5418,5308
105,codicioso,h1,True,39,7.31,212,360,354
105,a_estrella,h1,True,29,5911.97,97991,146051,128491
105,codicioso,h2,True,57,19.208,307,531,528
105,a_estrella,h2,True,29,979.606,16844,26368,25374
105,codicioso,h3,True,49,7.88,129,216,215
105,a_estrella,h3,True,29,754.14,9384,14869,14402
105,codicioso,h4,True,43,13.026,100,167,167
105,a_estrella,h4,True,29,644.039,7390,11716,11354
105,codicioso,h5,True,31,2.545,47,84,84
105,a_estrella,h5,True,29,68.517,1098,1887,1861
105,codicioso,h6_w0.3,True,39,9.145,135,233,231
105,a_estrella,h6_w0.3,True,29,3383.024,52412,80844,74338
105,codicioso,h6_w0.6,True,73,20.877,386,659,653
105,a_estrella,h6_w0.6,True,29,1691.403,29389,45853,43075
105,codicioso,h6_w1.0,True,57,13.908,307,531,528
105,a_estrella,h6_w1.0,True,29,863.645,16844,26368,25374
106,codicioso,h1,True,47,30.881,857,1431,1397
106,a_estrella,h1,True,21,228.637,5156,8579,8329
106,codicioso,h2,True,43,6.46,110,185,183
106,a_estrella,h2,True,21,11.419,267,430,429
106,codicioso,h3,True,35,5.174,89,148,148
106,a_estrella,h3,True,21,17.666,179,298,295
106,codicioso,h4,True,47,7.322,74,132,132
106,a_estrella,h4,True,21,8.077,120,204,201
106,codicioso,h5,True,21,1.411,23,45,45
106,a_estrella,h5,True,21,3.829,76,139,138
106,codicioso,h6_w0.3,True,43,5.0,118,205,202
106,a_estrella,h6_w0.3,True,21,70.373,1551,2551,2492
106,codicioso,h6_w0.6,True,43,6.421,99,174,173
106,a_estrella,h6_w0.6,True,21,31.245,617,1013,994
106,codicioso,h6_w1.0,True,43,5.073,110,185,183
106,a_estrella,h6_w1.0,True,21,11.37,267,430,429
107,codicioso,h1,True,49,40.701,897,1497,1462
107,a_estrella,h1,True,23,664.265,13138,21368,20475
107,codicioso,h2,True,49,18.705,345,600,596
107,a_estrella,h2,True,23,68.711,1424,2314,2277
107,codicioso,h3,True,25,5.212,89,149,148
107,a_estrella,h3,True,23,56.616,851,1392,1365
107,codicioso,h4,True,25,6.308,89,149,148
107,a_estrella,h4,True,23,50.055,703,1148,1128
107,codicioso,h5,True,23,1.36,32,56,56
107,a_estrella,h5,True,23,4.79,93,166,163
107,codicioso,h6_w0.3,True,49,19.403,378,640,631
107,a_estrella,h6_w0.3,True,23,253.538,5022,8225,7973
107,codicioso,h6_w0.6,True,49,17.571,259,445,440
107,a_estrella,h6_w0.6,True,23,125.606,2482,4029,3930
107,codicioso,h6_w1.0,True,49,14.326,345,600,596
107,a_estrella,h6_w1.0,True,23,58.25,1424,2314,2277
108,codicioso,h1,True,47,38.564,1100,1836,1789
108,a_estrella,h1,True,25,1235.143,29357,46811,44122
108,codicioso,h2,True,47,19.8,340,590,583
108,a_estrella,h2,True,25,161.482,3104,4968,4849
108,codicioso,h3,True,35,5.136,87,151,151
108,a_estrella,h3,True,25,96.411,1644,2648,2600
108,codicioso,h4,True,35,5.567,86,149,149
108,a_estrella,h4,True,25,70.444,1146,1864,1838
108,codicioso,h5,True,39,2.582,62,109,109
108,a_estrella,h5,True,25,8.442,204,357,356
108,codicioso,h6_w0.3,True,47,14.632,363,615,607
108,a_estrella,h6_w0.3,True,25,623.622,11627,18834,18134
108,codicioso,h6_w0.6,True,47,17.308,258,440,435
108,a_estrella,h6_w0.6,True,25,242.645,5545,8971,8729
108,codicioso,h6_w1.0,True,47,13.855,340,590,583
108,a_estrella,h6_w1.0,True,25,134.704,3104,4968,4849
109,codicioso,h1,True,63,47.412,1313,2207,2150
109,a_estrella,h1,True,19,87.945,2095,3503,3419
109,codicioso,h2,True,33,3.729,98,171,170
109,a_estrella,h2,True,19,6.735,157,262,259
109,codicioso,h3,True,33,6.151,89,151,150
109,a_estrella,h3,True,19,5.017,89,150,150
109,codicioso,h4,True,35,4.897,73,127,127
109,a_estrella,h4,True,19,3.602,59,101,101
109,codicioso,h5,True,19,1.025,20,39,39
109,a_estrella,h5,True,19,1.147,27,52,52
109,codicioso,h6_w0.3,True,65,10.708,254,431,422
109,a_estrella,h6_w0.3,True,19,30.76,705,1167,1137
109,codicioso,h6_w0.6,True,57,16.053,394,667,660
109,a_estrella,h6_w0.6,True,19,13.221,318,524,515
109,codicioso,h6_w1.0,True,33,4.858,98,171,170
109,a_estrella,h6_w1.0,True,19,7.882,157,262,259
110,codicioso,h1,True,80,77.722,1781,2969,2892
110,a_estrella,h1,True,20,135.161,3151,5231,5091
110,codicioso,h2,True,48,23.498,542,929,917
110,a_estrella,h2,True,20,13.018,293,480,475
110,codicioso,h3,True,34,4.868,67,117,117
110,a_estrella,h3,True,20,10.357,158,259,255
110,codicioso,h4,True,42,8.417,128,216,216
110,a_estrella,h4,True,20,7.954,111,181,179
110,codicioso,h5,True,34,3.029,71,127,127
110,a_estrella,h5,True,20,1.008,24,45,45
110,codicioso,h6_w0.3,True,54,25.929,582,985,971
110,a_estrella,h6_w0.3,True,20,55.365,1149,1895,1852
110,codicioso,h6_w0.6,True,38,6.312,148,251,249
110,a_estrella,h6_w0.6,True,20,23.041,537,887,872
110,codicioso,h6_w1.0,True,48,29.07,542,929,917
110,a_estrella,h6_w1.0,True,20,12.189,293,480,475
111,codicioso,h1,True,76,63.081,1697,2825,2744
111,a_estrella,h1,True,24,756.514,18142,29467,28066
111,codicioso,h2,True,54,5.377,145,241,240
111,a_estrella,h2,True,24,84.717,1967,3168,3107
111,codicioso,h3,True,34,6.872,119,203,201
111,a_estrella,h3,True,24,65.442,1115,1806,1775
111,codicioso,h4,True,34,7.482,119,203,201
111,a_estrella,h4,True,24,61.103,972,1572,1544
111,codicioso,h5,True,28,1.962,46,81,81
111,a_estrella,h5,True,24,6.25,127,223,222
111,codicioso,h6_w0.3,True,68,9.983,245,415,410
111,a_estrella,h6_w0.3,True,24,321.659,7142,11659,11261
111,codicioso,h6_w0.6,True,80,16.553,382,656,650
111,a_estrella,h6_w0.6,True,24,151.62,3454,5604,5454
111,codicioso,h6_w1.0,True,54,5.772,145,241,240
111,a_estrella,h6_w1.0,True,24,85.158,1967,3168,3107
112,codicioso,h1,True,59,13.371,347,595,583
112,a_estrella,h1,True,23,465.152,11966,19585,18867
112,codicioso,h2,True,35,7.467,150,255,253
112,a_estrella,h2,True,23,12.767,339,538,528
112,codicioso,h3,True,33,2.7,46,82,82
112,a_estrella,h3,True,23,8.666,156,249,246
112,codicioso,h4,True,37,3.959,58,102,102
112,a_estrella,h4,True,23,5.973,102,166,164
112,codicioso,h5,True,23,2.035,27,50,50
112,a_estrella,h5,True,23,2.065,39,73,71
112,codicioso,h6_w0.3,True,55,5.575,138,236,234
112,a_estrella,h6_w0.3,True,23,214.095,3219,5271,5144
112,codicioso,h6_w0.6,True,37,7.595,159,269,267
112,a_estrella,h6_w0.6,True,23,44.731,1068,1710,1669
112,codicioso,h6_w1.0,True,35,5.946,150,255,253
112,a_estrella,h6_w1.0,True,23,13.707,339,538,528
113,codicioso,h1,True,68,56.182,1358,2259,2197
113,a_estrella,h1,True,22,312.334,7940,13134,12691
113,codicioso,h2,True,54,15.638,372,639,634
113,a_estrella,h2,True,22,38.981,1014,1656,1624
113,codicioso,h3,True,22,2.367,39,69,69
113,a_estrella,h3,True,22,46.983,676,1122,1108
113,codicioso,h4,True,22,2.523,39,69,69
113,a_estrella,h4,True,22,35.938,547,913,903
113,codicioso,h5,True,26,3.207,50,89,89
113,a_estrella,h5,True,22,6.45,155,267,263
113,codicioso,h6_w0.3,True,68,19.653,364,615,607
113,a_estrella,h6_w0.3,True,22,146.801,3103,5107,4965
113,codicioso,h6_w0.6,True,54,12.942,286,486,480
113,a_estrella,h6_w0.6,True,22,83.485,1562,2567,2509
113,codicioso,h6_w1.0,True,54,16.752,372,639,634
113,a_estrella,h6_w1.0,True,22,43.002,1014,1656,1624
114,codicioso,h1,True,38,10.594,271,464,457
114,a_estrella,h1,True,22,338.191,8406,13858,13368
114,codicioso,h2,True,56,26.521,679,1168,1150
114,a_estrella,h2,True,22,55.388,1428,2322,2274
114,codicioso,h3,True,42,8.635,124,218,218
114,a_estrella,h3,True,22,49.707,801,1318,1303
114,codicioso,h4,True,42,7.096,110,194,194
114,a_estrella,h4,True,22,49.105,743,1220,1205
114,codicioso,h5,True,22,1.245,24,44,44
114,a_estrella,h5,True,22,4.313,80,144,143
114,codicioso,h6_w0.3,True,40,7.612,186,315,312
114,a_estrella,h6_w0.3,True,22,167.577,3689,6101,5930
114,codicioso,h6_w0.6,True,34,4.464,109,192,191
114,a_estrella,h6_w0.6,True,22,94.345,2039,3359,3279
114,codicioso,h6_w1.0,True,56,30.564,679,1168,1150
114,a_estrella,h6_w1.0,True,22,66.813,1428,2322,2274
115,codicioso,h1,True,62,17.859,498,832,814
115,a_estrella,h1,True,24,668.885,16975,27377,26149
115,codicioso,h2,True,46,8.29,204,363,361
115,a_estrella,h2,True,24,58.653,1336,2140,2105
115,codicioso,h3,True,50,4.654,66,113,113
115,a_estrella,h3,True,24,176.769,744,1170,1152
115,codicioso,h4,True,30,4.057,60,100,100
115,a_estrella,h4,True,24,27.798,416,651,641
115,codicioso,h5,True,34,2.282,53,93,93
115,a_estrella,h5,True,24,5.604,132,234,233
115,codicioso,h6_w0.3,True,62,13.634,327,554,549
115,a_estrella,h6_w0.3,True,24,268.179,5792,9433,9143
115,codicioso,h6_w0.6,True,62,15.957,331,565,560
115,a_estrella,h6_w0.6,True,24,114.964,2482,4009,3907
115,codicioso,h6_w1.0,True,46,10.15,204,363,361
115,a_estrella,h6_w1.0,True,24,56.899,1336,2140,2105
116,codicioso,h1,True,68,29.199,705,1183,1161
116,a_estrella,h1,True,26,2095.474,45780,71358,65841
116,codicioso,h2,True,46,5.914,145,246,244
116,a_estrella,h2,True,26,322.083,7360,11668,11299
116,codicioso,h3,True,44,8.123,84,150,150
116,a_estrella,h3,True,26,271.87,4000,6433,6297
116,codicioso,h4,True,44,7.867,84,150,150
116,a_estrella,h4,True,26,267.504,3430,5514,5394
116,codicioso,h5,True,38,2.478,57,102,102
116,a_estrella,h5,True,26,22.827,506,872,862
116,codicioso,h6_w0.3,True,68,17.909,419,711,706
116,a_estrella,h6_w0.3,True,26,1169.868,21481,34159,32326
116,codicioso,h6_w0.6,True,68,19.878,399,680,675
116,a_estrella,h6_w0.6,True,26,558.452,11744,18782,18008
116,codicioso,h6_w1.0,True,46,5.892,145,246,244
116,a_estrella,h6_w1.0,True,26,343.706,7360,11668,11299
117,codicioso,h1,True,62,18.456,478,819,800
117,a_estrella,h1,True,18,51.213,1201,2045,2007
117,codicioso,h2,True,34,4.565,104,179,179
117,a_estrella,h2,True,18,5.179,118,202,198
117,codicioso,h3,True,18,1.292,21,39,39
117,a_estrella,h3,True,18,5.248,89,155,154
117,codicioso,h4,True,18,1.669,21,39,39
117,a_estrella,h4,True,18,1.831,28,50,50
117,codicioso,h5,True,18,1.218,20,39,39
117,a_estrella,h5,True,18,3.489,60,109,108
117,codicioso,h6_w0.3,True,52,10.284,236,406,397
117,a_estrella,h6_w0.3,True,18,24.26,425,707,694
117,codicioso,h6_w0.6,True,34,4.356,108,187,186
117,a_estrella,h6_w0.6,True,18,8.905,198,335,332
117,codicioso,h6_w1.0,True,34,4.444,104,179,179
117,a_estrella,h6_w1.0,True,18,4.704,118,202,198
118,codicioso,h1,True,34,21.273,585,988,964
118,a_estrella,h1,True,26,1953.324,43512,68014,63032
118,codicioso,h2,True,64,15.654,384,660,652
118,a_estrella,h2,True,26,136.724,3190,5062,4944
118,codicioso,h3,True,48,5.759,94,169,169
118,a_estrella,h3,True,26,114.411,1965,3180,3114
118,codicioso,h4,True,48,8.073,96,171,171
118,a_estrella,h4,True,26,86.97,1324,2158,2123
118,codicioso,h5,True,26,1.254,27,51,51
118,a_estrella,h5,True,26,6.1,142,258,255
118,codicioso,h6_w0.3,True,88,15.944,377,645,633
118,a_estrella,h6_w0.3,True,26,800.231,16681,26701,25501
118,codicioso,h6_w0.6,True,72,18.249,234,402,397
118,a_estrella,h6_w0.6,True,26,356.853,7136,11399,11018
118,codicioso,h6_w1.0,True,64,17.808,384,660,652
118,a_estrella,h6_w1.0,True,26,157.046,3190,5062,4944
119,codicioso,h1,True,29,19.314,439,724,708
119,a_estrella,h1,True,23,551.851,13382,21863,20966
119,codicioso,h2,True,53,15.205,374,634,631
119,a_estrella,h2,True,23,70.875,1562,2523,2469
119,codicioso,h3,True,29,3.64,57,99,99
119,a_estrella,h3,True,23,52.574,891,1450,1423
119,codicioso,h4,True,29,3.866,57,99,99
119,a_estrella,h4,True,23,58.053,742,1209,1190
119,codicioso,h5,True,29,2.322,54,96,96
119,a_estrella,h5,True,23,10.944,236,406,402
119,codicioso,h6_w0.3,True,71,29.23,578,983,969
119,a_estrella,h6_w0.3,True,23,259.038,5231,8515,8245
119,codicioso,h6_w0.6,True,71,19.035,431,729,724
119,a_estrella,h6_w0.6,True,23,120.804,2586,4232,4124
119,codicioso,h6_w1.0,True,53,20.864,374,634,631
119,a_estrella,h6_w1.0,True,23,74.983,1562,2523,2469
120,codicioso,h1,True,39,9.055,238,403,395
120,a_estrella,h1,True,19,99.515,2362,3957,3867
120,codicioso,h2,True,25,3.995,81,141,140
120,a_estrella,h2,True,19,14.373,386,626,617
120,codicioso,h3,True,25,2.34,35,65,65
120,a_estrella,h3,True,19,17.074,277,464,460
120,codicioso,h4,True,25,2.393,35,65,65
120,a_estrella,h4,True,19,14.454,198,333,329
120,codicioso,h5,True,25,1.972,46,83,83
120,a_estrella,h5,True,19,2.879,68,124,123
120,codicioso,h6_w0.3,True,39,7.282,141,240,235
120,a_estrella,h6_w0.3,True,19,51.522,974,1602,1564
120,codicioso,h6_w0.6,True,39,4.56,112,194,192
120,a_estrella,h6_w0.6,True,19,21.859,542,884,859
120,codicioso,h6_w1.0,True,25,3.811,81,141,140
120,a_estrella,h6_w1.0,True,19,19.944,386,626,617
121,codicioso,h1,True,55,30.748,849,1428,1396
121,a_estrella,h1,True,21,210.872,5679,9417,9143
121,codicioso,h2,True,41,5.101,139,234,233
121,a_estrella,h2,True,21,29.186,774,1256,1235
121,codicioso,h3,True,47,8.423,133,227,226
121,a_estrella,h3,True,21,28.606,469,761,750
121,codicioso,h4,True,47,9.571,133,227,226
121,a_estrella,h4,True,21,27.219,383,623,615
121,codicioso,h5,True,29,2.34,54,93,93
121,a_estrella,h5,True,21,3.616,86,156,155
121,codicioso,h6_w0.3,True,51,5.788,138,238,235
121,a_estrella,h6_w0.3,True,21,118.087,2241,3708,3617
121,codicioso,h6_w0.6,True,61,6.107,152,259,257
121,a_estrella,h6_w0.6,True,21,47.083,1133,1837,1794
121,codicioso,h6_w1.0,True,41,5.794,139,234,233
121,a_estrella,h6_w1.0,True,21,30.985,774,1256,1235
122,codicioso,h1,True,50,25.848,716,1213,1190
122,a_estrella,h1,True,26,1671.755,37516,59224,55182
122,codicioso,h2,True,38,93.085,163,272,269
122,a_estrella,h2,True,26,172.071,3815,6058,5900
122,codicioso,h3,True,36,4.081,66,118,118
122,a_estrella,h3,True,26,130.846,2098,3369,3298
122,codicioso,h4,True,36,4.384,66,118,118
122,a_estrella,h4,True,26,113.253,1449,2338,2301
122,codicioso,h5,True,30,2.122,38,72,72
122,a_estrella,h5,True,26,17.365,340,613,610
122,codicioso,h6_w0.3,True,34,6.866,167,278,274
122,a_estrella,h6_w0.3,True,26,798.245,14975,24042,22953
122,codicioso,h6_w0.6,True,34,8.66,143,239,237
122,a_estrella,h6_w0.6,True,26,342.93,7111,11402,10963
122,codicioso,h6_w1.0,True,38,6.544,163,272,269
122,a_estrella,h6_w1.0,True,26,195.822,3815,6058,5900
123,codicioso,h1,True,47,10.929,188,324,318
123,a_estrella,h1,True,21,236.266,5290,8772,8537
123,codicioso,h2,True,33,4.261,89,152,151
123,a_estrella,h2,True,21,31.195,439,720,715
123,codicioso,h3,True,21,3.135,25,46,46
123,a_estrella,h3,True,21,22.126,242,400,399
123,codicioso,h4,True,37,3.847,58,101,101
123,a_estrella,h4,True,21,12.559,132,219,218
123,codicioso,h5,True,21,1.045,23,44,44
123,a_estrella,h5,True,21,1.076,25,47,47
123,codicioso,h6_w0.3,True,37,3.032,76,131,130
123,a_estrella,h6_w0.3,True,21,91.683,1790,2979,2916
123,codicioso,h6_w0.6,True,33,3.0,72,128,127
123,a_estrella,h6_w0.6,True,21,33.607,825,1361,1335
123,codicioso,h6_w1.0,True,33,3.615,89,152,151
123,a_estrella,h6_w1.0,True,21,21.251,439,720,715
124,codicioso,h1,True,34,24.078,655,1104,1085
124,a_estrella,h1,True,22,416.983,9941,16226,15636
124,codicioso,h2,True,38,26.308,464,803,792
124,a_estrella,h2,True,22,58.54,1277,2065,2025
124,codicioso,h3,True,28,3.021,49,88,88
124,a_estrella,h3,True,22,49.98,812,1315,1294
124,codicioso,h4,True,28,3.254,49,88,88
124,a_estrella,h4,True,22,57.205,677,1096,1078
124,codicioso,h5,True,42,2.856,66,122,122
124,a_estrella,h5,True,22,9.357,201,352,347
124,codicioso,h6_w0.3,True,70,19.888,479,815,810
124,a_estrella,h6_w0.3,True,22,187.068,4001,6539,6349
124,codicioso,h6_w0.6,True,58,15.164,352,608,605
124,a_estrella,h6_w0.6,True,22,99.278,2038,3315,3228
124,codicioso,h6_w1.0,True,38,21.551,464,803,792
124,a_estrella,h6_w1.0,True,22,63.171,1277,2065,2025
125,codicioso,h1,True,39,107.382,1035,1728,1687
125,a_estrella,h1,True,21,245.662,6304,10445,10118
125,codicioso,h2,True,39,19.059,496,861,851
125,a_estrella,h2,True,21,54.723,1251,2047,2005
125,codicioso,h3,True,29,3.584,48,85,85
125,a_estrella,h3,True,21,40.154,670,1112,1096
125,codicioso,h4,True,29,3.754,48,85,85
125,a_estrella,h4,True,21,58.634,615,1021,1006
125,codicioso,h5,True,23,1.487,31,60,60
125,a_estrella,h5,True,21,3.605,85,152,151
125,codicioso,h6_w0.3,True,39,25.605,487,837,826
125,a_estrella,h6_w0.3,True,21,148.591,2867,4743,4612
125,codicioso,h6_w0.6,True,39,17.996,376,646,641
125,a_estrella,h6_w0.6,True,21,85.289,1671,2745,2679
125,codicioso,h6_w1.0,True,39,35.621,496,861,851
125,a_estrella,h6_w1.0,True,21,68.624,1251,2047,2005
126,codicioso,h1,True,47,11.619,310,521,509
126,a_estrella,h1,True,27,2634.92,56504,87448,80228
126,codicioso,h2,True,47,14.754,327,564,561
126,a_estrella,h2,True,27,266.448,6335,10044,9784
126,codicioso,h3,True,39,4.538,71,118,118
126,a_estrella,h3,True,27,224.365,3514,5557,5440
126,codicioso,h4,True,41,12.854,133,222,220
126,a_estrella,h4,True,27,157.468,2124,3367,3309
126,codicioso,h5,True,37,2.644,59,104,104
126,a_estrella,h5,True,27,33.096,699,1168,1150
126,codicioso,h6_w0.3,True,47,9.914,241,403,398
126,a_estrella,h6_w0.3,True,27,1421.503,24332,38614,36610
126,codicioso,h6_w0.6,True,47,9.765,235,397,392
126,a_estrella,h6_w0.6,True,27,692.915,11857,18839,18086
126,codicioso,h6_w1.0,True,47,19.571,327,564,561
126,a_estrella,h6_w1.0,True,27,334.915,6335,10044,9784
127,codicioso,h1,True,72,42.973,923,1549,1502
127,a_estrella,h1,True,20,159.942,3510,5811,5657
127,codicioso,h2,True,36,3.285,61,107,107
127,a_estrella,h2,True,20,4.363,123,197,193
127,codicioso,h3,True,42,4.106,63,113,113
127,a_estrella,h3,True,20,2.245,43,68,68
127,codicioso,h4,True,40,6.011,74,130,130
127,a_estrella,h4,True,20,2.803,46,74,74
127,codicioso,h5,True,20,1.063,21,38,38
127,a_estrella,h5,True,20,1.356,24,45,45
127,codicioso,h6_w0.3,True,36,4.452,73,128,127
127,a_estrella,h6_w0.3,True,20,47.093,967,1577,1535
127,codicioso,h6_w0.6,True,36,2.707,64,111,110
127,a_estrella,h6_w0.6,True,20,18.002,321,524,515
127,codicioso,h6_w1.0,True,36,3.498,61,107,107
127,a_estrella,h6_w1.0,True,20,4.842,123,197,193
128,codicioso,h1,True,52,12.465,350,585,572
128,a_estrella,h1,True,28,3812.162,71659,109599,99175
128,codicioso,h2,True,44,13.894,354,611,607
128,a_estrella,h2,True,28,375.063,7272,11557,11251
128,codicioso,h3,True,30,5.051,48,84,84
128,a_estrella,h3,True,28,318.641,3841,6116,5986
128,codicioso,h4,True,42,7.326,80,136,136
128,a_estrella,h4,True,28,203.487,2250,3617,3566
128,codicioso,h5,True,42,4.925,87,145,144
128,a_estrella,h5,True,28,45.272,646,1142,1133
128,codicioso,h6_w0.3,True,52,15.933,255,426,421
128,a_estrella,h6_w0.3,True,28,2187.253,31943,50379,47426
128,codicioso,h6_w0.6,True,52,16.276,243,411,406
128,a_estrella,h6_w0.6,True,28,1015.255,15221,24227,23214
128,codicioso,h6_w1.0,True,44,18.309,354,611,607
128,a_estrella,h6_w1.0,True,28,464.611,7272,11557,11251
129,codicioso,h1,True,38,8.686,238,403,397
129,a_estrella,h1,True,24,1039.404,18346,29753,28408
129,codicioso,h2,True,50,23.043,360,612,609
129,a_estrella,h2,True,24,122.975,2181,3513,3432
129,codicioso,h3,True,34,6.466,67,115,115
129,a_estrella,h3,True,24,76.379,1260,2068,2037
129,codicioso,h4,True,34,7.648,66,113,113
129,a_estrella,h4,True,24,90.543,1009,1651,1624
129,codicioso,h5,True,34,2.598,48,88,88
129,a_estrella,h5,True,24,9.79,229,402,399
129,codicioso,h6_w0.3,True,42,7.063,143,248,243
129,a_estrella,h6_w0.3,True,24,417.576,7355,12023,11629
129,codicioso,h6_w0.6,True,42,4.421,107,184,183
129,a_estrella,h6_w0.6,True,24,169.506,3691,6026,5862
129,codicioso,h6_w1.0,True,50,15.013,360,612,609
129,a_estrella,h6_w1.0,True,24,100.272,2181,3513,3432
130,codicioso,h1,True,45,23.638,681,1144,1119
130,a_estrella,h1,True,23,579.383,14085,23040,22020
130,codicioso,h2,True,43,24.358,505,875,865
130,a_estrella,h2,True,23,95.718,2176,3523,3444
130,codicioso,h3,True,27,5.276,53,97,97
130,a_estrella,h3,True,23,82.68,1339,2200,2158
130,codicioso,h4,True,27,3.616,53,97,97
130,a_estrella,h4,True,23,96.472,1291,2122,2080
130,codicioso,h5,True,45,3.942,91,158,157
130,a_estrella,h5,True,23,17.202,283,489,483
130,codicioso,h6_w0.3,True,43,24.182,505,867,856
130,a_estrella,h6_w0.3,True,23,348.473,6091,9967,9628
130,codicioso,h6_w0.6,True,43,17.543,385,661,656
130,a_estrella,h6_w0.6,True,23,178.814,3265,5349,5191
130,codicioso,h6_w1.0,True,43,30.122,505,875,865
130,a_estrella,h6_w1.0,True,23,136.023,2176,3523,3444
131,codicioso,h1,True,76,60.632,1055,1775,1733
131,a_estrella,h1,True,26,2563.305,43772,68615,63780
131,codicioso,h2,True,58,11.803,283,477,474
131,a_estrella,h2,True,26,88.59,2028,3215,3156
131,codicioso,h3,True,40,6.513,89,157,157
131,a_estrella,h3,True,26,63.466,1054,1684,1661
131,codicioso,h4,True,42,9.304,128,215,213
131,a_estrella,h4,True,26,27.627,416,676,668
131,codicioso,h5,True,26,1.418,30,57,57
131,a_estrella,h5,True,26,4.957,82,151,149
131,codicioso,h6_w0.3,True,60,14.061,206,349,346
131,a_estrella,h6_w0.3,True,26,903.151,15597,25110,24142
131,codicioso,h6_w0.6,True,84,19.54,403,683,677
131,a_estrella,h6_w0.6,True,26,397.59,5998,9613,9333
131,codicioso,h6_w1.0,True,58,16.402,283,477,474
131,a_estrella,h6_w1.0,True,26,123.88,2028,3215,3156
132,codicioso,h1,True,38,31.334,579,965,944
132,a_estrella,h1,True,20,192.658,3420,5729,5576
132,codicioso,h2,True,26,4.067,80,138,137
132,a_estrella,h2,True,20,26.158,538,877,860
132,codicioso,h3,True,26,3.151,39,70,70
132,a_estrella,h3,True,20,27.164,315,513,507
132,codicioso,h4,True,26,4.941,39,70,70
132,a_estrella,h4,True,20,27.219,301,489,483
132,codicioso,h5,True,26,2.371,45,80,80
132,a_estrella,h5,True,20,4.284,55,93,93
132,codicioso,h6_w0.3,True,44,11.383,163,273,270
132,a_estrella,h6_w0.3,True,20,97.665,1459,2424,2362
132,codicioso,h6_w0.6,True,38,7.367,113,199,198
132,a_estrella,h6_w0.6,True,20,44.54,762,1250,1221
132,codicioso,h6_w1.0,True,26,3.467,80,138,137
132,a_estrella,h6_w1.0,True,20,32.488,538,877,860
133,codicioso,h1,True,30,24.046,540,906,883
133,a_estrella,h1,True,18,58.552,1352,2274,2229
133,codicioso,h2,True,44,14.665,387,666,662
133,a_estrella,h2,True,18,9.054,249,405,400
133,codicioso,h3,True,18,2.84,50,82,81
133,a_estrella,h3,True,18,10.132,178,295,294
133,codicioso,h4,True,18,3.19,50,82,81
133,a_estrella,h4,True,18,9.225,148,250,249
133,codicioso,h5,True,18,0.813,19,33,33
133,a_estrella,h5,True,18,1.04,25,46,46
133,codicioso,h6_w0.3,True,44,23.65,478,813,802
133,a_estrella,h6_w0.3,True,18,25.645,587,979,962
133,codicioso,h6_w0.6,True,44,15.025,327,556,553
133,a_estrella,h6_w0.6,True,18,16.152,336,548,536
133,codicioso,h6_w1.0,True,44,19.214,387,666,662
133,a_estrella,h6_w1.0,True,18,12.853,249,405,400
134,codicioso,h1,True,59,34.168,917,1530,1494
134,a_estrella,h1,True,23,650.999,12768,20872,20112
134,codicioso,h2,True,41,5.719,104,184,183
134,a_estrella,h2,True,23,46.489,824,1333,1315
134,codicioso,h3,True,51,13.287,148,253,251
134,a_estrella,h3,True,23,48.858,590,956,944
134,codicioso,h4,True,53,17.221,171,292,290
134,a_estrella,h4,True,23,35.352,381,628,624
134,codicioso,h5,True,31,2.841,44,77,77
134,a_estrella,h5,True,23,7.694,117,212,207
134,codicioso,h6_w0.3,True,63,22.651,410,692,683
134,a_estrella,h6_w0.3,True,23,227.676,4269,6989,6802
134,codicioso,h6_w0.6,True,75,18.55,371,635,629
134,a_estrella,h6_w0.6,True,23,92.317,1807,2911,2840
134,codicioso,h6_w1.0,True,41,5.57,104,184,183
134,a_estrella,h6_w1.0,True,23,44.903,824,1333,1315
135,codicioso,h1,True,36,7.564,166,279,277
135,a_estrella,h1,True,24,984.716,17403,28282,27039
135,codicioso,h2,True,40,10.864,216,362,360
135,a_estrella,h2,True,24,57.797,1169,1878,1846
135,codicioso,h3,True,34,4.229,67,119,119
135,a_estrella,h3,True,24,46.723,606,984,969
135,codicioso,h4,True,34,5.065,63,112,112
135,a_estrella,h4,True,24,25.066,325,525,519
135,codicioso,h5,True,32,2.97,47,84,84
135,a_estrella,h5,True,24,6.894,100,179,179
135,codicioso,h6_w0.3,True,38,13.665,252,416,413
135,a_estrella,h6_w0.3,True,24,395.373,5850,9643,9380
135,codicioso,h6_w0.6,True,38,12.76,216,361,358
135,a_estrella,h6_w0.6,True,24,129.424,2508,4072,3969
135,codicioso,h6_w1.0,True,40,10.245,216,362,360
135,a_estrella,h6_w1.0,True,24,53.08,1169,1878,1846
136,codicioso,h1,True,46,13.238,334,568,557
136,a_estrella,h1,True,24,915.324,17383,28299,27099
136,codicioso,h2,True,50,13.312,256,450,448
136,a_estrella,h2,True,24,48.313,959,1571,1554
136,codicioso,h3,True,34,3.957,57,100,100
136,a_estrella,h3,True,24,34.839,507,835,822
136,codicioso,h4,True,36,5.661,70,120,120
136,a_estrella,h4,True,24,31.489,339,541,536
136,codicioso,h5,True,26,2.581,28,53,53
136,a_estrella,h5,True,24,4.568,80,150,149
136,codicioso,h6_w0.3,True,48,11.171,166,281,278
136,a_estrella,h6_w0.3,True,24,386.722,5769,9447,9174
136,codicioso,h6_w0.6,True,48,7.423,120,202,200
136,a_estrella,h6_w0.6,True,24,142.327,2318,3764,3676
136,codicioso,h6_w1.0,True,50,16.594,256,450,448
136,a_estrella,h6_w1.0,True,24,62.534,959,1571,1554
137,codicioso,h1,True,47,38.802,656,1107,1081
137,a_estrella,h1,True,25,1671.657,28559,45731,43170
137,codicioso,h2,True,51,20.336,347,597,593
137,a_estrella,h2,True,25,100.349,1791,2877,2830
137,codicioso,h3,True,45,6.591,76,136,136
137,a_estrella,h3,True,25,97.139,1082,1785,1757
137,codicioso,h4,True,35,6.797,67,117,117
137,a_estrella,h4,True,25,67.281,694,1148,1128
137,codicioso,h5,True,31,3.311,58,102,102
137,a_estrella,h5,True,25,13.751,210,379,378
137,codicioso,h6_w0.3,True,67,41.236,572,975,962
137,a_estrella,h6_w0.3,True,25,563.122,9839,16046,15548
137,codicioso,h6_w0.6,True,67,31.509,435,742,737
137,a_estrella,h6_w0.6,True,25,268.955,4019,6505,6318
137,codicioso,h6_w1.0,True,51,23.473,347,597,593
137,a_estrella,h6_w1.0,True,25,110.053,1791,2877,2830
138,codicioso,h1,True,30,21.914,420,717,699
138,a_estrella,h1,True,18,80.318,1415,2405,2343
138,codicioso,h2,True,38,12.185,243,427,424
138,a_estrella,h2,True,18,14.3,267,439,432
138,codicioso,h3,True,30,5.257,71,124,124
138,a_estrella,h3,True,18,15.351,170,288,284
138,codicioso,h4,True,30,8.514,71,124,124
138,a_estrella,h4,True,18,19.211,169,286,282
138,codicioso,h5,True,18,1.366,20,38,38
138,a_estrella,h5,True,18,0.93,20,38,38
138,codicioso,h6_w0.3,True,36,26.927,411,699,690
138,a_estrella,h6_w0.3,True,18,39.178,635,1058,1032
138,codicioso,h6_w0.6,True,36,20.366,302,512,509
138,a_estrella,h6_w0.6,True,18,22.356,349,567,554
138,codicioso,h6_w1.0,True,38,16.285,243,427,424
138,a_estrella,h6_w1.0,True,18,15.807,267,439,432
139,codicioso,h1,True,52,30.778,611,1017,992
139,a_estrella,h1,True,16,29.099,529,891,871
139,codicioso,h2,True,44,6.706,129,217,215
139,a_estrella,h2,True,16,4.465,90,150,149
139,codicioso,h3,True,18,2.299,32,57,57
139,a_estrella,h3,True,16,5.142,60,105,105
139,codicioso,h4,True,18,3.662,32,57,57
139,a_estrella,h4,True,16,4.146,46,79,79
139,codicioso,h5,True,16,0.842,17,34,34
139,a_estrella,h5,True,16,0.931,19,37,37
139,codicioso,h6_w0.3,True,64,25.95,375,635,628
139,a_estrella,h6_w0.3,True,16,12.441,224,380,376
139,codicioso,h6_w0.6,True,64,23.065,350,600,595
139,a_estrella,h6_w0.6,True,16,7.11,124,206,204
139,codicioso,h6_w1.0,True,44,7.254,129,217,215
139,a_estrella,h6_w1.0,True,16,3.696,90,150,149
140,codicioso,h1,True,37,3.537,80,134,133
140,a_estrella,h1,True,21,267.902,4937,8176,7941
140,codicioso,h2,True,41,4.782,99,167,166
140,a_estrella,h2,True,21,12.875,220,351,346
140,codicioso,h3,True,35,8.799,69,122,122
140,a_estrella,h3,True,21,14.061,139,224,224
140,codicioso,h4,True,31,4.36,55,98,98
140,a_estrella,h4,True,21,6.095,66,107,107
140,codicioso,h5,True,23,1.38,25,46,46
140,a_estrella,h5,True,21,3.928,52,94,94
140,codicioso,h6_w0.3,True,41,8.378,133,234,231
140,a_estrella,h6_w0.3,True,21,89.898,1427,2351,2302
140,codicioso,h6_w0.6,True,41,5.51,87,156,155
140,a_estrella,h6_w0.6,True,21,32.072,533,872,854
140,codicioso,h6_w1.0,True,41,5.409,99,167,166
140,a_estrella,h6_w1.0,True,21,14.277,220,351,346
141,codicioso,h1,True,55,30.357,606,1013,989
141,a_estrella,h1,True,23,841.713,14217,23191,22249
141,codicioso,h2,True,65,39.381,631,1091,1071
141,a_estrella,h2,True,23,148.98,2399,3877,3786
141,codicioso,h3,True,29,4.335,45,81,81
141,a_estrella,h3,True,23,117.516,1246,2007,1966
141,codicioso,h4,True,45,8.728,88,153,153
141,a_estrella,h4,True,23,99.329,979,1595,1570
141,codicioso,h5,True,27,5.968,81,143,143
141,a_estrella,h5,True,23,17.311,244,425,423
141,codicioso,h6_w0.3,True,63,38.625,577,988,976
141,a_estrella,h6_w0.3,True,23,337.067,6333,10352,10010
141,codicioso,h6_w0.6,True,71,17.569,383,657,652
141,a_estrella,h6_w0.6,True,23,226.093,3490,5695,5526
141,codicioso,h6_w1.0,True,65,39.547,631,1091,1071
141,a_estrella,h6_w1.0,True,23,144.121,2399,3877,3786
142,codicioso,h1,True,53,15.175,325,554,542
142,a_estrella,h1,True,27,3441.162,55676,86622,79733
142,codicioso,h2,True,47,27.536,482,834,824
142,a_estrella,h2,True,27,121.685,2156,3416,3345
142,codicioso,h3,True,55,17.214,185,308,305
142,a_estrella,h3,True,27,114.2,1285,2062,2029
142,codicioso,h4,True,55,17.131,184,306,303
142,a_estrella,h4,True,27,86.374,756,1220,1205
142,codicioso,h5,True,27,2.259,29,54,54
142,a_estrella,h5,True,27,6.003,76,132,130
142,codicioso,h6_w0.3,True,31,6.703,69,115,113
142,a_estrella,h6_w0.3,True,27,1428.762,20138,32321,31013
142,codicioso,h6_w0.6,True,55,4.666,111,191,189
142,a_estrella,h6_w0.6,True,27,376.351,7217,11514,11172
142,codicioso,h6_w1.0,True,47,23.54,482,834,824
142,a_estrella,h6_w1.0,True,27,123.342,2156,3416,3345
143,codicioso,h1,True,37,7.711,210,355,347
143,a_estrella,h1,True,19,107.298,2336,3878,3789
143,codicioso,h2,True,43,12.931,262,456,453
143,a_estrella,h2,True,19,16.428,373,618,612
143,codicioso,h3,True,19,4.018,27,49,49
143,a_estrella,h3,True,19,13.565,203,339,337
143,codicioso,h4,True,19,3.172,28,50,50
143,a_estrella,h4,True,19,9.641,132,225,224
143,codicioso,h5,True,27,3.795,81,141,141
143,a_estrella,h5,True,19,3.812,61,113,113
143,codicioso,h6_w0.3,True,37,6.849,140,239,237
143,a_estrella,h6_w0.3,True,19,56.557,954,1618,1588
143,codicioso,h6_w0.6,True,67,18.003,394,670,664
143,a_estrella,h6_w0.6,True,19,27.373,512,859,848
143,codicioso,h6_w1.0,True,43,16.04,262,456,453
143,a_estrella,h6_w1.0,True,19,20.981,373,618,612
144,codicioso,h1,True,48,35.344,711,1213,1193
144,a_estrella,h1,True,24,1040.662,18530,30071,28707
144,codicioso,h2,True,40,31.298,354,617,611
144,a_estrella,h2,True,24,121.0,2053,3319,3257
144,codicioso,h3,True,40,5.159,71,126,126
144,a_estrella,h3,True,24,85.859,1131,1808,1775
144,codicioso,h4,True,40,6.561,71,126,126
144,a_estrella,h4,True,24,67.562,970,1543,1517
144,codicioso,h5,True,24,1.343,26,50,50
144,a_estrella,h5,True,24,3.634,75,134,133
144,codicioso,h6_w0.3,True,78,28.075,600,1019,1005
144,a_estrella,h6_w0.3,True,24,380.24,7442,12158,11784
144,codicioso,h6_w0.6,True,50,5.777,124,218,216
144,a_estrella,h6_w0.6,True,24,182.301,3681,6034,5889
144,codicioso,h6_w1.0,True,40,16.801,354,617,611
144,a_estrella,h6_w1.0,True,24,96.112,2053,3319,3257
145,codicioso,h1,True,65,94.04,1973,3301,3230
145,a_estrella,h1,True,21,224.346,5649,9316,9045
145,codicioso,h2,True,43,4.522,116,195,194
145,a_estrella,h2,True,21,23.117,606,985,968
145,codicioso,h3,True,35,5.144,85,145,145
145,a_estrella,h3,True,21,20.281,323,531,524
145,codicioso,h4,True,35,6.421,83,142,142
145,a_estrella,h4,True,21,15.305,221,359,353
145,codicioso,h5,True,33,4.481,86,146,145
145,a_estrella,h5,True,21,5.564,112,189,188
145,codicioso,h6_w0.3,True,61,23.571,481,817,809
145,a_estrella,h6_w0.3,True,21,100.775,2054,3375,3291
145,codicioso,h6_w0.6,True,61,17.844,380,653,650
145,a_estrella,h6_w0.6,True,21,50.306,984,1603,1562
145,codicioso,h6_w1.0,True,43,6.568,116,195,194
145,a_estrella,h6_w1.0,True,21,35.478,606,985,968
146,codicioso,h1,True,57,66.679,1359,2246,2181
146,a_estrella,h1,True,25,1497.672,29298,46847,44125
146,codicioso,h2,True,59,7.011,148,248,246
146,a_estrella,h2,True,25,148.834,3210,5153,5043
146,codicioso,h3,True,45,7.26,96,172,172
146,a_estrella,h3,True,25,127.254,1721,2796,2747
146,codicioso,h4,True,45,8.417,96,172,172
146,a_estrella,h4,True,25,104.091,1287,2103,2072
146,codicioso,h5,True,37,4.087,56,105,105
146,a_estrella,h5,True,25,12.165,231,414,412
146,codicioso,h6_w0.3,True,55,18.002,317,539,527
146,a_estrella,h6_w0.3,True,25,706.46,11995,19414,18639
146,codicioso,h6_w0.6,True,75,20.119,375,648,645
146,a_estrella,h6_w0.6,True,25,321.902,5890,9581,9270
146,codicioso,h6_w1.0,True,59,7.321,148,248,246
146,a_estrella,h6_w1.0,True,25,151.898,3210,5153,5043
147,codicioso,h1,True,46,21.426,537,898,877
147,a_estrella,h1,True,22,428.866,8002,13206,12776
147,codicioso,h2,True,38,24.318,474,818,806
147,a_estrella,h2,True,22,60.942,1207,1967,1920
147,codicioso,h3,True,34,3.545,52,94,94
147,a_estrella,h3,True,22,45.142,649,1046,1025
147,codicioso,h4,True,34,4.742,52,94,94
147,a_estrella,h4,True,22,38.547,498,810,796
147,codicioso,h5,True,36,3.923,83,143,142
147,a_estrella,h5,True,22,9.13,173,306,303
147,codicioso,h6_w0.3,True,40,4.305,80,140,139
147,a_estrella,h6_w0.3,True,22,182.78,3340,5500,5353
147,codicioso,h6_w0.6,True,40,3.241,71,124,123
147,a_estrella,h6_w0.6,True,22,157.499,1795,2934,2863
147,codicioso,h6_w1.0,True,38,21.406,474,818,806
147,a_estrella,h6_w1.0,True,22,55.82,1207,1967,1920
148,codicioso,h1,True,16,4.648,101,173,169
148,a_estrella,h1,True,16,21.206,584,968,948
148,codicioso,h2,True,16,1.991,45,79,78
148,a_estrella,h2,True,16,6.866,177,297,293
148,codicioso,h3,True,20,3.556,58,98,97
148,a_estrella,h3,True,16,7.037,117,193,192
148,codicioso,h4,True,20,3.352,50,85,84
148,a_estrella,h4,True,16,7.283,110,182,182
148,codicioso,h5,True,16,0.829,18,34,34
148,a_estrella,h5,True,16,0.959,23,42,42
148,codicioso,h6_w0.3,True,16,1.91,47,82,80
148,a_estrella,h6_w0.3,True,16,13.444,311,521,513
148,codicioso,h6_w0.6,True,16,1.629,40,71,70
148,a_estrella,h6_w0.6,True,16,8.223,201,338,334
148,codicioso,h6_w1.0,True,16,1.928,45,79,78
148,a_estrella,h6_w1.0,True,16,7.08,177,297,293
149,codicioso,h1,True,42,8.625,221,376,368
149,a_estrella,h1,True,24,915.823,19193,31029,29597
149,codicioso,h2,True,58,23.511,554,957,946
149,a_estrella,h2,True,24,151.173,3236,5233,5107
149,codicioso,h3,True,28,3.593,58,102,102
149,a_estrella,h3,True,24,98.371,1584,2582,2543
149,codicioso,h4,True,28,4.341,57,100,100
149,a_estrella,h4,True,24,74.929,1097,1798,1774
149,codicioso,h5,True,36,4.654,49,89,89
149,a_estrella,h5,True,24,15.851,305,530,523
149,codicioso,h6_w0.3,True,52,20.31,408,687,679
149,a_estrella,h6_w0.3,True,24,451.123,8623,14022,13521
149,codicioso,h6_w0.6,True,56,17.158,391,673,668
149,a_estrella,h6_w0.6,True,24,234.289,4749,7761,7536
149,codicioso,h6_w1.0,True,58,26.525,554,957,946
149,a_estrella,h6_w1.0,True,24,159.377,3236,5233,5107
150,codicioso,h1,True,61,11.042,288,490,477
150,a_estrella,h1,True,19,102.624,2292,3813,3720
150,codicioso,h2,True,41,9.595,214,383,381
150,a_estrella,h2,True,19,13.836,358,592,584
150,codicioso,h3,True,31,7.694,108,183,181
150,a_estrella,h3,True,19,10.19,168,274,272
150,codicioso,h4,True,37,7.861,103,178,177
150,a_estrella,h4,True,19,7.323,111,184,183
150,codicioso,h5,True,19,0.981,21,38,38
150,a_estrella,h5,True,19,1.18,25,46,46
150,codicioso,h6_w0.3,True,59,11.081,243,417,408
150,a_estrella,h6_w0.3,True,19,41.857,952,1583,1553
150,codicioso,h6_w0.6,True,55,15.262,337,580,575
150,a_estrella,h6_w0.6,True,19,21.193,511,846,827
150,codicioso,h6_w1.0,True,41,10.24,214,383,381
150,a_estrella,h6_w1.0,True,19,15.259,358,592,584
151,codicioso,h1,True,58,47.629,1201,2002,1952
151,a_estrella,h1,True,16,16.423,452,771,756
151,codicioso,h2,True,30,2.815,76,134,133
151,a_estrella,h2,True,16,1.157,33,56,56
151,codicioso,h3,True,16,0.977,17,30,30
151,a_estrella,h3,True,16,1.336,24,41,41
151,codicioso,h4,True,16,1.06,17,30,30
151,a_estrella,h4,True,16,1.473,24,41,41
151,codicioso,h5,True,16,0.699,17,30,30
151,a_estrella,h5,True,16,0.673,17,30,30
151,codicioso,h6_w0.3,True,30,8.073,166,284,277
151,a_estrella,h6_w0.3,True,16,6.964,161,273,270
151,codicioso,h6_w0.6,True,30,5.433,110,192,189
151,a_estrella,h6_w0.6,True,16,2.913,63,108,107
151,codicioso,h6_w1.0,True,30,3.037,76,134,133
151,a_estrella,h6_w1.0,True,16,1.265,33,56,56
152,codicioso,h1,True,42,31.98,792,1323,1296
152,a_estrella,h1,True,20,148.319,3517,5917,5763
152,codicioso,h2,True,32,3.484,59,104,104
152,a_estrella,h2,True,20,7.057,184,301,297
152,codicioso,h3,True,32,3.118,51,92,92
152,a_estrella,h3,True,20,7.9,109,192,191
152,codicioso,h4,True,32,3.987,51,92,92
152,a_estrella,h4,True,20,2.623,40,71,70
152,codicioso,h5,True,20,0.986,21,42,42
152,a_estrella,h5,True,20,1.14,26,50,50
152,codicioso,h6_w0.3,True,42,23.97,487,834,823
152,a_estrella,h6_w0.3,True,20,50.117,1086,1810,1770
152,codicioso,h6_w0.6,True,42,18.071,383,656,651
152,a_estrella,h6_w0.6,True,20,21.836,438,729,716
152,codicioso,h6_w1.0,True,32,2.888,59,104,104
152,a_estrella,h6_w1.0,True,20,7.955,184,301,297
153,codicioso,h1,True,53,23.911,626,1059,1032
153,a_estrella,h1,True,19,84.769,2063,3433,3346
153,codicioso,h2,True,37,3.35,63,108,107
153,a_estrella,h2,True,19,6.915,142,235,234
153,codicioso,h3,True,37,4.988,67,123,123
153,a_estrella,h3,True,19,4.053,70,120,120
153,codicioso,h4,True,41,5.099,62,111,111
153,a_estrella,h4,True,19,3.554,50,88,88
153,codicioso,h5,True,19,1.575,20,39,39
153,a_estrella,h5,True,19,1.625,23,45,45
153,codicioso,h6_w0.3,True,41,4.72,82,142,141
153,a_estrella,h6_w0.3,True,19,39.238,700,1152,1124
153,codicioso,h6_w0.6,True,41,3.594,72,126,125
153,a_estrella,h6_w0.6,True,19,12.703,304,501,493
153,codicioso,h6_w1.0,True,37,3.331,63,108,107
153,a_estrella,h6_w1.0,True,19,5.485,142,235,234
154,codicioso,h1,True,56,10.999,285,482,468
154,a_estrella,h1,True,24,705.238,16460,26775,25653
154,codicioso,h2,True,50,26.529,599,1022,1007
154,a_estrella,h2,True,24,17.199,390,628,620
154,codicioso,h3,True,42,5.439,81,142,142
154,a_estrella,h3,True,24,16.553,266,437,433
154,codicioso,h4,True,36,4.771,70,120,120
154,a_estrella,h4,True,24,16.549,227,375,371
154,codicioso,h5,True,24,1.25,25,42,42
154,a_estrella,h5,True,24,1.696,41,70,69
154,codicioso,h6_w0.3,True,56,9.705,237,408,399
154,a_estrella,h6_w0.3,True,24,238.11,4526,7393,7194
154,codicioso,h6_w0.6,True,58,21.604,463,792,781
154,a_estrella,h6_w0.6,True,24,74.773,1499,2433,2383
154,codicioso,h6_w1.0,True,50,26.746,599,1022,1007
154,a_estrella,h6_w1.0,True,24,15.98,390,628,620
155,codicioso,h1,True,64,28.588,721,1214,1193
155,a_estrella,h1,True,20,121.662,2904,4819,4696
155,codicioso,h2,True,44,21.854,484,834,823
155,a_estrella,h2,True,20,15.497,382,625,621
155,codicioso,h3,True,24,2.304,28,49,49
155,a_estrella,h3,True,20,14.004,230,368,367
155,codicioso,h4,True,26,3.204,30,53,53
155,a_estrella,h4,True,20,14.978,214,355,354
155,codicioso,h5,True,22,1.029,24,41,41
155,a_estrella,h5,True,20,2.866,68,117,114
155,codicioso,h6_w0.3,True,24,2.252,55,93,91
155,a_estrella,h6_w0.3,True,20,48.676,1077,1759,1727
155,codicioso,h6_w0.6,True,80,19.834,425,718,712
155,a_estrella,h6_w0.6,True,20,28.273,548,894,879
155,codicioso,h6_w1.0,True,44,23.361,484,834,823
155,a_estrella,h6_w1.0,True,20,17.816,382,625,621
156,codicioso,h1,True,56,44.992,1200,2025,1977
156,a_estrella,h1,True,26,1779.175,37930,60101,56174
156,codicioso,h2,True,44,5.583,117,204,204
156,a_estrella,h2,True,26,123.328,3017,4850,4765
156,codicioso,h3,True,42,6.108,88,157,157
156,a_estrella,h3,True,26,115.999,1632,2648,2618
156,codicioso,h4,True,38,6.439,87,157,157
156,a_estrella,h4,True,26,105.489,1572,2552,2527
156,codicioso,h5,True,34,1.853,44,75,75
156,a_estrella,h5,True,26,10.9,241,426,424
156,codicioso,h6_w0.3,True,44,5.316,130,229,225
156,a_estrella,h6_w0.3,True,26,1045.398,14474,23389,22458
156,codicioso,h6_w0.6,True,44,6.974,105,186,185
156,a_estrella,h6_w0.6,True,26,435.734,6386,10279,9964
156,codicioso,h6_w1.0,True,44,7.759,117,204,204
156,a_estrella,h6_w1.0,True,26,210.389,3017,4850,4765
157,codicioso,h1,True,53,40.733,757,1281,1250
157,a_estrella,h1,True,25,1502.622,29716,47419,44652
157,codicioso,h2,True,49,13.919,314,542,535
157,a_estrella,h2,True,25,160.31,3660,5876,5735
157,codicioso,h3,True,35,4.44,73,127,127
157,a_estrella,h3,True,25,129.489,2011,3283,3220
157,codicioso,h4,True,35,7.429,73,127,127
157,a_estrella,h4,True,25,172.107,1656,2703,2652
157,codicioso,h5,True,43,6.388,99,169,168
157,a_estrella,h5,True,25,17.91,263,457,455
157,codicioso,h6_w0.3,True,53,9.658,155,269,264
157,a_estrella,h6_w0.3,True,25,788.263,12301,19897,19078
157,codicioso,h6_w0.6,True,53,8.667,126,218,217
157,a_estrella,h6_w0.6,True,25,396.431,6278,10175,9845
157,codicioso,h6_w1.0,True,49,13.152,314,542,535
157,a_estrella,h6_w1.0,True,25,235.614,3660,5876,5735
158,codicioso,h1,True,42,25.775,467,800,785
158,a_estrella,h1,True,22,507.941,8128,13434,12982
158,codicioso,h2,True,54,19.26,377,643,637
158,a_estrella,h2,True,22,54.669,1055,1726,1696
158,codicioso,h3,True,30,4.292,55,95,95
158,a_estrella,h3,True,22,42.382,597,985,970
158,codicioso,h4,True,30,5.516,55,95,95
158,a_estrella,h4,True,22,53.512,525,866,854
158,codicioso,h5,True,28,3.931,58,108,108
158,a_estrella,h5,True,22,5.798,86,162,162
158,codicioso,h6_w0.3,True,68,34.558,508,858,846
158,a_estrella,h6_w0.3,True,22,212.74,3250,5376,5233
158,codicioso,h6_w0.6,True,68,24.038,363,608,605
158,a_estrella,h6_w0.6,True,22,106.843,1649,2737,2665
158,codicioso,h6_w1.0,True,54,25.68,377,643,637
158,a_estrella,h6_w1.0,True,22,68.531,1055,1726,1696
159,codicioso,h1,True,44,40.759,752,1249,1218
159,a_estrella,h1,True,26,2427.199,39485,62245,57895
159,codicioso,h2,True,42,13.785,243,427,425
159,a_estrella,h2,True,26,418.282,6740,10765,10433
159,codicioso,h3,True,34,11.028,117,196,195
159,a_estrella,h3,True,26,335.998,3733,5988,5861
159,codicioso,h4,True,44,11.693,96,167,167
159,a_estrella,h4,True,26,272.634,2959,4772,4669
159,codicioso,h5,True,32,2.842,43,78,78
159,a_estrella,h5,True,26,32.497,563,976,964
159,codicioso,h6_w0.3,True,54,22.526,511,871,860
159,a_estrella,h6_w0.3,True,26,1218.769,18432,29469,27995
159,codicioso,h6_w0.6,True,70,25.521,400,680,674
159,a_estrella,h6_w0.6,True,26,642.07,10256,16502,15845
159,codicioso,h6_w1.0,True,42,15.439,243,427,425
159,a_estrella,h6_w1.0,True,26,445.035,6740,10765,10433
160,codicioso,h1,True,39,85.81,1548,2597,2548
160,a_estrella,h1,True,23,715.162,12793,20862,20018
160,codicioso,h2,True,37,18.812,313,540,536
160,a_estrella,h2,True,23,62.377,971,1566,1539
160,codicioso,h3,True,33,5.506,58,103,103
160,a_estrella,h3,True,23,54.056,612,1003,986
160,codicioso,h4,True,33,6.08,59,104,104
160,a_estrella,h4,True,23,38.934,398,653,642
160,codicioso,h5,True,31,3.219,51,92,92
160,a_estrella,h5,True,23,8.804,128,232,231
160,codicioso,h6_w0.3,True,37,25.522,398,673,668
160,a_estrella,h6_w0.3,True,23,270.496,4351,7140,6931
160,codicioso,h6_w0.6,True,37,18.032,272,467,464
160,a_estrella,h6_w0.6,True,23,130.348,1906,3112,3032
160,codicioso,h6_w1.0,True,37,20.294,313,540,536
160,a_estrella,h6_w1.0,True,23,66.119,971,1566,1539
161,codicioso,h1,True,67,61.016,1015,1706,1668
161,a_estrella,h1,True,21,312.695,5338,8801,8550
161,codicioso,h2,True,71,43.229,695,1196,1181
161,a_estrella,h2,True,21,16.603,411,671,663
161,codicioso,h3,True,35,5.861,96,170,170
161,a_estrella,h3,True,21,25.075,303,498,496
161,codicioso,h4,True,23,4.066,45,80,80
161,a_estrella,h4,True,21,16.6,171,286,286
161,codicioso,h5,True,21,1.784,24,47,47
161,a_estrella,h5,True,21,5.376,66,118,118
161,codicioso,h6_w0.3,True,49,27.79,397,667,658
161,a_estrella,h6_w0.3,True,21,106.274,1787,2963,2897
161,codicioso,h6_w0.6,True,49,19.384,293,496,491
161,a_estrella,h6_w0.6,True,21,49.348,794,1293,1268
161,codicioso,h6_w1.0,True,71,45.524,695,1196,1181
161,a_estrella,h6_w1.0,True,21,25.919,411,671,663
162,codicioso,h1,True,61,121.458,2136,3608,3529
162,a_estrella,h1,True,27,3559.363,57953,89813,82281
162,codicioso,h2,True,49,7.771,205,349,347
162,a_estrella,h2,True,27,423.568,7136,11330,11045
162,codicioso,h3,True,35,4.6,62,109,109
162,a_estrella,h3,True,27,282.275,3801,6124,6000
162,codicioso,h4,True,39,4.03,58,104,104
162,a_estrella,h4,True,27,204.297,2791,4474,4398
162,codicioso,h5,True,27,1.845,34,62,62
162,a_estrella,h5,True,27,27.489,509,895,892
162,codicioso,h6_w0.3,True,63,30.351,548,931,924
162,a_estrella,h6_w0.3,True,27,1434.965,25988,41280,39030
162,codicioso,h6_w0.6,True,69,9.226,183,313,311
162,a_estrella,h6_w0.6,True,27,774.935,13103,20889,20021
162,codicioso,h6_w1.0,True,49,8.669,205,349,347
162,a_estrella,h6_w1.0,True,27,369.321,7136,11330,11045
163,codicioso,h1,True,21,2.371,66,116,113
163,a_estrella,h1,True,19,111.631,2901,4851,4714
163,codicioso,h2,True,21,4.546,79,134,132
163,a_estrella,h2,True,19,33.147,869,1436,1404
163,codicioso,h3,True,21,2.164,34,61,61
163,a_estrella,h3,True,19,38.688,656,1093,1073
163,codicioso,h4,True,21,2.384,34,61,61
163,a_estrella,h4,True,19,42.388,608,1015,997
163,codicioso,h5,True,19,1.942,44,79,79
163,a_estrella,h5,True,19,12.433,294,504,498
163,codicioso,h6_w0.3,True,21,2.643,54,97,96
163,a_estrella,h6_w0.3,True,19,66.212,1557,2608,2549
163,codicioso,h6_w0.6,True,21,2.444,54,97,96
163,a_estrella,h6_w0.6,True,19,52.748,975,1618,1577
163,codicioso,h6_w1.0,True,21,3.405,79,134,132
163,a_estrella,h6_w1.0,True,19,36.77,869,1436,1404
164,codicioso,h1,True,67,70.53,1422,2396,2339
164,a_estrella,h1,True,19,90.799,2219,3694,3603
164,codicioso,h2,True,31,14.748,298,513,511
164,a_estrella,h2,True,19,9.462,260,427,423
164,codicioso,h3,True,41,6.514,96,165,164
164,a_estrella,h3,True,19,8.352,148,248,247
164,codicioso,h4,True,33,3.821,60,104,104
164,a_estrella,h4,True,19,10.312,133,223,223
164,codicioso,h5,True,19,1.038,22,42,42
164,a_estrella,h5,True,19,1.635,38,71,70
164,codicioso,h6_w0.3,True,51,20.124,394,666,657
164,a_estrella,h6_w0.3,True,19,42.07,855,1420,1394
164,codicioso,h6_w0.6,True,29,9.471,238,400,397
164,a_estrella,h6_w0.6,True,19,26.034,422,697,680
164,codicioso,h6_w1.0,True,31,15.748,298,513,511
164,a_estrella,h6_w1.0,True,19,11.519,260,427,423
165,codicioso,h1,True,59,48.173,1307,2198,2143
165,a_estrella,h1,True,25,1297.928,28440,45349,42733
165,codicioso,h2,True,57,5.563,147,245,243
165,a_estrella,h2,True,25,100.344,2484,3988,3917
165,codicioso,h3,True,53,9.931,153,259,258
165,a_estrella,h3,True,25,78.575,1349,2157,2125
165,codicioso,h4,True,53,10.238,153,259,258
165,a_estrella,h4,True,25,80.542,1255,2016,1987
165,codicioso,h5,True,29,1.758,41,75,75
165,a_estrella,h5,True,25,5.345,105,187,187
165,codicioso,h6_w0.3,True,65,15.668,380,649,633
165,a_estrella,h6_w0.3,True,25,537.314,10913,17656,16975
165,codicioso,h6_w0.6,True,57,5.219,126,216,215
165,a_estrella,h6_w0.6,True,25,231.12,4996,8085,7836
165,codicioso,h6_w1.0,True,57,5.723,147,245,243
165,a_estrella,h6_w1.0,True,25,113.658,2484,3988,3917
166,codicioso,h1,True,57,24.897,569,944,924
166,a_estrella,h1,True,23,630.441,13658,22195,21273
166,codicioso,h2,True,47,10.236,262,443,440
166,a_estrella,h2,True,23,69.296,1798,2883,2820
166,codicioso,h3,True,45,8.015,122,212,212
166,a_estrella,h3,True,23,54.657,961,1542,1518
166,codicioso,h4,True,37,4.7,59,106,106
166,a_estrella,h4,True,23,57.58,846,1365,1349
166,codicioso,h5,True,27,1.631,39,68,68
166,a_estrella,h5,True,23,6.7,125,222,221
166,codicioso,h6_w0.3,True,55,15.087,335,559,554
166,a_estrella,h6_w0.3,True,23,302.936,5625,9183,8879
166,codicioso,h6_w0.6,True,55,14.403,312,528,523
166,a_estrella,h6_w0.6,True,23,162.663,2923,4759,4633
166,codicioso,h6_w1.0,True,47,15.031,262,443,440
166,a_estrella,h6_w1.0,True,23,83.579,1798,2883,2820
167,codicioso,h1,True,33,23.91,647,1078,1049
167,a_estrella,h1,True,23,504.114,12938,21042,20185
167,codicioso,h2,True,55,22.374,372,640,632
167,a_estrella,h2,True,23,69.04,1196,1939,1911
167,codicioso,h3,True,31,4.547,53,98,98
167,a_estrella,h3,True,23,37.448,583,948,940
167,codicioso,h4,True,31,4.716,53,98,98
167,a_estrella,h4,True,23,28.083,324,533,528
167,codicioso,h5,True,29,4.16,53,95,95
167,a_estrella,h5,True,23,6.445,92,164,164
167,codicioso,h6_w0.3,True,55,29.3,414,697,686
167,a_estrella,h6_w0.3,True,23,236.348,4688,7726,7513
167,codicioso,h6_w0.6,True,55,12.914,287,487,481
167,a_estrella,h6_w0.6,True,23,98.267,2125,3466,3386
167,codicioso,h6_w1.0,True,55,17.056,372,640,632
167,a_estrella,h6_w1.0,True,23,53.82,1196,1939,1911
168,codicioso,h1,True,59,28.93,768,1296,1274
168,a_estrella,h1,True,21,215.347,5594,9295,9038
168,codicioso,h2,True,37,8.518,221,373,370
168,a_estrella,h2,True,21,22.869,555,915,901
168,codicioso,h3,True,33,3.998,53,96,96
168,a_estrella,h3,True,21,17.852,313,511,506
168,codicioso,h4,True,33,5.426,82,146,146
168,a_estrella,h4,True,21,13.505,218,358,354
168,codicioso,h5,True,27,1.426,32,60,60
168,a_estrella,h5,True,21,1.732,41,76,76
168,codicioso,h6_w0.3,True,35,10.467,243,408,405
168,a_estrella,h6_w0.3,True,21,96.528,2004,3316,3241
168,codicioso,h6_w0.6,True,35,10.067,245,416,413
168,a_estrella,h6_w0.6,True,21,40.434,982,1617,1584
168,codicioso,h6_w1.0,True,37,9.094,221,373,370
168,a_estrella,h6_w1.0,True,21,22.072,555,915,901
169,codicioso,h1,True,71,38.681,1092,1815,1767
169,a_estrella,h1,True,25,1301.621,28758,46065,43411
169,codicioso,h2,True,61,6.244,154,257,255
169,a_estrella,h2,True,25,102.922,2211,3562,3500
169,codicioso,h3,True,39,6.879,68,122,122
169,a_estrella,h3,True,25,64.764,1061,1735,1716
169,codicioso,h4,True,47,5.289,81,139,139
169,a_estrella,h4,True,25,49.352,732,1207,1192
169,codicioso,h5,True,41,4.857,93,156,155
169,a_estrella,h5,True,25,7.968,183,314,313
169,codicioso,h6_w0.3,True,61,12.337,263,446,431
169,a_estrella,h6_w0.3,True,25,528.033,10691,17347,16730
169,codicioso,h6_w0.6,True,61,9.126,215,363,352
169,a_estrella,h6_w0.6,True,25,235.38,4716,7657,7432
169,codicioso,h6_w1.0,True,61,6.56,154,257,255
169,a_estrella,h6_w1.0,True,25,114.96,2211,3562,3500
170,codicioso,h1,True,46,36.511,750,1253,1224
170,a_estrella,h1,True,22,310.048,7519,12487,12108
170,codicioso,h2,True,50,16.527,390,670,666
170,a_estrella,h2,True,22,23.264,602,972,960
170,codicioso,h3,True,32,3.005,43,80,80
170,a_estrella,h3,True,22,20.687,331,544,538
170,codicioso,h4,True,32,5.983,42,78,78
170,a_estrella,h4,True,22,23.396,271,448,444
170,codicioso,h5,True,22,1.007,23,41,41
170,a_estrella,h5,True,22,1.922,43,75,73
170,codicioso,h6_w0.3,True,50,21.165,454,774,765
170,a_estrella,h6_w0.3,True,22,130.412,2528,4171,4082
170,codicioso,h6_w0.6,True,50,14.002,333,567,564
170,a_estrella,h6_w0.6,True,22,45.662,1126,1850,1816
170,codicioso,h6_w1.0,True,50,17.152,390,670,666
170,a_estrella,h6_w1.0,True,22,29.24,602,972,960
171,codicioso,h1,True,37,7.727,221,376,368
171,a_estrella,h1,True,19,94.442,2577,4309,4200
171,codicioso,h2,True,41,9.523,246,432,430
171,a_estrella,h2,True,19,18.604,497,814,800
171,codicioso,h3,True,23,2.395,40,71,71
171,a_estrella,h3,True,19,22.725,304,498,493
171,codicioso,h4,True,23,4.116,39,69,69
171,a_estrella,h4,True,19,18.692,258,425,422
171,codicioso,h5,True,19,1.177,26,48,48
171,a_estrella,h5,True,19,2.335,53,94,94
171,codicioso,h6_w0.3,True,37,6.199,147,252,250
171,a_estrella,h6_w0.3,True,19,58.205,1178,1961,1917
171,codicioso,h6_w0.6,True,65,22.775,387,660,654
171,a_estrella,h6_w0.6,True,19,30.502,682,1128,1107
171,codicioso,h6_w1.0,True,41,10.482,246,432,430
171,a_estrella,h6_w1.0,True,19,21.792,497,814,800
172,codicioso,h1,True,29,11.479,325,551,542
172,a_estrella,h1,True,25,1249.517,28301,45246,42652
172,codicioso,h2,True,53,4.965,131,218,216
172,a_estrella,h2,True,25,73.902,1795,2859,2800
172,codicioso,h3,True,29,3.415,46,82,82
172,a_estrella,h3,True,25,62.557,986,1600,1569
172,codicioso,h4,True,29,4.226,46,82,82
172,a_estrella,h4,True,25,50.543,711,1146,1124
172,codicioso,h5,True,33,2.076,48,85,85
172,a_estrella,h5,True,25,5.882,137,241,241
172,codicioso,h6_w0.3,True,53,6.991,152,263,258
172,a_estrella,h6_w0.3,True,25,474.14,10229,16601,16011
172,codicioso,h6_w0.6,True,53,7.418,115,197,196
172,a_estrella,h6_w0.6,True,25,212.935,4294,6951,6764
172,codicioso,h6_w1.0,True,53,5.313,131,218,216
172,a_estrella,h6_w1.0,True,25,77.717,1795,2859,2800
173,codicioso,h1,True,44,35.649,983,1669,1639
173,a_estrella,h1,True,24,747.618,18369,29718,28306
173,codicioso,h2,True,48,10.845,200,349,348
173,a_estrella,h2,True,24,122.048,2272,3678,3598
173,codicioso,h3,True,38,7.485,124,212,212
173,a_estrella,h3,True,24,79.846,1211,1956,1927
173,codicioso,h4,True,50,6.851,105,185,185
173,a_estrella,h4,True,24,61.498,912,1478,1462
173,codicioso,h5,True,38,3.497,82,142,142
173,a_estrella,h5,True,24,7.605,156,287,287
173,codicioso,h6_w0.3,True,38,16.74,383,626,622
173,a_estrella,h6_w0.3,True,24,357.079,7488,12196,11796
173,codicioso,h6_w0.6,True,68,17.417,408,696,690
173,a_estrella,h6_w0.6,True,24,176.057,3750,6087,5912
173,codicioso,h6_w1.0,True,48,8.208,200,349,348
173,a_estrella,h6_w1.0,True,24,94.716,2272,3678,3598
174,codicioso,h1,True,22,2.441,72,126,123
174,a_estrella,h1,True,20,142.629,3745,6246,6073
174,codicioso,h2,True,22,3.986,72,126,125
174,a_estrella,h2,True,20,32.004,840,1378,1356
174,codicioso,h3,True,22,2.374,37,69,69
174,a_estrella,h3,True,20,34.411,510,834,823
174,codicioso,h4,True,22,3.291,37,69,69
174,a_estrella,h4,True,20,33.037,476,778,768
174,codicioso,h5,True,22,1.83,30,57,57
174,a_estrella,h5,True,20,3.882,80,145,145
174,codicioso,h6_w0.3,True,22,2.871,57,103,102
174,a_estrella,h6_w0.3,True,20,87.151,1767,2945,2879
174,codicioso,h6_w0.6,True,22,3.842,58,105,104
174,a_estrella,h6_w0.6,True,20,57.744,1020,1686,1647
174,codicioso,h6_w1.0,True,22,2.905,72,126,125
174,a_estrella,h6_w1.0,True,20,35.397,840,1378,1356
175,codicioso,h1,True,59,31.79,731,1228,1206
175,a_estrella,h1,True,27,2813.718,57868,89554,82077
175,codicioso,h2,True,61,16.293,417,714,709
175,a_estrella,h2,True,27,331.733,7023,11152,10863
175,codicioso,h3,True,41,8.361,113,193,192
175,a_estrella,h3,True,27,253.394,3612,5800,5690
175,codicioso,h4,True,35,6.297,84,144,144
175,a_estrella,h4,True,27,190.431,2651,4281,4208
175,codicioso,h5,True,37,3.495,79,139,139
175,a_estrella,h5,True,27,14.352,304,550,549
175,codicioso,h6_w0.3,True,57,21.479,365,620,614
175,a_estrella,h6_w0.3,True,27,1352.432,25873,41086,38910
175,codicioso,h6_w0.6,True,47,6.686,162,280,276
175,a_estrella,h6_w0.6,True,27,621.198,12999,20769,19945
175,codicioso,h6_w1.0,True,61,18.058,417,714,709
175,a_estrella,h6_w1.0,True,27,365.884,7023,11152,10863
176,codicioso,h1,True,56,81.777,1549,2568,2492
176,a_estrella,h1,True,24,759.989,17617,28543,27215
176,codicioso,h2,True,66,15.571,396,685,678
176,a_estrella,h2,True,24,72.786,1508,2453,2413
176,codicioso,h3,True,30,3.419,56,99,99
176,a_estrella,h3,True,24,62.124,968,1589,1567
176,codicioso,h4,True,30,3.444,51,91,91
176,a_estrella,h4,True,24,44.411,700,1140,1121
176,codicioso,h5,True,26,1.219,27,51,51
176,a_estrella,h5,True,24,4.97,117,208,208
176,codicioso,h6_w0.3,True,66,17.158,396,672,656
176,a_estrella,h6_w0.3,True,24,309.67,6598,10743,10364
176,codicioso,h6_w0.6,True,68,10.263,244,418,413
176,a_estrella,h6_w0.6,True,24,147.721,3066,5003,4882
176,codicioso,h6_w1.0,True,66,18.104,396,685,678
176,a_estrella,h6_w1.0,True,24,72.373,1508,2453,2413
177,codicioso,h1,True,13,2.808,65,113,111
177,a_estrella,h1,True,13,5.927,174,301,296
177,codicioso,h2,True,13,1.196,31,56,56
177,a_estrella,h2,True,13,2.062,56,95,94
177,codicioso,h3,True,13,1.042,16,30,30
177,a_estrella,h3,True,13,2.476,42,72,72
177,codicioso,h4,True,13,1.08,16,30,30
177,a_estrella,h4,True,13,2.803,42,72,72
177,codicioso,h5,True,13,0.639,14,28,28
177,a_estrella,h5,True,13,0.853,19,36,36
177,codicioso,h6_w0.3,True,13,2.073,46,78,76
177,a_estrella,h6_w0.3,True,13,4.062,88,152,151
177,codicioso,h6_w0.6,True,13,1.54,39,67,66
177,a_estrella,h6_w0.6,True,13,2.416,60,101,100
177,codicioso,h6_w1.0,True,13,1.32,31,56,56
177,a_estrella,h6_w1.0,True,13,2.152,56,95,94
178,codicioso,h1,True,32,7.932,212,362,354
178,a_estrella,h1,True,18,53.452,1351,2265,2210
178,codicioso,h2,True,36,3.739,103,172,170
178,a_estrella,h2,True,18,9.752,261,433,429
178,codicioso,h3,True,22,2.831,44,79,79
178,a_estrella,h3,True,18,8.675,156,258,255
178,codicioso,h4,True,22,2.899,44,79,79
178,a_estrella,h4,True,18,9.354,134,222,219
178,codicioso,h5,True,22,1.253,27,50,50
178,a_estrella,h5,True,18,2.963,67,117,116
178,codicioso,h6_w0.3,True,36,4.451,105,183,180
178,a_estrella,h6_w0.3,True,18,31.389,601,1008,986
178,codicioso,h6_w0.6,True,36,3.967,90,158,157
178,a_estrella,h6_w0.6,True,18,14.2,350,584,576
178,codicioso,h6_w1.0,True,36,4.257,103,172,170
178,a_estrella,h6_w1.0,True,18,10.395,261,433,429
179,codicioso,h1,True,46,29.258,707,1191,1164
179,a_estrella,h1,True,22,370.097,8034,13169,12748
179,codicioso,h2,True,28,2.272,58,101,101
179,a_estrella,h2,True,22,48.873,1183,1944,1913
179,codicioso,h3,True,28,2.372,38,67,67
179,a_estrella,h3,True,22,35.398,573,909,895
179,codicioso,h4,True,34,9.062,128,214,212
179,a_estrella,h4,True,22,23.069,352,560,555
179,codicioso,h5,True,24,1.801,40,72,72
179,a_estrella,h5,True,22,7.768,172,281,276
179,codicioso,h6_w0.3,True,28,2.7,63,112,112
179,a_estrella,h6_w0.3,True,22,157.762,3262,5309,5160
179,codicioso,h6_w0.6,True,28,3.561,58,101,101
179,a_estrella,h6_w0.6,True,22,107.223,1736,2850,2778
179,codicioso,h6_w1.0,True,28,3.554,58,101,101
179,a_estrella,h6_w1.0,True,22,63.655,1183,1944,1913
180,codicioso,h1,True,75,62.854,1624,2715,2658
180,a_estrella,h1,True,27,2564.023,56085,86938,79768
180,codicioso,h2,True,55,23.244,361,627,620
180,a_estrella,h2,True,27,209.189,4606,7321,7176
180,codicioso,h3,True,45,7.095,122,203,201
180,a_estrella,h3,True,27,184.441,2760,4414,4329
180,codicioso,h4,True,33,3.808,48,87,87
180,a_estrella,h4,True,27,121.442,1677,2716,2676
180,codicioso,h5,True,45,4.949,92,158,157
180,a_estrella,h5,True,27,21.367,410,714,709
180,codicioso,h6_w0.3,True,55,22.439,455,772,767
180,a_estrella,h6_w0.3,True,27,1261.018,22993,36693,34889
180,codicioso,h6_w0.6,True,55,20.166,346,599,596
180,a_estrella,h6_w0.6,True,27,514.557,10227,16269,15666
180,codicioso,h6_w1.0,True,55,15.92,361,627,620
180,a_estrella,h6_w1.0,True,27,207.343,4606,7321,7176
181,codicioso,h1,True,53,17.35,471,791,765
181,a_estrella,h1,True,25,1365.527,29397,46750,43975
181,codicioso,h2,True,37,3.832,97,163,162
181,a_estrella,h2,True,25,156.322,3569,5719,5579
181,codicioso,h3,True,39,4.805,78,131,131
181,a_estrella,h3,True,25,150.546,1918,3081,3022
181,codicioso,h4,True,39,5.361,78,131,131
181,a_estrella,h4,True,25,92.044,1378,2219,2181
181,codicioso,h5,True,35,3.336,76,133,133
181,a_estrella,h5,True,25,14.393,327,563,559
181,codicioso,h6_w0.3,True,53,10.18,238,411,402
181,a_estrella,h6_w0.3,True,25,627.605,12279,19778,18964
181,codicioso,h6_w0.6,True,71,21.27,467,800,789
181,a_estrella,h6_w0.6,True,25,348.299,6153,9923,9601
181,codicioso,h6_w1.0,True,37,4.215,97,163,162
181,a_estrella,h6_w1.0,True,25,154.752,3569,5719,5579
182,codicioso,h1,True,65,40.069,783,1322,1281
182,a_estrella,h1,True,25,1259.443,26991,43330,41064
182,codicioso,h2,True,77,30.95,669,1151,1136
182,a_estrella,h2,True,25,35.358,778,1221,1195
182,codicioso,h3,True,43,7.128,90,153,153
182,a_estrella,h3,True,25,26.909,420,661,650
182,codicioso,h4,True,31,3.954,61,101,100
182,a_estrella,h4,True,25,17.259,269,420,413
182,codicioso,h5,True,25,1.528,28,48,48
182,a_estrella,h5,True,25,4.246,38,67,67
182,codicioso,h6_w0.3,True,47,14.897,107,185,184
182,a_estrella,h6_w0.3,True,25,430.539,8053,13112,12728
182,codicioso,h6_w0.6,True,47,4.181,88,150,149
182,a_estrella,h6_w0.6,True,25,125.634,2622,4211,4109
182,codicioso,h6_w1.0,True,77,35.461,669,1151,1136
182,a_estrella,h6_w1.0,True,25,43.885,778,1221,1195
183,codicioso,h1,True,70,46.444,1120,1867,1818
183,a_estrella,h1,True,26,1896.403,37069,58795,55109
183,codicioso,h2,True,58,12.366,284,493,491
183,a_estrella,h2,True,26,108.745,2177,3467,3383
183,codicioso,h3,True,36,5.042,54,92,92
183,a_estrella,h3,True,26,86.389,1221,1954,1923
183,codicioso,h4,True,38,6.38,84,141,140
183,a_estrella,h4,True,26,50.924,715,1164,1152
183,codicioso,h5,True,54,5.05,116,200,200
183,a_estrella,h5,True,26,5.697,132,231,231
183,codicioso,h6_w0.3,True,54,9.367,214,361,358
183,a_estrella,h6_w0.3,True,26,642.978,12941,20962,20192
183,codicioso,h6_w0.6,True,82,18.98,426,724,718
183,a_estrella,h6_w0.6,True,26,262.123,5108,8218,7980
183,codicioso,h6_w1.0,True,58,17.189,284,493,491
183,a_estrella,h6_w1.0,True,26,104.555,2177,3467,3383
184,codicioso,h1,True,50,16.207,463,783,766
184,a_estrella,h1,True,26,1750.424,37852,59790,55872
184,codicioso,h2,True,56,23.322,517,894,884
184,a_estrella,h2,True,26,151.193,3105,4968,4869
184,codicioso,h3,True,50,5.595,92,159,159
184,a_estrella,h3,True,26,106.6,1781,2863,2810
184,codicioso,h4,True,36,4.212,65,112,112
184,a_estrella,h4,True,26,85.99,1324,2140,2098
184,codicioso,h5,True,34,2.198,47,87,87
184,a_estrella,h5,True,26,12.572,216,382,380
184,codicioso,h6_w0.3,True,70,20.029,423,712,705
184,a_estrella,h6_w0.3,True,26,734.375,14772,23770,22816
184,codicioso,h6_w0.6,True,70,18.341,408,689,682
184,a_estrella,h6_w0.6,True,26,301.464,6560,10616,10313
184,codicioso,h6_w1.0,True,56,21.517,517,894,884
184,a_estrella,h6_w1.0,True,26,140.728,3105,4968,4869
185,codicioso,h1,True,55,53.307,1185,1987,1945
185,a_estrella,h1,True,21,243.336,5718,9480,9188
185,codicioso,h2,True,55,4.804,132,222,220
185,a_estrella,h2,True,21,24.814,651,1069,1046
185,codicioso,h3,True,37,3.57,59,106,106
185,a_estrella,h3,True,21,25.478,408,685,671
185,codicioso,h4,True,37,3.877,59,106,106
185,a_estrella,h4,True,21,21.731,339,561,550
185,codicioso,h5,True,39,4.379,92,156,155
185,a_estrella,h5,True,21,5.543,130,232,228
185,codicioso,h6_w0.3,True,65,20.564,453,773,768
185,a_estrella,h6_w0.3,True,21,95.815,2143,3544,3455
185,codicioso,h6_w0.6,True,65,17.151,382,660,657
185,a_estrella,h6_w0.6,True,21,66.595,1025,1683,1647
185,codicioso,h6_w1.0,True,55,8.396,132,222,220
185,a_estrella,h6_w1.0,True,21,35.164,651,1069,1046
186,codicioso,h1,True,44,41.76,1162,1950,1911
186,a_estrella,h1,True,20,156.585,4234,6959,6743
186,codicioso,h2,True,28,11.256,137,234,233
186,a_estrella,h2,True,20,37.454,760,1242,1223
186,codicioso,h3,True,20,4.942,62,111,111
186,a_estrella,h3,True,20,28.064,492,796,782
186,codicioso,h4,True,20,4.071,53,91,91
186,a_estrella,h4,True,20,25.434,406,655,645
186,codicioso,h5,True,24,1.499,35,63,63
186,a_estrella,h5,True,20,6.247,106,187,186
186,codicioso,h6_w0.3,True,46,18.234,412,696,691
186,a_estrella,h6_w0.3,True,20,81.384,1845,3022,2948
186,codicioso,h6_w0.6,True,46,13.679,318,545,542
186,a_estrella,h6_w0.6,True,20,45.491,1058,1740,1702
186,codicioso,h6_w1.0,True,28,5.441,137,234,233
186,a_estrella,h6_w1.0,True,20,34.364,760,1242,1223
187,codicioso,h1,True,59,35.967,992,1670,1630
187,a_estrella,h1,True,25,1244.518,28608,45606,43027
187,codicioso,h2,True,25,1.769,45,79,79
187,a_estrella,h2,True,25,90.273,2339,3738,3673
187,codicioso,h3,True,25,3.202,36,64,64
187,a_estrella,h3,True,25,90.988,1397,2247,2212
187,codicioso,h4,True,25,3.497,38,67,67
187,a_estrella,h4,True,25,77.259,1003,1613,1595
187,codicioso,h5,True,35,2.41,43,82,82
187,a_estrella,h5,True,25,7.048,102,187,186
187,codicioso,h6_w0.3,True,73,16.231,245,414,409
187,a_estrella,h6_w0.3,True,25,574.809,10904,17651,16992
187,codicioso,h6_w0.6,True,89,18.688,435,740,733
187,a_estrella,h6_w0.6,True,25,275.147,4950,7986,7753
187,codicioso,h6_w1.0,True,25,2.817,45,79,79
187,a_estrella,h6_w1.0,True,25,115.477,2339,3738,3673
188,codicioso,h1,True,68,40.781,1101,1828,1780
188,a_estrella,h1,True,26,1803.205,38459,60861,56770
188,codicioso,h2,True,50,10.115,270,453,450
188,a_estrella,h2,True,26,177.671,4040,6456,6309
188,codicioso,h3,True,42,4.862,80,138,138
188,a_estrella,h3,True,26,116.401,2018,3293,3233
188,codicioso,h4,True,50,6.735,100,180,180
188,a_estrella,h4,True,26,135.54,1874,3066,3015
188,codicioso,h5,True,44,6.295,97,162,161
188,a_estrella,h5,True,26,12.662,186,327,326
188,codicioso,h6_w0.3,True,64,31.643,501,845,834
188,a_estrella,h6_w0.3,True,26,802.461,15789,25484,24339
188,codicioso,h6_w0.6,True,58,15.044,329,552,547
188,a_estrella,h6_w0.6,True,26,397.896,7621,12333,11907
188,codicioso,h6_w1.0,True,50,11.782,270,453,450
188,a_estrella,h6_w1.0,True,26,192.361,4040,6456,6309
189,codicioso,h1,True,60,10.687,271,460,446
189,a_estrella,h1,True,22,357.884,7752,12752,12355
189,codicioso,h2,True,50,24.899,569,982,967
189,a_estrella,h2,True,22,43.123,977,1595,1572
189,codicioso,h3,True,32,4.26,76,126,126
189,a_estrella,h3,True,22,26.583,467,754,746
189,codicioso,h4,True,32,4.273,69,115,115
189,a_estrella,h4,True,22,21.036,349,562,555
189,codicioso,h5,True,32,2.495,51,92,92
189,a_estrella,h5,True,22,2.966,70,122,121
189,codicioso,h6_w0.3,True,60,18.04,433,731,726
189,a_estrella,h6_w0.3,True,22,167.208,3014,4957,4835
189,codicioso,h6_w0.6,True,60,14.643,336,576,573
189,a_estrella,h6_w0.6,True,22,64.145,1532,2487,2437
189,codicioso,h6_w1.0,True,50,23.629,569,982,967
189,a_estrella,h6_w1.0,True,22,42.758,977,1595,1572
190,codicioso,h1,True,58,17.187,504,830,811
190,a_estrella,h1,True,24,940.761,21603,34829,33127
190,codicioso,h2,True,56,27.37,632,1093,1075
190,a_estrella,h2,True,24,87.459,2190,3523,3445
190,codicioso,h3,True,26,3.424,53,92,91
190,a_estrella,h3,True,24,87.753,1233,1997,1963
190,codicioso,h4,True,26,5.171,52,90,89
190,a_estrella,h4,True,24,80.251,912,1491,1469
190,codicioso,h5,True,24,1.933,26,50,50
190,a_estrella,h5,True,24,11.683,173,307,302
190,codicioso,h6_w0.3,True,48,15.545,232,402,393
190,a_estrella,h6_w0.3,True,24,403.589,8095,13232,12807
190,codicioso,h6_w0.6,True,68,23.139,458,787,776
190,a_estrella,h6_w0.6,True,24,208.349,3883,6288,6100
190,codicioso,h6_w1.0,True,56,37.998,632,1093,1075
190,a_estrella,h6_w1.0,True,24,105.13,2190,3523,3445
191,codicioso,h1,True,29,23.927,550,925,900
191,a_estrella,h1,True,19,92.456,2231,3739,3656
191,codicioso,h2,True,51,18.726,369,633,628
191,a_estrella,h2,True,19,11.074,306,504,500
191,codicioso,h3,True,29,4.386,60,105,105
191,a_estrella,h3,True,19,7.651,137,224,224
191,codicioso,h4,True,29,3.447,53,93,93
191,a_estrella,h4,True,19,4.919,75,128,128
191,codicioso,h5,True,27,2.116,50,90,90
191,a_estrella,h5,True,19,1.532,37,68,68
191,codicioso,h6_w0.3,True,51,17.757,413,695,684
191,a_estrella,h6_w0.3,True,19,38.843,875,1448,1421
191,codicioso,h6_w0.6,True,51,12.087,282,478,472
191,a_estrella,h6_w0.6,True,19,31.274,434,723,710
191,codicioso,h6_w1.0,True,51,21.548,369,633,628
191,a_estrella,h6_w1.0,True,19,19.649,306,504,500
192,codicioso,h1,True,51,13.101,300,501,491
192,a_estrella,h1,True,23,529.796,12596,20599,19833
192,codicioso,h2,True,41,6.294,103,172,171
192,a_estrella,h2,True,23,58.64,1016,1633,1608
192,codicioso,h3,True,35,5.615,81,141,141
192,a_estrella,h3,True,23,37.793,472,758,750
192,codicioso,h4,True,49,9.153,112,195,195
192,a_estrella,h4,True,23,17.017,274,443,440
192,codicioso,h5,True,23,1.076,25,46,46
192,a_estrella,h5,True,23,3.662,83,144,143
192,codicioso,h6_w0.3,True,63,10.802,268,459,450
192,a_estrella,h6_w0.3,True,23,220.84,4309,7061,6862
192,codicioso,h6_w0.6,True,41,3.77,89,157,156
192,a_estrella,h6_w0.6,True,23,91.595,1930,3144,3075
192,codicioso,h6_w1.0,True,41,4.019,103,172,171
192,a_estrella,h6_w1.0,True,23,42.056,1016,1633,1608
193,codicioso,h1,True,42,11.561,332,563,554
193,a_estrella,h1,True,24,816.75,18048,29134,27802
193,codicioso,h2,True,36,18.82,311,538,534
193,a_estrella,h2,True,24,103.268,2109,3410,3336
193,codicioso,h3,True,40,9.553,96,170,170
193,a_estrella,h3,True,24,85.098,1219,1963,1927
193,codicioso,h4,True,40,6.578,96,170,170
193,a_estrella,h4,True,24,63.567,846,1370,1348
193,codicioso,h5,True,48,6.141,102,176,176
193,a_estrella,h5,True,24,9.565,193,349,348
193,codicioso,h6_w0.3,True,54,9.18,180,307,304
193,a_estrella,h6_w0.3,True,24,359.653,7032,11401,11031
193,codicioso,h6_w0.6,True,50,6.63,122,213,212
193,a_estrella,h6_w0.6,True,24,158.411,3467,5648,5494
193,codicioso,h6_w1.0,True,36,21.169,311,538,534
193,a_estrella,h6_w1.0,True,24,119.728,2109,3410,3336
194,codicioso,h1,True,61,52.529,1283,2136,2084
194,a_estrella,h1,True,21,205.992,5361,8851,8592
194,codicioso,h2,True,47,14.488,372,640,631
194,a_estrella,h2,True,21,17.782,486,792,784
194,codicioso,h3,True,37,7.849,120,205,203
194,a_estrella,h3,True,21,16.529,280,460,458
194,codicioso,h4,True,37,7.115,111,187,185
194,a_estrella,h4,True,21,12.316,172,288,288
194,codicioso,h5,True,23,1.132,26,46,46
194,a_estrella,h5,True,21,3.128,73,133,132
194,codicioso,h6_w0.3,True,61,17.347,412,694,687
194,a_estrella,h6_w0.3,True,21,79.778,1846,3041,2971
194,codicioso,h6_w0.6,True,47,19.037,318,533,526
194,a_estrella,h6_w0.6,True,21,36.357,839,1370,1346
194,codicioso,h6_w1.0,True,47,15.492,372,640,631
194,a_estrella,h6_w1.0,True,21,19.075,486,792,784
195,codicioso,h1,True,41,18.857,553,917,896
195,a_estrella,h1,True,23,639.905,14038,22843,21887
195,codicioso,h2,True,37,16.545,351,608,601
195,a_estrella,h2,True,23,113.247,2117,3419,3338
195,codicioso,h3,True,37,7.381,78,131,131
195,a_estrella,h3,True,23,84.31,1280,2084,2042
195,codicioso,h4,True,31,7.883,79,136,136
195,a_estrella,h4,True,23,65.35,1036,1690,1659
195,codicioso,h5,True,31,2.704,63,113,113
195,a_estrella,h5,True,23,10.619,252,442,438
195,codicioso,h6_w0.3,True,41,17.242,421,707,700
195,a_estrella,h6_w0.3,True,23,329.276,5999,9819,9499
195,codicioso,h6_w0.6,True,39,3.883,92,163,162
195,a_estrella,h6_w0.6,True,23,139.553,3192,5222,5073
195,codicioso,h6_w1.0,True,37,15.413,351,608,601
195,a_estrella,h6_w1.0,True,23,102.864,2117,3419,3338
196,codicioso,h1,True,63,60.432,1648,2770,2709
196,a_estrella,h1,True,25,1300.86,29328,46882,44264
196,codicioso,h2,True,31,4.668,122,207,206
196,a_estrella,h2,True,25,128.956,3052,4922,4819
196,codicioso,h3,True,25,2.293,29,52,52
196,a_estrella,h3,True,25,113.888,1645,2686,2645
196,codicioso,h4,True,25,1.997,29,52,52
196,a_estrella,h4,True,25,106.895,1261,2066,2037
196,codicioso,h5,True,33,5.071,73,128,128
196,a_estrella,h5,True,25,18.985,325,561,555
196,codicioso,h6_w0.3,True,57,8.341,161,278,273
196,a_estrella,h6_w0.3,True,25,580.973,11643,18837,18139
196,codicioso,h6_w0.6,True,49,7.155,174,299,296
196,a_estrella,h6_w0.6,True,25,242.557,5629,9104,8836
196,codicioso,h6_w1.0,True,31,4.977,122,207,206
196,a_estrella,h6_w1.0,True,25,131.047,3052,4922,4819
197,codicioso,h1,True,32,8.369,202,340,336
197,a_estrella,h1,True,16,20.248,547,911,894
197,codicioso,h2,True,36,4.929,134,231,230
197,a_estrella,h2,True,16,3.153,64,106,105
197,codicioso,h3,True,28,5.215,75,131,131
197,a_estrella,h3,True,16,2.488,45,75,75
197,codicioso,h4,True,16,1.31,20,36,36
197,a_estrella,h4,True,16,1.546,25,43,43
197,codicioso,h5,True,16,0.75,17,32,32
197,a_estrella,h5,True,16,0.815,17,32,32
197,codicioso,h6_w0.3,True,44,10.992,232,387,382
197,a_estrella,h6_w0.3,True,16,9.196,214,361,359
197,codicioso,h6_w0.6,True,44,9.374,230,387,382
197,a_estrella,h6_w0.6,True,16,5.345,104,174,173
197,codicioso,h6_w1.0,True,36,5.427,134,231,230
197,a_estrella,h6_w1.0,True,16,2.666,64,106,105
198,codicioso,h1,True,34,7.987,205,351,345
198,a_estrella,h1,True,20,126.456,3317,5557,5413
198,codicioso,h2,True,38,3.673,99,165,163
198,a_estrella,h2,True,20,17.235,453,747,739
198,codicioso,h3,True,22,2.305,39,69,69
198,a_estrella,h3,True,20,23.809,291,491,485
198,codicioso,h4,True,22,3.217,39,69,69
198,a_estrella,h4,True,20,27.399,273,460,454
198,codicioso,h5,True,28,3.478,49,94,94
198,a_estrella,h5,True,20,4.776,70,127,126
198,codicioso,h6_w0.3,True,34,5.614,92,160,159
198,a_estrella,h6_w0.3,True,20,58.526,1353,2245,2194
198,codicioso,h6_w0.6,True,38,3.328,83,144,143
198,a_estrella,h6_w0.6,True,20,31.273,730,1203,1181
198,codicioso,h6_w1.0,True,38,5.477,99,165,163
198,a_estrella,h6_w1.0,True,20,22.482,453,747,739
199,codicioso,h1,True,23,10.361,283,484,471
199,a_estrella,h1,True,23,538.977,13590,22065,21111
199,codicioso,h2,True,45,7.586,198,347,346
199,a_estrella,h2,True,23,70.638,1771,2872,2803
199,codicioso,h3,True,37,6.668,106,187,186
199,a_estrella,h3,True,23,76.303,1164,1904,1860
199,codicioso,h4,True,37,8.404,105,186,185
199,a_estrella,h4,True,23,64.406,983,1610,1571
199,codicioso,h5,True,23,1.721,40,70,70
199,a_estrella,h5,True,23,11.472,252,437,433
199,codicioso,h6_w0.3,True,23,2.395,53,95,95
199,a_estrella,h6_w0.3,True,23,255.559,5536,9055,8780
199,codicioso,h6_w0.6,True,65,17.122,397,678,672
199,a_estrella,h6_w0.6,True,23,127.209,2817,4609,4486
199,codicioso,h6_w1.0,True,45,13.885,198,347,346
199,a_estrella,h6_w1.0,True,23,92.169,1771,2872,2803
200,codicioso,h1,True,44,12.986,303,516,506
200,a_estrella,h1,True,20,133.937,3115,5233,5097
200,codicioso,h2,True,46,5.854,130,218,216
200,a_estrella,h2,True,20,10.749,251,420,417
200,codicioso,h3,True,20,2.882,33,58,58
200,a_estrella,h3,True,20,9.333,148,250,250
200,codicioso,h4,True,20,2.434,33,58,58
200,a_estrella,h4,True,20,10.56,136,231,231
200,codicioso,h5,True,20,1.487,31,58,58
200,a_estrella,h5,True,20,1.495,35,65,64
200,codicioso,h6_w0.3,True,66,21.297,474,798,788
200,a_estrella,h6_w0.3,True,20,53.934,1077,1809,1775
200,codicioso,h6_w0.6,True,46,7.506,163,279,278
200,a_estrella,h6_w0.6,True,20,28.236,469,777,765
200,codicioso,h6_w1.0,True,46,5.136,130,218,216
200,a_estrella,h6_w1.0,True,20,12.245,251,420,417
201,codicioso,h1,True,40,9.387,233,403,394
201,a_estrella,h1,True,22,391.576,8292,13746,13277
201,codicioso,h2,True,56,15.363,382,653,647
201,a_estrella,h2,True,22,50.182,1289,2119,2077
201,codicioso,h3,True,40,6.817,87,154,154
201,a_estrella,h3,True,22,51.409,739,1229,1208
201,codicioso,h4,True,40,6.103,87,154,154
201,a_estrella,h4,True,22,50.38,701,1167,1146
201,codicioso,h5,True,22,1.322,30,54,54
201,a_estrella,h5,True,22,7.123,166,283,282
201,codicioso,h6_w0.3,True,70,21.678,506,856,844
201,a_estrella,h6_w0.3,True,22,165.446,3479,5737,5573
201,codicioso,h6_w0.6,True,70,18.2,364,611,608
201,a_estrella,h6_w0.6,True,22,104.911,1905,3139,3057
201,codicioso,h6_w1.0,True,56,20.576,382,653,647
201,a_estrella,h6_w1.0,True,22,73.874,1289,2119,2077
202,codicioso,h1,True,58,30.941,748,1264,1223
202,a_estrella,h1,True,24,731.464,17540,28322,27028
202,codicioso,h2,True,46,14.04,362,631,625
202,a_estrella,h2,True,24,62.492,1678,2716,2668
202,codicioso,h3,True,40,5.936,95,164,163
202,a_estrella,h3,True,24,88.017,1068,1715,1689
202,codicioso,h4,True,30,5.084,58,102,102
202,a_estrella,h4,True,24,64.53,771,1245,1227
202,codicioso,h5,True,30,2.783,57,102,102
202,a_estrella,h5,True,24,10.706,193,333,328
202,codicioso,h6_w0.3,True,66,19.731,399,673,665
202,a_estrella,h6_w0.3,True,24,344.653,6456,10481,10135
202,codicioso,h6_w0.6,True,68,17.197,362,619,613
202,a_estrella,h6_w0.6,True,24,145.355,3010,4879,4735
202,codicioso,h6_w1.0,True,46,17.619,362,631,625
202,a_estrella,h6_w1.0,True,24,80.054,1678,2716,2668
203,codicioso,h1,True,65,22.99,563,940,918
203,a_estrella,h1,True,21,244.305,5858,9677,9391
203,codicioso,h2,True,39,8.471,178,315,314
203,a_estrella,h2,True,21,38.074,819,1339,1315
203,codicioso,h3,True,39,6.768,67,119,119
203,a_estrella,h3,True,21,24.967,383,622,615
203,codicioso,h4,True,23,3.028,48,83,83
203,a_estrella,h4,True,21,25.228,282,460,457
203,codicioso,h5,True,23,2.211,32,56,56
203,a_estrella,h5,True,21,4.2,63,107,107
203,codicioso,h6_w0.3,True,55,25.706,551,938,927
203,a_estrella,h6_w0.3,True,21,102.13,2375,3922,3820
203,codicioso,h6_w0.6,True,53,14.762,355,604,599
203,a_estrella,h6_w0.6,True,21,51.535,1218,1991,1946
203,codicioso,h6_w1.0,True,39,7.665,178,315,314
203,a_estrella,h6_w1.0,True,21,38.986,819,1339,1315
204,codicioso,h1,True,56,30.902,697,1172,1146
204,a_estrella,h1,True,24,772.866,17585,28535,27270
204,codicioso,h2,True,48,14.337,348,601,594
204,a_estrella,h2,True,24,57.127,1384,2251,2223
204,codicioso,h3,True,40,7.754,103,181,181
204,a_estrella,h3,True,24,59.323,919,1498,1484
204,codicioso,h4,True,26,2.943,44,79,79
204,a_estrella,h4,True,24,43.536,636,1047,1043
204,codicioso,h5,True,26,1.503,29,52,52
204,a_estrella,h5,True,24,10.142,239,405,397
204,codicioso,h6_w0.3,True,60,8.302,211,347,341
204,a_estrella,h6_w0.3,True,24,310.957,6271,10313,10012
204,codicioso,h6_w0.6,True,60,6.591,161,272,270
204,a_estrella,h6_w0.6,True,24,128.071,2807,4567,4451
204,codicioso,h6_w1.0,True,48,14.523,348,601,594
204,a_estrella,h6_w1.0,True,24,57.617,1384,2251,2223
205,codicioso,h1,True,42,18.421,532,891,871
205,a_estrella,h1,True,24,928.206,22385,35923,34153
205,codicioso,h2,True,44,31.535,481,831,820
205,a_estrella,h2,True,24,156.862,3049,4926,4808
205,codicioso,h3,True,36,6.871,116,194,192
205,a_estrella,h3,True,24,93.722,1608,2566,2518
205,codicioso,h4,True,48,8.178,110,191,191
205,a_estrella,h4,True,24,77.952,1176,1883,1850
205,codicioso,h5,True,30,1.982,42,78,78
205,a_estrella,h5,True,24,13.979,276,478,475
205,codicioso,h6_w0.3,True,42,16.166,359,614,609
205,a_estrella,h6_w0.3,True,24,448.972,9294,15033,14511
205,codicioso,h6_w0.6,True,42,15.222,362,625,620
205,a_estrella,h6_w0.6,True,24,208.891,4861,7859,7630
205,codicioso,h6_w1.0,True,44,19.887,481,831,820
205,a_estrella,h6_w1.0,True,24,162.373,3049,4926,4808
206,codicioso,h1,True,78,83.06,1571,2625,2569
206,a_estrella,h1,True,26,1632.796,36601,58061,54318
206,codicioso,h2,True,54,14.084,358,612,608
206,a_estrella,h2,True,26,60.674,1535,2453,2417
206,codicioso,h3,True,44,5.247,87,151,151
206,a_estrella,h3,True,26,57.764,1000,1629,1607
206,codicioso,h4,True,44,5.1,79,137,137
206,a_estrella,h4,True,26,40.725,586,962,955
206,codicioso,h5,True,30,2.035,46,83,83
206,a_estrella,h5,True,26,6.359,146,262,259
206,codicioso,h6_w0.3,True,64,25.858,580,989,975
206,a_estrella,h6_w0.3,True,26,694.254,12350,19945,19193
206,codicioso,h6_w0.6,True,54,22.436,329,559,556
206,a_estrella,h6_w0.6,True,26,216.192,4580,7391,7181
206,codicioso,h6_w1.0,True,54,15.188,358,612,608
206,a_estrella,h6_w1.0,True,26,64.85,1535,2453,2417
207,codicioso,h1,True,49,49.239,1152,1953,1913
207,a_estrella,h1,True,23,503.694,12694,20739,19908
207,codicioso,h2,True,47,4.706,127,211,209
207,a_estrella,h2,True,23,34.134,860,1395,1373
207,codicioso,h3,True,27,3.882,51,92,92
207,a_estrella,h3,True,23,32.166,568,935,922
207,codicioso,h4,True,27,3.161,49,86,86
207,a_estrella,h4,True,23,21.074,339,562,556
207,codicioso,h5,True,45,4.13,94,160,159
207,a_estrella,h5,True,23,3.049,69,131,130
207,codicioso,h6_w0.3,True,47,5.975,144,250,245
207,a_estrella,h6_w0.3,True,23,195.046,4337,7140,6950
207,codicioso,h6_w0.6,True,47,4.416,110,189,188
207,a_estrella,h6_w0.6,True,23,98.808,1835,3005,2936
207,codicioso,h6_w1.0,True,47,9.066,127,211,209
207,a_estrella,h6_w1.0,True,23,45.271,860,1395,1373
208,codicioso,h1,True,47,7.838,220,375,371
208,a_estrella,h1,True,23,573.379,14104,23062,22157
208,codicioso,h2,True,45,9.879,238,402,399
208,a_estrella,h2,True,23,78.549,1879,3038,2976
208,codicioso,h3,True,33,4.65,58,107,107
208,a_estrella,h3,True,23,64.348,926,1507,1482
208,codicioso,h4,True,25,6.661,82,143,142
208,a_estrella,h4,True,23,54.489,691,1124,1109
208,codicioso,h5,True,27,2.811,33,62,62
208,a_estrella,h5,True,23,8.162,117,215,215
208,codicioso,h6_w0.3,True,79,13.784,214,362,356
208,a_estrella,h6_w0.3,True,23,263.777,5868,9642,9352
208,codicioso,h6_w0.6,True,55,12.928,309,521,516
208,a_estrella,h6_w0.6,True,23,138.091,3034,4964,4846
208,codicioso,h6_w1.0,True,45,15.804,238,402,399
208,a_estrella,h6_w1.0,True,23,108.798,1879,3038,2976
209,codicioso,h1,True,60,11.405,264,448,434
209,a_estrella,h1,True,20,130.484,2971,4909,4779
209,codicioso,h2,True,42,12.935,201,358,356
209,a_estrella,h2,True,20,14.893,291,474,472
209,codicioso,h3,True,36,3.045,42,73,73
209,a_estrella,h3,True,20,9.825,171,272,270
209,codicioso,h4,True,26,3.195,50,85,85
209,a_estrella,h4,True,20,8.609,103,164,163
209,codicioso,h5,True,20,2.162,32,60,60
209,a_estrella,h5,True,20,2.271,35,62,61
209,codicioso,h6_w0.3,True,58,15.241,325,551,546
209,a_estrella,h6_w0.3,True,20,58.427,1028,1695,1666
209,codicioso,h6_w0.6,True,58,21.861,322,552,547
209,a_estrella,h6_w0.6,True,20,32.631,491,805,794
209,codicioso,h6_w1.0,True,42,13.726,201,358,356
209,a_estrella,h6_w1.0,True,20,13.944,291,474,472
210,codicioso,h1,True,36,8.385,241,411,406
210,a_estrella,h1,True,28,3600.431,70478,107551,97140
210,codicioso,h2,True,34,4.362,107,185,184
210,a_estrella,h2,True,28,411.253,8310,13187,12835
210,codicioso,h3,True,40,4.982,61,109,109
210,a_estrella,h3,True,28,372.966,4513,7194,7041
210,codicioso,h4,True,48,7.839,90,159,159
210,a_estrella,h4,True,28,261.278,2934,4688,4606
210,codicioso,h5,True,28,2.594,37,65,65
210,a_estrella,h5,True,28,56.371,803,1402,1391
210,codicioso,h6_w0.3,True,60,27.579,476,804,797
210,a_estrella,h6_w0.3,True,28,2220.561,32830,51696,48542
210,codicioso,h6_w0.6,True,58,5.458,123,211,210
210,a_estrella,h6_w0.6,True,28,1064.292,16345,25862,24660
210,codicioso,h6_w1.0,True,34,7.168,107,185,184
210,a_estrella,h6_w1.0,True,28,542.229,8310,13187,12835
211,codicioso,h1,True,45,10.281,285,479,468
211,a_estrella,h1,True,19,114.43,2276,3800,3716
211,codicioso,h2,True,35,19.997,320,552,548
211,a_estrella,h2,True,19,17.157,313,512,502
211,codicioso,h3,True,27,7.554,81,138,138
211,a_estrella,h3,True,19,17.592,175,288,285
211,codicioso,h4,True,19,2.89,22,41,41
211,a_estrella,h4,True,19,9.437,90,149,148
211,codicioso,h5,True,19,1.945,23,44,44
211,a_estrella,h5,True,19,4.757,62,112,110
211,codicioso,h6_w0.3,True,47,12.557,197,337,332
211,a_estrella,h6_w0.3,True,19,61.195,903,1497,1468
211,codicioso,h6_w0.6,True,35,14.952,248,420,415
211,a_estrella,h6_w0.6,True,19,30.517,459,757,741
211,codicioso,h6_w1.0,True,35,20.99,320,552,548
211,a_estrella,h6_w1.0,True,19,20.055,313,512,502
212,codicioso,h1,True,38,8.739,162,280,274
212,a_estrella,h1,True,18,65.423,1224,2044,1990
212,codicioso,h2,True,28,2.954,52,89,89
212,a_estrella,h2,True,18,8.723,154,262,261
212,codicioso,h3,True,38,5.609,60,107,107
212,a_estrella,h3,True,18,9.656,116,200,199
212,codicioso,h4,True,38,6.15,60,107,107
212,a_estrella,h4,True,18,8.789,88,154,154
212,codicioso,h5,True,18,1.261,19,35,35
212,a_estrella,h5,True,18,2.777,43,80,79
212,codicioso,h6_w0.3,True,28,4.451,65,114,113
212,a_estrella,h6_w0.3,True,18,28.841,507,849,833
212,codicioso,h6_w0.6,True,28,2.98,56,95,94
212,a_estrella,h6_w0.6,True,18,13.745,257,428,422
212,codicioso,h6_w1.0,True,28,3.224,52,89,89
212,a_estrella,h6_w1.0,True,18,9.557,154,262,261
213,codicioso,h1,True,38,10.997,196,335,331
213,a_estrella,h1,True,22,490.596,9644,15805,15246
213,codicioso,h2,True,30,3.633,62,108,107
213,a_estrella,h2,True,22,44.485,978,1596,1575
213,codicioso,h3,True,36,3.816,61,111,111
213,a_estrella,h3,True,22,32.736,476,777,770
213,codicioso,h4,True,36,4.564,61,111,111
213,a_estrella,h4,True,22,29.619,362,596,592
213,codicioso,h5,True,24,1.996,27,53,53
213,a_estrella,h5,True,22,4.094,60,115,115
213,codicioso,h6_w0.3,True,34,14.457,234,391,386
213,a_estrella,h6_w0.3,True,22,199.864,3610,5940,5788
213,codicioso,h6_w0.6,True,36,5.635,99,176,174
213,a_estrella,h6_w0.6,True,22,114.814,1738,2856,2800
213,codicioso,h6_w1.0,True,30,3.68,62,108,107
213,a_estrella,h6_w1.0,True,22,56.617,978,1596,1575
214,codicioso,h1,True,18,1.794,52,91,91
214,a_estrella,h1,True,18,56.572,1249,2073,2027
214,codicioso,h2,True,18,1.104,25,46,46
214,a_estrella,h2,True,18,4.991,91,147,146
214,codicioso,h3,True,18,2.66,25,46,46
214,a_estrella,h3,True,18,7.351,83,134,133
214,codicioso,h4,True,18,2.879,25,46,46
214,a_estrella,h4,True,18,6.202,60,99,98
214,codicioso,h5,True,18,1.101,19,37,37
214,a_estrella,h5,True,18,2.336,35,65,63
214,codicioso,h6_w0.3,True,18,1.84,29,51,51
214,a_estrella,h6_w0.3,True,18,25.889,430,695,683
214,codicioso,h6_w0.6,True,18,1.739,27,48,48
214,a_estrella,h6_w0.6,True,18,10.84,188,309,306
214,codicioso,h6_w1.0,True,18,1.602,25,46,46
214,a_estrella,h6_w1.0,True,18,5.622,91,147,146
215,codicioso,h1,True,36,9.722,169,291,285
215,a_estrella,h1,True,20,169.059,3095,5213,5080
215,codicioso,h2,True,56,15.344,369,625,622
215,a_estrella,h2,True,20,14.095,352,581,573
215,codicioso,h3,True,36,3.731,58,104,104
215,a_estrella,h3,True,20,13.528,223,380,375
215,codicioso,h4,True,36,4.047,59,105,105
215,a_estrella,h4,True,20,14.493,168,286,282
215,codicioso,h5,True,20,1.619,22,43,43
215,a_estrella,h5,True,20,3.333,49,88,86
215,codicioso,h6_w0.3,True,44,22.814,487,827,815
215,a_estrella,h6_w0.3,True,20,62.093,1191,2003,1962
215,codicioso,h6_w0.6,True,74,18.316,426,720,715
215,a_estrella,h6_w0.6,True,20,25.249,563,947,929
215,codicioso,h6_w1.0,True,56,16.406,369,625,622
215,a_estrella,h6_w1.0,True,20,15.507,352,581,573
216,codicioso,h1,True,34,40.039,845,1421,1390
216,a_estrella,h1,True,24,937.3,18275,29599,28197
216,codicioso,h2,True,54,20.194,378,642,639
216,a_estrella,h2,True,24,117.458,2166,3505,3440
216,codicioso,h3,True,26,3.971,41,75,75
216,a_estrella,h3,True,24,108.678,1413,2291,2249
216,codicioso,h4,True,30,6.124,60,105,105
216,a_estrella,h4,True,24,98.297,1100,1796,1763
216,codicioso,h5,True,26,3.281,51,91,91
216,a_estrella,h5,True,24,24.037,362,615,608
216,codicioso,h6_w0.3,True,40,23.697,406,686,681
216,a_estrella,h6_w0.3,True,24,450.329,7270,11832,11433
216,codicioso,h6_w0.6,True,72,25.054,434,735,730
216,a_estrella,h6_w0.6,True,24,195.398,3657,5956,5780
216,codicioso,h6_w1.0,True,54,41.662,378,642,639
216,a_estrella,h6_w1.0,True,24,112.139,2166,3505,3440
217,codicioso,h1,True,32,6.014,180,306,301
217,a_estrella,h1,True,22,459.348,9536,15595,15047
217,codicioso,h2,True,22,1.763,28,52,52
217,a_estrella,h2,True,22,57.884,956,1565,1546
217,codicioso,h3,True,22,1.836,28,52,52
217,a_estrella,h3,True,22,45.203,517,842,830
217,codicioso,h4,True,22,2.738,28,53,53
217,a_estrella,h4,True,22,28.372,299,485,480
217,codicioso,h5,True,22,1.943,26,50,50
217,a_estrella,h5,True,22,5.962,100,176,176
217,codicioso,h6_w0.3,True,34,12.55,177,304,297
217,a_estrella,h6_w0.3,True,22,217.094,3471,5674,5530
217,codicioso,h6_w0.6,True,22,1.389,28,52,52
217,a_estrella,h6_w0.6,True,22,102.853,1673,2723,2658
217,codicioso,h6_w1.0,True,22,2.724,28,52,52
217,a_estrella,h6_w1.0,True,22,53.736,956,1565,1546
218,codicioso,h1,True,48,36.709,716,1209,1178
218,a_estrella,h1,True,24,998.51,22146,35550,33732
218,codicioso,h2,True,28,5.782,115,194,192
218,a_estrella,h2,True,24,133.139,2923,4694,4571
218,codicioso,h3,True,28,3.277,52,96,96
218,a_estrella,h3,True,24,131.129,1835,2970,2903
218,codicioso,h4,True,28,3.555,52,96,96
218,a_estrella,h4,True,24,107.325,1565,2533,2475
218,codicioso,h5,True,40,3.996,94,163,162
218,a_estrella,h5,True,24,18.37,341,596,586
218,codicioso,h6_w0.3,True,30,10.365,155,257,252
218,a_estrella,h6_w0.3,True,24,448.548,9115,14730,14180
218,codicioso,h6_w0.6,True,46,9.274,180,309,306
218,a_estrella,h6_w0.6,True,24,225.751,4698,7611,7378
218,codicioso,h6_w1.0,True,28,7.333,115,194,192
218,a_estrella,h6_w1.0,True,24,131.902,2923,4694,4571
219,codicioso,h1,True,49,20.039,374,638,624
219,a_estrella,h1,True,25,1280.782,27945,44743,42258
219,codicioso,h2,True,49,8.424,121,203,202
219,a_estrella,h2,True,25,52.813,1285,2053,2018
219,codicioso,h3,True,43,4.179,69,125,125
219,a_estrella,h3,True,25,51.693,724,1187,1170
219,codicioso,h4,True,43,7.469,66,121,121
219,a_estrella,h4,True,25,43.167,424,701,690
219,codicioso,h5,True,25,2.14,30,55,55
219,a_estrella,h5,True,25,7.953,121,208,207
219,codicioso,h6_w0.3,True,49,4.359,109,188,186
219,a_estrella,h6_w0.3,True,25,465.361,9268,15116,14603
219,codicioso,h6_w0.6,True,49,6.01,102,176,175
219,a_estrella,h6_w0.6,True,25,187.614,3558,5749,5600
219,codicioso,h6_w1.0,True,49,4.849,121,203,202
219,a_estrella,h6_w1.0,True,25,66.438,1285,2053,2018
220,codicioso,h1,True,67,84.461,1998,3327,3236
220,a_estrella,h1,True,23,623.907,13213,21578,20716
220,codicioso,h2,True,51,15.018,379,654,648
220,a_estrella,h2,True,23,45.451,1169,1897,1858
220,codicioso,h3,True,51,7.664,129,223,222
220,a_estrella,h3,True,23,33.294,584,964,945
220,codicioso,h4,True,45,7.531,120,200,198
220,a_estrella,h4,True,23,28.186,420,699,687
220,codicioso,h5,True,35,2.502,59,104,104
220,a_estrella,h5,True,23,5.609,133,239,238
220,codicioso,h6_w0.3,True,57,18.441,448,757,745
220,a_estrella,h6_w0.3,True,23,234.261,4887,8035,7816
220,codicioso,h6_w0.6,True,57,16.22,293,500,495
220,a_estrella,h6_w0.6,True,23,109.079,2261,3706,3626
220,codicioso,h6_w1.0,True,51,15.791,379,654,648
220,a_estrella,h6_w1.0,True,23,54.875,1169,1897,1858
221,codicioso,h1,True,46,58.876,1112,1852,1803
221,a_estrella,h1,True,16,17.406,485,827,813
221,codicioso,h2,True,46,13.73,366,634,627
221,a_estrella,h2,True,16,4.044,77,125,123
221,codicioso,h3,True,40,7.644,130,218,216
221,a_estrella,h3,True,16,2.12,40,64,64
221,codicioso,h4,True,34,3.934,55,96,96
221,a_estrella,h4,True,16,2.341,40,64,64
221,codicioso,h5,True,16,0.718,17,30,30
221,a_estrella,h5,True,16,0.723,18,32,32
221,codicioso,h6_w0.3,True,46,18.102,360,610,602
221,a_estrella,h6_w0.3,True,16,12.202,197,333,329
221,codicioso,h6_w0.6,True,46,15.111,252,429,424
221,a_estrella,h6_w0.6,True,16,4.173,98,166,164
221,codicioso,h6_w1.0,True,46,15.284,366,634,627
221,a_estrella,h6_w1.0,True,16,2.965,77,125,123
222,codicioso,h1,True,44,44.07,1176,1962,1916
222,a_estrella,h1,True,20,175.717,4182,6919,6712
222,codicioso,h2,True,44,13.514,337,586,579
222,a_estrella,h2,True,20,26.636,686,1127,1108
222,codicioso,h3,True,36,7.381,128,218,216
222,a_estrella,h3,True,20,33.019,408,668,658
222,codicioso,h4,True,36,12.168,121,208,206
222,a_estrella,h4,True,20,30.54,310,523,520
222,codicioso,h5,True,20,1.453,21,40,40
222,a_estrella,h5,True,20,5.973,90,160,158
222,codicioso,h6_w0.3,True,44,22.366,380,642,633
222,a_estrella,h6_w0.3,True,20,82.715,1801,2960,2885
222,codicioso,h6_w0.6,True,44,11.854,259,444,439
222,a_estrella,h6_w0.6,True,20,42.725,976,1611,1577
222,codicioso,h6_w1.0,True,44,14.755,337,586,579
222,a_estrella,h6_w1.0,True,20,29.64,686,1127,1108
223,codicioso,h1,True,45,33.287,764,1268,1236
223,a_estrella,h1,True,23,635.89,13162,21461,20601
223,codicioso,h2,True,55,28.473,518,896,886
223,a_estrella,h2,True,23,67.246,1435,2348,2310
223,codicioso,h3,True,33,8.657,102,173,172
223,a_estrella,h3,True,23,50.084,750,1235,1222
223,codicioso,h4,True,29,3.522,51,92,92
223,a_estrella,h4,True,23,31.356,488,814,808
223,codicioso,h5,True,35,2.131,49,90,90
223,a_estrella,h5,True,23,2.585,63,108,108
223,codicioso,h6_w0.3,True,67,30.89,638,1082,1067
223,a_estrella,h6_w0.3,True,23,246.354,4929,8089,7853
223,codicioso,h6_w0.6,True,55,24.419,407,696,691
223,a_estrella,h6_w0.6,True,23,128.085,2342,3826,3732
223,codicioso,h6_w1.0,True,55,25.794,518,896,886
223,a_estrella,h6_w1.0,True,23,99.037,1435,2348,2310
224,codicioso,h1,True,46,16.909,330,549,538
224,a_estrella,h1,True,24,1244.265,20858,33689,32107
224,codicioso,h2,True,46,17.67,336,580,574
224,a_estrella,h2,True,24,70.618,1422,2279,2243
224,codicioso,h3,True,32,4.181,69,118,117
224,a_estrella,h3,True,24,50.636,666,1058,1046
224,codicioso,h4,True,32,4.489,62,107,106
224,a_estrella,h4,True,24,19.818,243,396,395
224,codicioso,h5,True,28,2.345,30,56,56
224,a_estrella,h5,True,24,5.389,83,151,150
224,codicioso,h6_w0.3,True,46,15.192,243,408,403
224,a_estrella,h6_w0.3,True,24,464.665,7113,11529,11157
224,codicioso,h6_w0.6,True,46,14.088,233,394,389
224,a_estrella,h6_w0.6,True,24,180.078,2960,4773,4646
224,codicioso,h6_w1.0,True,46,15.732,336,580,574
224,a_estrella,h6_w1.0,True,24,63.92,1422,2279,2243
225,codicioso,h1,True,52,36.325,763,1288,1266
225,a_estrella,h1,True,24,1060.127,17478,28359,27151
225,codicioso,h2,True,52,32.498,550,942,929
225,a_estrella,h2,True,24,77.069,1438,2303,2247
225,codicioso,h3,True,38,17.065,162,271,268
225,a_estrella,h3,True,24,53.853,732,1176,1159
225,codicioso,h4,True,38,13.292,154,259,256
225,a_estrella,h4,True,24,40.899,452,730,720
225,codicioso,h5,True,38,4.142,92,157,156
225,a_estrella,h5,True,24,3.878,89,160,159
225,codicioso,h6_w0.3,True,72,30.514,594,1010,997
225,a_estrella,h6_w0.3,True,24,315.591,6136,10007,9727
225,codicioso,h6_w0.6,True,72,28.371,441,750,745
225,a_estrella,h6_w0.6,True,24,178.463,2700,4371,4256
225,codicioso,h6_w1.0,True,52,30.247,550,942,929
225,a_estrella,h6_w1.0,True,24,100.132,1438,2303,2247
226,codicioso,h1,True,52,64.213,1403,2344,2289
226,a_estrella,h1,True,22,348.05,7448,12282,11898
226,codicioso,h2,True,40,7.801,211,357,355
226,a_estrella,h2,True,22,18.746,497,809,803
226,codicioso,h3,True,36,8.077,107,184,182
226,a_estrella,h3,True,22,30.494,340,555,552
226,codicioso,h4,True,36,10.638,105,181,179
226,a_estrella,h4,True,22,24.071,331,542,540
226,codicioso,h5,True,28,1.928,42,78,78
226,a_estrella,h5,True,22,2.769,64,117,117
226,codicioso,h6_w0.3,True,54,18.314,409,692,687
226,a_estrella,h6_w0.3,True,22,127.812,2522,4141,4040
226,codicioso,h6_w0.6,True,50,12.464,296,497,492
226,a_estrella,h6_w0.6,True,22,56.168,1094,1798,1762
226,codicioso,h6_w1.0,True,40,10.424,211,357,355
226,a_estrella,h6_w1.0,True,22,22.388,497,809,803
227,codicioso,h1,True,47,26.795,763,1277,1242
227,a_estrella,h1,True,23,662.11,13596,22305,21378
227,codicioso,h2,True,53,15.381,377,645,638
227,a_estrella,h2,True,23,64.713,1481,2421,2380
227,codicioso,h3,True,29,3.431,54,98,98
227,a_estrella,h3,True,23,55.573,844,1409,1386
227,codicioso,h4,True,29,5.29,54,98,98
227,a_estrella,h4,True,23,61.056,746,1245,1226
227,codicioso,h5,True,31,3.036,67,122,121
227,a_estrella,h5,True,23,4.707,111,195,195
227,codicioso,h6_w0.3,True,59,18.245,440,744,735
227,a_estrella,h6_w0.3,True,23,269.579,5226,8636,8373
227,codicioso,h6_w0.6,True,59,22.123,346,584,581
227,a_estrella,h6_w0.6,True,23,120.921,2573,4184,4074
227,codicioso,h6_w1.0,True,53,21.421,377,645,638
227,a_estrella,h6_w1.0,True,23,80.713,1481,2421,2380
228,codicioso,h1,True,30,12.113,239,410,402
228,a_estrella,h1,True,24,864.009,18069,29233,27843
228,codicioso,h2,True,48,19.261,370,630,624
228,a_estrella,h2,True,24,130.466,2148,3459,3382
228,codicioso,h3,True,32,3.498,53,91,91
228,a_estrella,h3,True,24,93.41,1349,2183,2142
228,codicioso,h4,True,32,3.717,53,91,91
228,a_estrella,h4,True,24,69.222,954,1557,1540
228,codicioso,h5,True,26,2.641,39,72,72
228,a_estrella,h5,True,24,15.628,234,417,414
228,codicioso,h6_w0.3,True,62,30.999,514,867,855
228,a_estrella,h6_w0.3,True,24,349.655,7120,11632,11228
228,codicioso,h6_w0.6,True,62,14.646,361,604,601
228,a_estrella,h6_w0.6,True,24,165.847,3536,5758,5582
228,codicioso,h6_w1.0,True,48,15.155,370,630,624
228,a_estrella,h6_w1.0,True,24,102.213,2148,3459,3382
229,codicioso,h1,True,57,21.636,528,880,862
229,a_estrella,h1,True,23,589.554,13539,22036,21125
229,codicioso,h2,True,51,11.966,276,466,463
229,a_estrella,h2,True,23,62.655,1582,2555,2504
229,codicioso,h3,True,37,3.695,60,107,107
229,a_estrella,h3,True,23,62.075,849,1354,1327
229,codicioso,h4,True,37,5.937,60,107,107
229,a_estrella,h4,True,23,69.872,765,1218,1193
229,codicioso,h5,True,25,2.484,34,65,65
229,a_estrella,h5,True,23,6.157,98,176,176
229,codicioso,h6_w0.3,True,57,10.857,207,346,342
229,a_estrella,h6_w0.3,True,23,294.602,5361,8774,8505
229,codicioso,h6_w0.6,True,59,15.613,335,566,561
229,a_estrella,h6_w0.6,True,23,116.379,2671,4333,4217
229,codicioso,h6_w1.0,True,51,12.074,276,466,463
229,a_estrella,h6_w1.0,True,23,68.947,1582,2555,2504
230,codicioso,h1,True,61,53.296,1461,2420,2353
230,a_estrella,h1,True,23,533.957,11954,19603,18868
230,codicioso,h2,True,79,28.017,662,1141,1122
230,a_estrella,h2,True,23,10.07,278,440,436
230,codicioso,h3,True,43,3.658,61,109,109
230,a_estrella,h3,True,23,6.489,120,199,198
230,codicioso,h4,True,25,3.238,33,60,60
230,a_estrella,h4,True,23,3.462,40,66,66
230,codicioso,h5,True,23,1.085,24,45,45
230,a_estrella,h5,True,23,1.004,24,45,45
230,codicioso,h6_w0.3,True,75,20.909,412,695,687
230,a_estrella,h6_w0.3,True,23,176.225,3297,5433,5312
230,codicioso,h6_w0.6,True,57,10.962,176,302,298
230,a_estrella,h6_w0.6,True,23,53.756,1045,1696,1666
230,codicioso,h6_w1.0,True,79,41.44,662,1141,1122
230,a_estrella,h6_w1.0,True,23,12.79,278,440,436
231,codicioso,h1,True,70,41.022,838,1407,1376
231,a_estrella,h1,True,28,4266.683,81258,123194,110559
231,codicioso,h2,True,52,22.602,528,913,903
231,a_estrella,h2,True,28,419.244,7931,12545,12270
231,codicioso,h3,True,30,5.133,53,95,95
231,a_estrella,h3,True,28,326.508,4460,7129,6998
231,codicioso,h4,True,30,3.544,53,95,95
231,a_estrella,h4,True,28,189.584,2880,4611,4546
231,codicioso,h5,True,48,6.878,100,171,170
231,a_estrella,h5,True,28,37.839,531,915,911
231,codicioso,h6_w0.3,True,76,22.654,443,744,733
231,a_estrella,h6_w0.3,True,28,1943.875,36796,57756,54235
231,codicioso,h6_w0.6,True,62,17.16,384,658,653
231,a_estrella,h6_w0.6,True,28,982.391,17182,27185,26019
231,codicioso,h6_w1.0,True,52,26.443,528,913,903
231,a_estrella,h6_w1.0,True,28,399.381,7931,12545,12270
232,codicioso,h1,True,61,24.157,558,945,927
232,a_estrella,h1,True,27,2693.628,55440,86082,79070
232,codicioso,h2,True,47,6.07,127,213,212
232,a_estrella,h2,True,27,72.359,1826,2935,2893
232,codicioso,h3,True,29,2.67,45,79,79
232,a_estrella,h3,True,27,78.297,1222,1977,1951
232,codicioso,h4,True,41,6.338,91,157,157
232,a_estrella,h4,True,27,55.056,597,975,969
232,codicioso,h5,True,33,2.074,42,77,77
232,a_estrella,h5,True,27,7.411,172,292,286
232,codicioso,h6_w0.3,True,67,16.495,374,636,624
232,a_estrella,h6_w0.3,True,27,1067.962,19791,31737,30415
232,codicioso,h6_w0.6,True,65,15.556,272,468,460
232,a_estrella,h6_w0.6,True,27,356.755,7156,11466,11114
232,codicioso,h6_w1.0,True,47,5.047,127,213,212
232,a_estrella,h6_w1.0,True,27,83.875,1826,2935,2893
233,codicioso,h1,True,53,13.077,381,638,623
233,a_estrella,h1,True,25,1179.955,28731,45910,43329
233,codicioso,h2,True,41,5.482,139,240,239
233,a_estrella,h2,True,25,95.261,2355,3807,3746
233,codicioso,h3,True,31,4.984,85,146,146
233,a_estrella,h3,True,25,77.277,1356,2200,2164
233,codicioso,h4,True,31,6.056,76,129,129
233,a_estrella,h4,True,25,55.09,857,1399,1379
233,codicioso,h5,True,29,2.518,46,85,85
233,a_estrella,h5,True,25,11.147,255,448,443
233,codicioso,h6_w0.3,True,69,18.701,453,765,755
233,a_estrella,h6_w0.3,True,25,511.014,10970,17756,17095
233,codicioso,h6_w0.6,True,61,16.159,332,569,566
233,a_estrella,h6_w0.6,True,25,239.745,4992,8065,7830
233,codicioso,h6_w1.0,True,41,5.788,139,240,239
233,a_estrella,h6_w1.0,True,25,102.191,2355,3807,3746
234,codicioso,h1,True,76,23.692,600,1001,980
234,a_estrella,h1,True,20,141.227,3593,5968,5804
234,codicioso,h2,True,66,27.424,698,1200,1185
234,a_estrella,h2,True,20,7.57,210,347,346
234,codicioso,h3,True,30,4.562,66,115,115
234,a_estrella,h3,True,20,6.489,112,185,185
234,codicioso,h4,True,30,4.354,66,115,115
234,a_estrella,h4,True,20,5.714,96,158,158
234,codicioso,h5,True,20,0.998,22,42,42
234,a_estrella,h5,True,20,0.935,22,42,42
234,codicioso,h6_w0.3,True,70,16.028,384,654,649
234,a_estrella,h6_w0.3,True,20,48.387,1114,1842,1801
234,codicioso,h6_w0.6,True,70,17.054,380,654,649
234,a_estrella,h6_w0.6,True,20,27.223,454,748,739
234,codicioso,h6_w1.0,True,66,30.533,698,1200,1185
234,a_estrella,h6_w1.0,True,20,9.4,210,347,346
235,codicioso,h1,True,58,32.332,886,1478,1443
235,a_estrella,h1,True,16,15.968,445,746,733
235,codicioso,h2,True,16,0.676,18,34,34
235,a_estrella,h2,True,16,1.52,28,48,48
235,codicioso,h3,True,16,1.618,18,34,34
235,a_estrella,h3,True,16,1.609,28,48,48
235,codicioso,h4,True,16,1.19,18,34,34
235,a_estrella,h4,True,16,1.758,28,48,48
235,codicioso,h5,True,16,0.758,17,32,32
235,a_estrella,h5,True,16,0.745,18,34,34
235,codicioso,h6_w0.3,True,64,18.238,431,723,716
235,a_estrella,h6_w0.3,True,16,6.304,139,233,231
235,codicioso,h6_w0.6,True,44,13.259,318,547,542
235,a_estrella,h6_w0.6,True,16,3.28,58,99,98
235,codicioso,h6_w1.0,True,16,0.848,18,34,34
235,a_estrella,h6_w1.0,True,16,1.099,28,48,48
236,codicioso,h1,True,38,7.24,219,372,364
236,a_estrella,h1,True,16,17.959,501,842,828
236,codicioso,h2,True,16,0.862,23,42,42
236,a_estrella,h2,True,16,3.222,54,92,92
236,codicioso,h3,True,16,1.78,21,39,39
236,a_estrella,h3,True,16,2.207,34,60,60
236,codicioso,h4,True,16,1.389,21,39,39
236,a_estrella,h4,True,16,1.681,26,47,47
236,codicioso,h5,True,16,0.745,17,32,32
236,a_estrella,h5,True,16,0.716,17,32,32
236,codicioso,h6_w0.3,True,38,5.921,144,247,245
236,a_estrella,h6_w0.3,True,16,7.194,183,307,304
236,codicioso,h6_w0.6,True,68,16.856,390,664,658
236,a_estrella,h6_w0.6,True,16,3.001,76,132,132
236,codicioso,h6_w1.0,True,16,0.914,23,42,42
236,a_estrella,h6_w1.0,True,16,2.629,54,92,92
237,codicioso,h1,True,33,34.281,873,1477,1443
237,a_estrella,h1,True,23,563.032,12715,20630,19792
237,codicioso,h2,True,51,11.165,259,454,452
237,a_estrella,h2,True,23,42.549,1126,1820,1791
237,codicioso,h3,True,37,5.717,92,160,160
237,a_estrella,h3,True,23,31.746,572,933,928
237,codicioso,h4,True,37,5.121,79,139,139
237,a_estrella,h4,True,23,17.756,281,461,458
237,codicioso,h5,True,41,4.074,91,152,151
237,a_estrella,h5,True,23,4.341,82,144,144
237,codicioso,h6_w0.3,True,47,7.167,179,303,301
237,a_estrella,h6_w0.3,True,23,273.677,4503,7359,7148
237,codicioso,h6_w0.6,True,75,17.539,401,683,677
237,a_estrella,h6_w0.6,True,23,95.858,2075,3369,3288
237,codicioso,h6_w1.0,True,51,11.274,259,454,452
237,a_estrella,h6_w1.0,True,23,60.633,1126,1820,1791
238,codicioso,h1,True,39,25.236,583,981,957
238,a_estrella,h1,True,15,14.97,344,573,562
238,codicioso,h2,True,41,6.072,102,171,170
238,a_estrella,h2,True,15,2.055,46,79,79
238,codicioso,h3,True,25,3.206,53,93,93
238,a_estrella,h3,True,15,2.033,36,62,62
238,codicioso,h4,True,25,3.8,53,93,93
238,a_estrella,h4,True,15,3.82,36,62,62
238,codicioso,h5,True,15,0.816,16,31,31
238,a_estrella,h5,True,15,0.872,18,33,33
238,codicioso,h6_w0.3,True,41,5.585,132,229,225
238,a_estrella,h6_w0.3,True,15,5.838,137,231,228
238,codicioso,h6_w0.6,True,41,5.336,98,172,171
238,a_estrella,h6_w0.6,True,15,3.436,77,133,133
238,codicioso,h6_w1.0,True,41,4.065,102,171,170
238,a_estrella,h6_w1.0,True,15,1.859,46,79,79
239,codicioso,h1,True,64,65.411,1577,2618,2549
239,a_estrella,h1,True,20,123.951,2914,4840,4724
239,codicioso,h2,True,50,23.466,504,871,861
239,a_estrella,h2,True,20,13.257,275,442,437
239,codicioso,h3,True,30,3.562,55,89,88
239,a_estrella,h3,True,20,9.875,129,207,205
239,codicioso,h4,True,30,3.539,53,86,85
239,a_estrella,h4,True,20,5.883,81,131,131
239,codicioso,h5,True,20,0.897,21,36,36
239,a_estrella,h5,True,20,2.541,43,74,72
239,codicioso,h6_w0.3,True,64,26.456,414,702,694
239,a_estrella,h6_w0.3,True,20,41.796,988,1637,1609
239,codicioso,h6_w0.6,True,58,26.306,369,634,629
239,a_estrella,h6_w0.6,True,20,19.503,461,748,736
239,codicioso,h6_w1.0,True,50,21.166,504,871,861
239,a_estrella,h6_w1.0,True,20,19.514,275,442,437
240,codicioso,h1,True,32,22.76,425,727,711
240,a_estrella,h1,True,18,74.714,1700,2843,2777
240,codicioso,h2,True,38,10.15,236,416,414
240,a_estrella,h2,True,18,10.772,229,376,370
240,codicioso,h3,True,32,3.786,58,104,104
240,a_estrella,h3,True,18,7.96,110,183,182
240,codicioso,h4,True,48,9.601,112,194,194
240,a_estrella,h4,True,18,6.919,78,131,130
240,codicioso,h5,True,44,5.459,92,161,160
240,a_estrella,h5,True,18,1.258,27,50,50
240,codicioso,h6_w0.3,True,48,24.42,552,939,926
240,a_estrella,h6_w0.3,True,18,30.621,705,1187,1168
240,codicioso,h6_w0.6,True,48,17.527,405,688,683
240,a_estrella,h6_w0.6,True,18,15.682,364,603,593
240,codicioso,h6_w1.0,True,38,10.379,236,416,414
240,a_estrella,h6_w1.0,True,18,12.211,229,376,370
241,codicioso,h1,True,39,8.299,217,367,359
241,a_estrella,h1,True,21,211.573,5530,9160,8889
241,codicioso,h2,True,37,13.657,362,623,618
241,a_estrella,h2,True,21,28.805,622,1017,1005
241,codicioso,h3,True,21,2.543,42,74,74
241,a_estrella,h3,True,21,20.968,316,520,512
241,codicioso,h4,True,21,2.825,42,74,74
241,a_estrella,h4,True,21,13.199,199,335,334
241,codicioso,h5,True,33,3.628,70,125,125
241,a_estrella,h5,True,21,3.547,74,135,135
241,codicioso,h6_w0.3,True,39,6.242,140,242,240
241,a_estrella,h6_w0.3,True,21,112.158,2103,3465,3383
241,codicioso,h6_w0.6,True,65,24.215,394,672,666
241,a_estrella,h6_w0.6,True,21,59.597,1035,1724,1695
241,codicioso,h6_w1.0,True,37,16.527,362,623,618
241,a_estrella,h6_w1.0,True,21,31.741,622,1017,1005
242,codicioso,h1,True,33,19.948,546,928,907
242,a_estrella,h1,True,13,5.049,153,260,257
242,codicioso,h2,True,33,12.334,317,547,543
242,a_estrella,h2,True,13,2.495,48,88,88
242,codicioso,h3,True,13,0.893,14,26,26
242,a_estrella,h3,True,13,1.527,26,45,45
242,codicioso,h4,True,13,0.957,14,26,26
242,a_estrella,h4,True,13,1.188,17,33,33
242,codicioso,h5,True,13,0.612,14,26,26
242,a_estrella,h5,True,13,0.577,14,26,26
242,codicioso,h6_w0.3,True,33,14.373,351,595,587
242,a_estrella,h6_w0.3,True,13,3.45,83,148,148
242,codicioso,h6_w0.6,True,33,12.009,232,393,388
242,a_estrella,h6_w0.6,True,13,2.353,51,94,94
242,codicioso,h6_w1.0,True,33,15.582,317,547,543
242,a_estrella,h6_w1.0,True,13,1.971,48,88,88
243,codicioso,h1,True,78,54.182,1414,2340,2287
243,a_estrella,h1,True,24,751.594,16407,26744,25635
243,codicioso,h2,True,44,15.666,320,551,545
243,a_estrella,h2,True,24,18.084,404,637,631
243,codicioso,h3,True,30,1.974,31,53,53
243,a_estrella,h3,True,24,21.435,297,472,468
243,codicioso,h4,True,46,7.725,114,191,191
243,a_estrella,h4,True,24,13.142,159,256,255
243,codicioso,h5,True,26,1.225,28,48,48
243,a_estrella,h5,True,24,3.649,53,92,92
243,codicioso,h6_w0.3,True,44,12.405,233,388,383
243,a_estrella,h6_w0.3,True,24,260.195,4552,7444,7250
243,codicioso,h6_w0.6,True,44,10.357,226,380,375
243,a_estrella,h6_w0.6,True,24,68.719,1486,2397,2346
243,codicioso,h6_w1.0,True,44,15.454,320,551,545
243,a_estrella,h6_w1.0,True,24,17.578,404,637,631
244,codicioso,h1,True,44,11.034,285,486,480
244,a_estrella,h1,True,26,2165.781,37681,59536,55698
244,codicioso,h2,True,50,23.33,383,657,653
244,a_estrella,h2,True,26,193.08,3207,5164,5055
244,codicioso,h3,True,30,3.547,55,96,96
244,a_estrella,h3,True,26,169.839,1944,3180,3125
244,codicioso,h4,True,30,3.766,55,96,96
244,a_estrella,h4,True,26,135.45,1391,2266,2235
244,codicioso,h5,True,26,2.497,35,63,63
244,a_estrella,h5,True,26,13.83,198,340,337
244,codicioso,h6_w0.3,True,56,25.13,407,685,678
244,a_estrella,h6_w0.3,True,26,896.305,14418,23346,22445
244,codicioso,h6_w0.6,True,56,17.941,392,662,655
244,a_estrella,h6_w0.6,True,26,384.177,6383,10266,9939
244,codicioso,h6_w1.0,True,50,23.97,383,657,653
244,a_estrella,h6_w1.0,True,26,204.126,3207,5164,5055
245,codicioso,h1,True,33,30.185,651,1097,1077
245,a_estrella,h1,True,23,615.043,13115,21275,20348
245,codicioso,h2,True,45,15.185,350,607,600
245,a_estrella,h2,True,23,75.431,1387,2250,2207
245,codicioso,h3,True,31,5.142,59,104,104
245,a_estrella,h3,True,23,68.357,893,1459,1436
245,codicioso,h4,True,57,18.606,171,294,293
245,a_estrella,h4,True,23,56.54,656,1071,1055
245,codicioso,h5,True,29,2.576,59,107,107
245,a_estrella,h5,True,23,12.374,273,473,469
245,codicioso,h6_w0.3,True,69,28.528,474,807,802
245,a_estrella,h6_w0.3,True,23,286.298,5002,8160,7889
245,codicioso,h6_w0.6,True,57,17.077,353,611,608
245,a_estrella,h6_w0.6,True,23,147.915,2406,3903,3806
245,codicioso,h6_w1.0,True,45,23.087,350,607,600
245,a_estrella,h6_w1.0,True,23,71.954,1387,2250,2207
246,codicioso,h1,True,48,78.089,1636,2721,2647
246,a_estrella,h1,True,24,888.552,18595,30139,28746
246,codicioso,h2,True,36,4.782,100,177,176
246,a_estrella,h2,True,24,123.947,2199,3577,3491
246,codicioso,h3,True,36,6.46,88,152,151
246,a_estrella,h3,True,24,99.867,1168,1898,1868
246,codicioso,h4,True,30,4.377,60,104,104
246,a_estrella,h4,True,24,110.003,1115,1811,1784
246,codicioso,h5,True,36,4.66,55,98,98
246,a_estrella,h5,True,24,6.398,88,159,158
246,codicioso,h6_w0.3,True,48,24.755,357,604,596
246,a_estrella,h6_w0.3,True,24,548.805,7499,12261,11878
246,codicioso,h6_w0.6,True,36,6.433,140,243,239
246,a_estrella,h6_w0.6,True,24,191.217,3831,6187,6002
246,codicioso,h6_w1.0,True,36,5.381,100,177,176
246,a_estrella,h6_w1.0,True,24,121.122,2199,3577,3491
247,codicioso,h1,True,49,25.162,714,1204,1183
247,a_estrella,h1,True,25,1567.097,28622,45709,43166
247,codicioso,h2,True,57,23.524,363,630,623
247,a_estrella,h2,True,25,132.527,2156,3445,3368
247,codicioso,h3,True,35,7.978,90,157,157
247,a_estrella,h3,True,25,101.246,1166,1881,1848
247,codicioso,h4,True,39,4.848,75,128,128
247,a_estrella,h4,True,25,51.099,718,1161,1146
247,codicioso,h5,True,41,3.595,85,145,144
247,a_estrella,h5,True,25,9.575,208,362,360
247,codicioso,h6_w0.3,True,61,18.65,403,678,673
247,a_estrella,h6_w0.3,True,25,571.743,10541,17070,16504
247,codicioso,h6_w0.6,True,61,18.082,310,528,525
247,a_estrella,h6_w0.6,True,25,240.904,4635,7480,7280
247,codicioso,h6_w1.0,True,57,16.257,363,630,623
247,a_estrella,h6_w1.0,True,25,111.574,2156,3445,3368
248,codicioso,h1,True,85,66.615,1384,2310,2262
248,a_estrella,h1,True,27,2680.763,57041,88602,81342
248,codicioso,h2,True,53,11.059,253,427,424
248,a_estrella,h2,True,27,216.292,4621,7356,7193
248,codicioso,h3,True,35,3.383,52,90,90
248,a_estrella,h3,True,27,169.413,2382,3863,3813
248,codicioso,h4,True,35,3.726,51,88,88
248,a_estrella,h4,True,27,120.558,1672,2732,2695
248,codicioso,h5,True,45,2.981,69,122,122
248,a_estrella,h5,True,27,6.729,136,252,251
248,codicioso,h6_w0.3,True,75,26.177,581,980,967
248,a_estrella,h6_w0.3,True,27,1225.33,22914,36669,34897
248,codicioso,h6_w0.6,True,63,13.95,323,545,540
248,a_estrella,h6_w0.6,True,27,508.373,10126,16146,15541
248,codicioso,h6_w1.0,True,53,11.899,253,427,424
248,a_estrella,h6_w1.0,True,27,204.065,4621,7356,7193
249,codicioso,h1,True,46,27.154,729,1220,1191
249,a_estrella,h1,True,24,846.248,18571,30030,28591
249,codicioso,h2,True,56,16.659,369,635,631
249,a_estrella,h2,True,24,94.148,2319,3740,3650
249,codicioso,h3,True,38,5.417,92,158,158
249,a_estrella,h3,True,24,79.245,1235,2009,1967
249,codicioso,h4,True,38,6.09,92,158,158
249,a_estrella,h4,True,24,71.012,942,1537,1511
249,codicioso,h5,True,30,2.005,40,76,76
249,a_estrella,h5,True,24,7.317,144,254,251
249,codicioso,h6_w0.3,True,62,10.29,227,383,378
249,a_estrella,h6_w0.3,True,24,457.644,7585,12393,11992
249,codicioso,h6_w0.6,True,78,22.75,427,725,718
249,a_estrella,h6_w0.6,True,24,243.873,3830,6191,6016
249,codicioso,h6_w1.0,True,56,26.321,369,635,631
249,a_estrella,h6_w1.0,True,24,150.321,2319,3740,3650
250,codicioso,h1,True,60,45.327,956,1603,1560
250,a_estrella,h1,True,26,2174.577,44460,69471,64304
250,codicioso,h2,True,60,17.267,379,652,644
250,a_estrella,h2,True,26,228.836,4948,7891,7711
250,codicioso,h3,True,44,6.267,90,161,161
250,a_estrella,h3,True,26,183.083,2761,4449,4360
250,codicioso,h4,True,44,6.845,91,162,162
250,a_estrella,h4,True,26,194.096,2606,4214,4148
250,codicioso,h5,True,26,2.755,31,55,55
250,a_estrella,h5,True,26,9.27,206,363,361
250,codicioso,h6_w0.3,True,84,18.455,373,638,626
250,a_estrella,h6_w0.3,True,26,964.975,18850,30107,28707
250,codicioso,h6_w0.6,True,68,10.027,230,395,390
250,a_estrella,h6_w0.6,True,26,437.0,9208,14794,14260
250,codicioso,h6_w1.0,True,60,15.648,379,652,644
250,a_estrella,h6_w1.0,True,26,238.289,4948,7891,7711
251,codicioso,h1,True,73,36.124,923,1554,1521
251,a_estrella,h1,True,25,1181.575,28877,46130,43492
251,codicioso,h2,True,71,25.635,540,930,919
251,a_estrella,h2,True,25,105.875,2602,4215,4144
251,codicioso,h3,True,53,9.45,143,248,248
251,a_estrella,h3,True,25,87.033,1311,2143,2115
251,codicioso,h4,True,39,6.992,85,148,148
251,a_estrella,h4,True,25,60.569,837,1373,1359
251,codicioso,h5,True,25,1.834,26,50,50
251,a_estrella,h5,True,25,6.81,136,241,239
251,codicioso,h6_w0.3,True,89,34.004,600,1010,997
251,a_estrella,h6_w0.3,True,25,572.586,11157,18031,17362
251,codicioso,h6_w0.6,True,71,15.394,365,612,607
251,a_estrella,h6_w0.6,True,25,223.243,5222,8461,8215
251,codicioso,h6_w1.0,True,71,23.239,540,930,919
251,a_estrella,h6_w1.0,True,25,109.403,2602,4215,4144
252,codicioso,h1,True,49,26.0,638,1069,1030
252,a_estrella,h1,True,21,216.697,5505,9069,8781
252,codicioso,h2,True,55,27.273,604,1032,1017
252,a_estrella,h2,True,21,28.072,595,973,957
252,codicioso,h3,True,37,10.454,159,267,264
252,a_estrella,h3,True,21,23.527,371,606,596
252,codicioso,h4,True,37,11.211,157,264,261
252,a_estrella,h4,True,21,22.784,316,513,503
252,codicioso,h5,True,33,3.312,61,109,109
252,a_estrella,h5,True,21,2.976,70,128,127
252,codicioso,h6_w0.3,True,49,10.941,233,403,394
252,a_estrella,h6_w0.3,True,21,92.135,1999,3303,3217
252,codicioso,h6_w0.6,True,67,21.123,459,788,777
252,a_estrella,h6_w0.6,True,21,43.097,977,1590,1551
252,codicioso,h6_w1.0,True,55,28.757,604,1032,1017
252,a_estrella,h6_w1.0,True,21,26.45,595,973,957
253,codicioso,h1,True,38,41.451,1046,1755,1721
253,a_estrella,h1,True,22,325.712,7875,12924,12503
253,codicioso,h2,True,38,11.945,312,539,535
253,a_estrella,h2,True,22,28.726,722,1187,1173
253,codicioso,h3,True,28,5.306,82,143,143
253,a_estrella,h3,True,22,27.73,464,747,736
253,codicioso,h4,True,28,5.775,73,125,125
253,a_estrella,h4,True,22,22.61,313,512,506
253,codicioso,h5,True,26,1.882,43,79,79
253,a_estrella,h5,True,22,4.908,103,184,181
253,codicioso,h6_w0.3,True,38,15.761,373,629,624
253,a_estrella,h6_w0.3,True,22,131.931,2942,4842,4726
253,codicioso,h6_w0.6,True,38,13.182,269,463,460
253,a_estrella,h6_w0.6,True,22,72.266,1397,2285,2230
253,codicioso,h6_w1.0,True,38,14.355,312,539,535
253,a_estrella,h6_w1.0,True,22,36.4,722,1187,1173
254,codicioso,h1,True,52,21.395,609,1020,996
254,a_estrella,h1,True,18,40.856,1129,1877,1836
254,codicioso,h2,True,70,18.114,453,784,777
254,a_estrella,h2,True,18,2.957,79,136,132
254,codicioso,h3,True,34,4.645,79,132,131
254,a_estrella,h3,True,18,3.968,67,117,113
254,codicioso,h4,True,34,5.891,77,129,128
254,a_estrella,h4,True,18,4.288,66,115,111
254,codicioso,h5,True,18,0.883,19,35,35
254,a_estrella,h5,True,18,1.711,36,67,65
254,codicioso,h6_w0.3,True,52,16.219,346,587,581
254,a_estrella,h6_w0.3,True,18,18.749,372,620,606
254,codicioso,h6_w0.6,True,52,14.575,344,588,583
254,a_estrella,h6_w0.6,True,18,7.028,171,284,281
254,codicioso,h6_w1.0,True,70,19.133,453,784,777
254,a_estrella,h6_w1.0,True,18,3.209,79,136,132
255,codicioso,h1,True,80,61.761,1657,2757,2687
255,a_estrella,h1,True,24,918.944,20875,33761,32200
255,codicioso,h2,True,32,4.127,96,171,170
255,a_estrella,h2,True,24,42.585,1002,1594,1569
255,codicioso,h3,True,26,2.101,30,55,55
255,a_estrella,h3,True,24,41.214,599,973,964
255,codicioso,h4,True,26,2.504,34,61,61
255,a_estrella,h4,True,24,34.115,444,736,731
255,codicioso,h5,True,36,2.731,57,103,103
255,a_estrella,h5,True,24,5.885,123,214,211
255,codicioso,h6_w0.3,True,48,12.047,235,393,388
255,a_estrella,h6_w0.3,True,24,350.81,6653,10886,10566
255,codicioso,h6_w0.6,True,48,10.615,231,391,386
255,a_estrella,h6_w0.6,True,24,112.116,2549,4144,4053
255,codicioso,h6_w1.0,True,32,3.95,96,171,170
255,a_estrella,h6_w1.0,True,24,39.127,1002,1594,1569
256,codicioso,h1,True,42,24.005,702,1182,1155
256,a_estrella,h1,True,20,125.568,3349,5557,5419
256,codicioso,h2,True,40,18.297,472,812,800
256,a_estrella,h2,True,20,25.509,651,1074,1060
256,codicioso,h3,True,40,6.915,119,200,200
256,a_estrella,h3,True,20,21.102,353,581,575
256,codicioso,h4,True,40,11.24,117,197,197
256,a_estrella,h4,True,20,22.641,255,427,424
256,codicioso,h5,True,20,1.765,35,66,66
256,a_estrella,h5,True,20,4.171,83,150,150
256,codicioso,h6_w0.3,True,24,3.436,59,106,106
256,a_estrella,h6_w0.3,True,20,66.598,1459,2409,2355
256,codicioso,h6_w0.6,True,24,2.577,53,94,94
256,a_estrella,h6_w0.6,True,20,39.403,850,1390,1364
256,codicioso,h6_w1.0,True,40,44.497,472,812,800
256,a_estrella,h6_w1.0,True,20,43.188,651,1074,1060
257,codicioso,h1,True,63,67.916,1705,2840,2761
257,a_estrella,h1,True,19,78.569,2133,3564,3479
257,codicioso,h2,True,57,13.976,369,636,632
257,a_estrella,h2,True,19,6.56,181,301,299
257,codicioso,h3,True,39,6.929,98,167,166
257,a_estrella,h3,True,19,19.91,122,207,206
257,codicioso,h4,True,33,20.758,121,205,203
257,a_estrella,h4,True,19,12.251,122,207,205
257,codicioso,h5,True,19,1.644,28,52,52
257,a_estrella,h5,True,19,1.489,29,53,52
257,codicioso,h6_w0.3,True,57,21.218,401,676,669
257,a_estrella,h6_w0.3,True,19,30.284,732,1218,1191
257,codicioso,h6_w0.6,True,57,16.034,391,660,653
257,a_estrella,h6_w0.6,True,19,12.596,319,527,518
257,codicioso,h6_w1.0,True,57,15.233,369,636,632
257,a_estrella,h6_w1.0,True,19,7.424,181,301,299
258,codicioso,h1,True,62,36.363,1026,1740,1699
258,a_estrella,h1,True,26,1592.906,37635,59807,56002
258,codicioso,h2,True,42,7.36,168,297,296
258,a_estrella,h2,True,26,99.665,2187,3487,3424
258,codicioso,h3,True,32,3.054,52,89,89
258,a_estrella,h3,True,26,75.492,1278,2060,2029
258,codicioso,h4,True,32,3.303,52,89,89
258,a_estrella,h4,True,26,65.682,1023,1657,1635
258,codicioso,h5,True,26,1.828,32,60,60
258,a_estrella,h5,True,26,6.528,135,240,240
258,codicioso,h6_w0.3,True,60,12.718,302,502,497
258,a_estrella,h6_w0.3,True,26,625.781,13453,21844,21031
258,codicioso,h6_w0.6,True,74,9.17,202,345,343
258,a_estrella,h6_w0.6,True,26,258.994,5389,8679,8437
258,codicioso,h6_w1.0,True,42,7.958,168,297,296
258,a_estrella,h6_w1.0,True,26,100.259,2187,3487,3424
259,codicioso,h1,True,21,4.269,84,144,143
259,a_estrella,h1,True,17,35.994,969,1637,1599
259,codicioso,h2,True,21,2.625,72,123,122
259,a_estrella,h2,True,17,8.004,201,335,329
259,codicioso,h3,True,21,2.226,32,58,58
259,a_estrella,h3,True,17,7.406,127,214,210
259,codicioso,h4,True,21,2.152,32,58,58
259,a_estrella,h4,True,17,9.149,127,214,210
259,codicioso,h5,True,21,1.804,42,75,75
259,a_estrella,h5,True,17,1.938,46,82,81
259,codicioso,h6_w0.3,True,21,1.957,48,86,86
259,a_estrella,h6_w0.3,True,17,18.505,432,719,702
259,codicioso,h6_w0.6,True,21,3.245,58,103,102
259,a_estrella,h6_w0.6,True,17,15.241,257,431,422
259,codicioso,h6_w1.0,True,21,2.83,72,123,122
259,a_estrella,h6_w1.0,True,17,8.41,201,335,329
260,codicioso,h1,True,52,52.547,1354,2273,2221
260,a_estrella,h1,True,22,406.927,9237,15149,14633
260,codicioso,h2,True,38,20.994,338,580,577
260,a_estrella,h2,True,22,34.569,594,952,940
260,codicioso,h3,True,36,7.586,96,167,165
260,a_estrella,h3,True,22,23.346,340,553,551
260,codicioso,h4,True,36,6.585,95,165,163
260,a_estrella,h4,True,22,21.404,324,527,526
260,codicioso,h5,True,28,2.387,49,87,87
260,a_estrella,h5,True,22,3.721,62,111,110
260,codicioso,h6_w0.3,True,52,20.929,397,671,662
260,a_estrella,h6_w0.3,True,22,169.774,3047,5012,4899
260,codicioso,h6_w0.6,True,52,16.686,292,499,494
260,a_estrella,h6_w0.6,True,22,66.334,1290,2113,2067
260,codicioso,h6_w1.0,True,38,16.41,338,580,577
260,a_estrella,h6_w1.0,True,22,36.662,594,952,940
261,codicioso,h1,True,38,5.727,154,264,258
261,a_estrella,h1,True,26,2024.423,38706,61265,57159
261,codicioso,h2,True,38,5.262,124,210,209
261,a_estrella,h2,True,26,200.232,4575,7349,7166
261,codicioso,h3,True,38,4.764,74,134,134
261,a_estrella,h3,True,26,189.725,2862,4613,4515
261,codicioso,h4,True,38,5.004,74,134,134
261,a_estrella,h4,True,26,141.937,1960,3137,3063
261,codicioso,h5,True,28,2.652,46,80,80
261,a_estrella,h5,True,26,31.619,659,1132,1120
261,codicioso,h6_w0.3,True,38,5.749,80,142,141
261,a_estrella,h6_w0.3,True,26,796.661,16126,25951,24799
261,codicioso,h6_w0.6,True,38,3.31,77,136,135
261,a_estrella,h6_w0.6,True,26,425.38,8150,13137,12670
261,codicioso,h6_w1.0,True,38,6.628,124,210,209
261,a_estrella,h6_w1.0,True,26,225.317,4575,7349,7166
262,codicioso,h1,True,50,54.83,1404,2349,2292
262,a_estrella,h1,True,20,149.358,3062,5101,4969
262,codicioso,h2,True,38,14.314,327,566,562
262,a_estrella,h2,True,20,10.492,249,420,418
262,codicioso,h3,True,26,2.652,30,56,56
262,a_estrella,h3,True,20,9.097,127,211,210
262,codicioso,h4,True,26,2.134,30,56,56
262,a_estrella,h4,True,20,8.309,107,179,178
262,codicioso,h5,True,24,2.469,37,68,68
262,a_estrella,h5,True,20,1.691,26,48,48
262,codicioso,h6_w0.3,True,44,10.375,151,259,257
262,a_estrella,h6_w0.3,True,20,46.618,1062,1771,1729
262,codicioso,h6_w0.6,True,38,14.334,331,566,563
262,a_estrella,h6_w0.6,True,20,20.956,490,811,795
262,codicioso,h6_w1.0,True,38,14.258,327,566,562
262,a_estrella,h6_w1.0,True,20,11.019,249,420,418
263,codicioso,h1,True,60,31.325,863,1451,1418
263,a_estrella,h1,True,24,849.468,17294,28007,26734
263,codicioso,h2,True,40,5.786,107,180,178
263,a_estrella,h2,True,24,68.299,1220,1979,1952
263,codicioso,h3,True,42,4.939,69,126,126
263,a_estrella,h3,True,24,51.369,742,1213,1194
263,codicioso,h4,True,42,5.864,69,126,126
263,a_estrella,h4,True,24,51.749,669,1100,1087
263,codicioso,h5,True,40,4.154,74,133,133
263,a_estrella,h5,True,24,4.595,95,174,173
263,codicioso,h6_w0.3,True,56,8.316,167,287,282
263,a_estrella,h6_w0.3,True,24,303.574,5858,9529,9238
263,codicioso,h6_w0.6,True,56,5.735,128,220,219
263,a_estrella,h6_w0.6,True,24,139.812,2515,4098,3992
263,codicioso,h6_w1.0,True,40,6.005,107,180,178
263,a_estrella,h6_w1.0,True,24,67.053,1220,1979,1952
264,codicioso,h1,True,35,12.963,313,520,506
264,a_estrella,h1,True,15,19.838,383,666,657
264,codicioso,h2,True,41,19.213,459,799,789
264,a_estrella,h2,True,15,2.356,57,98,98
264,codicioso,h3,True,17,2.931,49,83,82
264,a_estrella,h3,True,15,2.912,50,84,84
264,codicioso,h4,True,17,4.519,49,83,82
264,a_estrella,h4,True,15,5.106,50,84,84
264,codicioso,h5,True,15,1.14,16,31,31
264,a_estrella,h5,True,15,1.41,16,31,31
264,codicioso,h6_w0.3,True,41,17.65,315,539,534
264,a_estrella,h6_w0.3,True,15,7.871,166,281,281
264,codicioso,h6_w0.6,True,41,18.733,315,542,537
264,a_estrella,h6_w0.6,True,15,4.928,81,142,142
264,codicioso,h6_w1.0,True,41,21.858,459,799,789
264,a_estrella,h6_w1.0,True,15,5.946,57,98,98
265,codicioso,h1,True,28,35.981,886,1504,1476
265,a_estrella,h1,True,18,59.566,1365,2300,2249
265,codicioso,h2,True,40,13.233,342,593,586
265,a_estrella,h2,True,18,11.523,279,465,459
265,codicioso,h3,True,24,6.285,94,163,163
265,a_estrella,h3,True,18,14.319,212,351,347
265,codicioso,h4,True,24,5.657,83,142,142
265,a_estrella,h4,True,18,11.606,181,301,298
265,codicioso,h5,True,34,3.956,82,136,135
265,a_estrella,h5,True,18,5.204,90,159,159
265,codicioso,h6_w0.3,True,52,17.176,407,693,688
265,a_estrella,h6_w0.3,True,18,28.086,611,1003,980
265,codicioso,h6_w0.6,True,52,17.696,345,596,593
265,a_estrella,h6_w0.6,True,18,18.133,352,589,578
265,codicioso,h6_w1.0,True,40,15.741,342,593,586
265,a_estrella,h6_w1.0,True,18,13.015,279,465,459
266,codicioso,h1,True,51,18.125,439,745,732
266,a_estrella,h1,True,25,1273.642,28964,46283,43753
266,codicioso,h2,True,65,18.971,425,729,724
266,a_estrella,h2,True,25,104.624,2479,3985,3901
266,codicioso,h3,True,45,6.544,114,190,190
266,a_estrella,h3,True,25,74.629,1227,1948,1914
266,codicioso,h4,True,35,2.794,44,75,75
266,a_estrella,h4,True,25,49.427,666,1060,1044
266,codicioso,h5,True,25,1.313,27,52,52
266,a_estrella,h5,True,25,5.094,99,177,176
266,codicioso,h6_w0.3,True,81,12.22,260,435,430
266,a_estrella,h6_w0.3,True,25,540.764,10844,17643,17052
266,codicioso,h6_w0.6,True,97,25.483,450,762,755
266,a_estrella,h6_w0.6,True,25,237.298,4767,7723,7517
266,codicioso,h6_w1.0,True,65,18.601,425,729,724
266,a_estrella,h6_w1.0,True,25,114.399,2479,3985,3901
267,codicioso,h1,True,54,40.622,964,1611,1580
267,a_estrella,h1,True,24,786.197,17399,28233,26966
267,codicioso,h2,True,52,22.675,506,875,864
267,a_estrella,h2,True,24,79.003,1493,2410,2371
267,codicioso,h3,True,38,6.417,67,116,116
267,a_estrella,h3,True,24,40.918,588,949,941
267,codicioso,h4,True,46,14.289,145,243,241
267,a_estrella,h4,True,24,39.848,423,687,682
267,codicioso,h5,True,28,3.452,78,132,131
267,a_estrella,h5,True,24,8.928,158,274,272
267,codicioso,h6_w0.3,True,40,6.985,145,241,239
267,a_estrella,h6_w0.3,True,24,312.432,6118,10016,9699
267,codicioso,h6_w0.6,True,40,5.789,102,173,172
267,a_estrella,h6_w0.6,True,24,139.482,2771,4505,4386
267,codicioso,h6_w1.0,True,52,23.268,506,875,864
267,a_estrella,h6_w1.0,True,24,72.118,1493,2410,2371
268,codicioso,h1,True,47,44.993,1145,1920,1881
268,a_estrella,h1,True,19,95.71,2383,3944,3848
268,codicioso,h2,True,39,22.596,551,953,939
268,a_estrella,h2,True,19,18.387,419,688,677
268,codicioso,h3,True,21,4.992,59,105,105
268,a_estrella,h3,True,19,18.464,287,470,467
268,codicioso,h4,True,27,3.67,52,88,88
268,a_estrella,h4,True,19,16.379,229,374,372
268,codicioso,h5,True,23,2.237,50,88,88
268,a_estrella,h5,True,19,3.236,59,109,108
268,codicioso,h6_w0.3,True,57,20.348,448,763,758
268,a_estrella,h6_w0.3,True,19,47.473,1019,1692,1657
268,codicioso,h6_w0.6,True,57,20.241,377,650,647
268,a_estrella,h6_w0.6,True,19,27.699,601,979,959
268,codicioso,h6_w1.0,True,39,28.254,551,953,939
268,a_estrella,h6_w1.0,True,19,23.397,419,688,677
269,codicioso,h1,True,32,15.593,371,620,604
269,a_estrella,h1,True,16,28.35,732,1230,1206
269,codicioso,h2,True,22,5.239,140,239,237
269,a_estrella,h2,True,16,7.527,181,301,299
269,codicioso,h3,True,22,2.661,41,72,72
269,a_estrella,h3,True,16,7.868,124,209,209
269,codicioso,h4,True,22,3.652,40,70,70
269,a_estrella,h4,True,16,6.131,98,163,163
269,codicioso,h5,True,16,0.976,21,37,37
269,a_estrella,h5,True,16,1.409,33,61,61
269,codicioso,h6_w0.3,True,32,10.323,229,384,379
269,a_estrella,h6_w0.3,True,16,18.841,342,571,559
269,codicioso,h6_w0.6,True,32,10.769,221,374,369
269,a_estrella,h6_w0.6,True,16,8.837,219,363,358
269,codicioso,h6_w1.0,True,22,6.89,140,239,237
269,a_estrella,h6_w1.0,True,16,10.275,181,301,299
270,codicioso,h1,True,48,28.021,728,1210,1182
270,a_estrella,h1,True,24,805.536,17737,28728,27493
270,codicioso,h2,True,40,8.583,225,382,379
270,a_estrella,h2,True,24,69.749,1797,2905,2847
270,codicioso,h3,True,30,2.642,46,79,79
270,a_estrella,h3,True,24,51.349,928,1477,1446
270,codicioso,h4,True,30,3.695,44,76,76
270,a_estrella,h4,True,24,39.149,609,995,977
270,codicioso,h5,True,24,1.214,28,51,51
270,a_estrella,h5,True,24,6.938,155,275,275
270,codicioso,h6_w0.3,True,48,13.503,337,572,566
270,a_estrella,h6_w0.3,True,24,298.826,6569,10727,10392
270,codicioso,h6_w0.6,True,48,16.005,337,576,571
270,a_estrella,h6_w0.6,True,24,154.228,3068,5014,4906
270,codicioso,h6_w1.0,True,40,9.028,225,382,379
270,a_estrella,h6_w1.0,True,24,78.822,1797,2905,2847
271,codicioso,h1,True,59,28.465,746,1256,1235
271,a_estrella,h1,True,19,82.963,2192,3633,3545
271,codicioso,h2,True,39,8.627,233,397,394
271,a_estrella,h2,True,19,10.763,284,465,460
271,codicioso,h3,True,21,2.25,36,66,66
271,a_estrella,h3,True,19,6.756,117,190,188
271,codicioso,h4,True,21,2.396,35,64,64
271,a_estrella,h4,True,19,4.391,67,112,112
271,codicioso,h5,True,19,0.873,20,37,37
271,a_estrella,h5,True,19,0.824,20,37,37
271,codicioso,h6_w0.3,True,67,15.947,388,656,651
271,a_estrella,h6_w0.3,True,19,36.159,854,1420,1391
271,codicioso,h6_w0.6,True,67,15.326,327,560,557
271,a_estrella,h6_w0.6,True,19,19.05,427,709,700
271,codicioso,h6_w1.0,True,39,11.911,233,397,394
271,a_estrella,h6_w1.0,True,19,11.418,284,465,460
272,codicioso,h1,True,46,15.439,435,732,713
272,a_estrella,h1,True,18,102.85,1975,3292,3212
272,codicioso,h2,True,18,2.543,61,111,110
272,a_estrella,h2,True,18,18.806,492,817,808
272,codicioso,h3,True,22,3.057,38,66,66
272,a_estrella,h3,True,18,18.334,313,520,513
272,codicioso,h4,True,22,2.469,38,66,66
272,a_estrella,h4,True,18,18.258,289,481,478
272,codicioso,h5,True,20,1.403,32,57,57
272,a_estrella,h5,True,18,4.534,107,183,182
272,codicioso,h6_w0.3,True,18,7.326,155,266,259
272,a_estrella,h6_w0.3,True,18,41.825,984,1624,1592
272,codicioso,h6_w0.6,True,18,6.652,99,174,171
272,a_estrella,h6_w0.6,True,18,28.171,587,974,960
272,codicioso,h6_w1.0,True,18,2.509,61,111,110
272,a_estrella,h6_w1.0,True,18,19.993,492,817,808
273,codicioso,h1,True,55,14.26,368,628,616
273,a_estrella,h1,True,23,518.796,13138,21493,20693
273,codicioso,h2,True,41,18.637,464,806,796
273,a_estrella,h2,True,23,48.999,1234,1998,1961
273,codicioso,h3,True,29,3.937,65,116,116
273,a_estrella,h3,True,23,41.126,703,1136,1118
273,codicioso,h4,True,37,4.148,64,113,113
273,a_estrella,h4,True,23,30.715,478,778,768
273,codicioso,h5,True,23,1.17,25,51,51
273,a_estrella,h5,True,23,6.105,130,225,224
273,codicioso,h6_w0.3,True,39,9.592,242,404,399
273,a_estrella,h6_w0.3,True,23,212.668,4766,7797,7582
273,codicioso,h6_w0.6,True,43,4.441,106,186,184
273,a_estrella,h6_w0.6,True,23,106.794,2234,3633,3545
273,codicioso,h6_w1.0,True,41,21.483,464,806,796
273,a_estrella,h6_w1.0,True,23,55.897,1234,1998,1961
274,codicioso,h1,True,56,13.838,405,692,680
274,a_estrella,h1,True,26,1608.434,37052,58809,55027
274,codicioso,h2,True,56,14.619,365,628,621
274,a_estrella,h2,True,26,77.361,1928,3062,3017
274,codicioso,h3,True,34,3.074,52,91,91
274,a_estrella,h3,True,26,76.291,1175,1919,1898
274,codicioso,h4,True,40,6.225,67,123,123
274,a_estrella,h4,True,26,46.89,579,947,938
274,codicioso,h5,True,44,4.448,90,152,151
274,a_estrella,h5,True,26,14.544,325,575,572
274,codicioso,h6_w0.3,True,72,17.784,422,713,705
274,a_estrella,h6_w0.3,True,26,699.842,12974,21005,20222
274,codicioso,h6_w0.6,True,64,15.548,365,632,629
274,a_estrella,h6_w0.6,True,26,251.452,5025,8125,7884
274,codicioso,h6_w1.0,True,56,21.002,365,628,621
274,a_estrella,h6_w1.0,True,26,100.592,1928,3062,3017
275,codicioso,h1,True,56,23.981,472,789,771
275,a_estrella,h1,True,16,22.062,598,1009,990
275,codicioso,h2,True,20,2.368,63,113,112
275,a_estrella,h2,True,16,4.738,128,216,214
275,codicioso,h3,True,20,3.067,52,89,88
275,a_estrella,h3,True,16,7.853,100,171,170
275,codicioso,h4,True,20,5.141,50,86,85
275,a_estrella,h4,True,16,10.827,100,171,170
275,codicioso,h5,True,20,2.014,32,55,55
275,a_estrella,h5,True,16,1.907,29,56,56
275,codicioso,h6_w0.3,True,56,22.087,313,532,527
275,a_estrella,h6_w0.3,True,16,15.625,275,462,456
275,codicioso,h6_w0.6,True,56,16.467,316,541,536
275,a_estrella,h6_w0.6,True,16,10.941,158,269,268
275,codicioso,h6_w1.0,True,20,4.143,63,113,112
275,a_estrella,h6_w1.0,True,16,7.456,128,216,214
276,codicioso,h1,True,65,50.144,1050,1763,1723
276,a_estrella,h1,True,17,36.888,778,1340,1315
276,codicioso,h2,True,29,3.807,58,105,105
276,a_estrella,h2,True,17,3.057,55,92,92
276,codicioso,h3,True,55,8.555,122,208,207
276,a_estrella,h3,True,17,1.842,27,49,49
276,codicioso,h4,True,43,6.62,67,120,120
276,a_estrella,h4,True,17,3.041,27,49,49
276,codicioso,h5,True,25,2.936,54,96,96
276,a_estrella,h5,True,17,1.188,27,52,52
276,codicioso,h6_w0.3,True,67,9.653,214,359,354
276,a_estrella,h6_w0.3,True,17,9.662,244,412,409
276,codicioso,h6_w0.6,True,25,8.039,144,244,242
276,a_estrella,h6_w0.6,True,17,5.772,96,163,162
276,codicioso,h6_w1.0,True,29,3.695,58,105,105
276,a_estrella,h6_w1.0,True,17,3.117,55,92,92
277,codicioso,h1,True,44,22.28,474,802,786
277,a_estrella,h1,True,22,360.409,9250,15171,14629
277,codicioso,h2,True,36,3.398,89,151,150
277,a_estrella,h2,True,22,35.677,878,1431,1406
277,codicioso,h3,True,24,1.739,28,52,52
277,a_estrella,h3,True,22,28.187,494,811,799
277,codicioso,h4,True,24,1.893,28,52,52
277,a_estrella,h4,True,22,20.656,315,528,525
277,codicioso,h5,True,40,3.967,88,152,151
277,a_estrella,h5,True,22,4.395,104,182,181
277,codicioso,h6_w0.3,True,56,10.998,255,438,429
277,a_estrella,h6_w0.3,True,22,149.842,3297,5471,5334
277,codicioso,h6_w0.6,True,36,3.18,77,138,137
277,a_estrella,h6_w0.6,True,22,92.861,1525,2499,2438
277,codicioso,h6_w1.0,True,36,5.911,89,151,150
277,a_estrella,h6_w1.0,True,22,45.075,878,1431,1406
278,codicioso,h1,True,43,40.107,1128,1905,1868
278,a_estrella,h1,True,23,502.286,12763,20783,19918
278,codicioso,h2,True,43,18.145,463,805,794
278,a_estrella,h2,True,23,33.241,848,1392,1372
278,codicioso,h3,True,37,3.943,66,116,116
278,a_estrella,h3,True,23,32.951,551,913,900
278,codicioso,h4,True,31,4.484,57,97,97
278,a_estrella,h4,True,23,23.207,373,608,596
278,codicioso,h5,True,33,2.673,63,113,113
278,a_estrella,h5,True,23,8.137,184,322,318
278,codicioso,h6_w0.3,True,43,21.428,447,761,754
278,a_estrella,h6_w0.3,True,23,190.065,4417,7222,7021
278,codicioso,h6_w0.6,True,43,13.745,335,578,573
278,a_estrella,h6_w0.6,True,23,107.77,1908,3107,3045
278,codicioso,h6_w1.0,True,43,22.281,463,805,794
278,a_estrella,h6_w1.0,True,23,36.559,848,1392,1372
279,codicioso,h1,True,45,34.602,780,1303,1268
279,a_estrella,h1,True,27,2751.793,57466,89093,81669
279,codicioso,h2,True,41,15.395,363,626,622
279,a_estrella,h2,True,27,274.089,6502,10324,10038
279,codicioso,h3,True,47,8.081,116,203,203
279,a_estrella,h3,True,27,242.273,3831,6206,6057
279,codicioso,h4,True,31,6.043,71,125,125
279,a_estrella,h4,True,27,238.833,3175,5142,5021
279,codicioso,h5,True,41,3.477,74,136,136
279,a_estrella,h5,True,27,26.972,533,944,935
279,codicioso,h6_w0.3,True,43,24.882,489,838,827
279,a_estrella,h6_w0.3,True,27,1349.853,25022,39845,37729
279,codicioso,h6_w0.6,True,43,17.114,380,650,645
279,a_estrella,h6_w0.6,True,27,631.971,12285,19658,18888
279,codicioso,h6_w1.0,True,41,20.012,363,626,622
279,a_estrella,h6_w1.0,True,27,344.687,6502,10324,10038
280,codicioso,h1,True,50,13.385,382,658,647
280,a_estrella,h1,True,24,753.409,16894,27551,26354
280,codicioso,h2,True,46,13.82,332,570,563
280,a_estrella,h2,True,24,31.217,782,1254,1245
280,codicioso,h3,True,36,6.288,93,154,154
280,a_estrella,h3,True,24,27.826,432,706,701
280,codicioso,h4,True,56,7.743,110,196,196
280,a_estrella,h4,True,24,17.243,262,434,430
280,codicioso,h5,True,24,1.689,26,49,49
280,a_estrella,h5,True,24,5.164,115,200,199
280,codicioso,h6_w0.3,True,46,15.958,364,613,605
280,a_estrella,h6_w0.3,True,24,263.313,5197,8542,8300
280,codicioso,h6_w0.6,True,46,10.569,254,430,425
280,a_estrella,h6_w0.6,True,24,91.775,2001,3265,3182
280,codicioso,h6_w1.0,True,46,14.787,332,570,563
280,a_estrella,h6_w1.0,True,24,46.167,782,1254,1245
281,codicioso,h1,True,62,42.407,1085,1814,1773
281,a_estrella,h1,True,24,847.068,20952,33749,32147
281,codicioso,h2,True,52,20.671,519,895,885
281,a_estrella,h2,True,24,56.162,1408,2246,2215
281,codicioso,h3,True,28,3.398,54,98,98
281,a_estrella,h3,True,24,48.574,794,1263,1243
281,codicioso,h4,True,44,5.016,73,129,129
281,a_estrella,h4,True,24,22.907,365,579,575
281,codicioso,h5,True,36,4.177,90,160,159
281,a_estrella,h5,True,24,7.502,138,252,250
281,codicioso,h6_w0.3,True,52,25.165,549,938,925
281,a_estrella,h6_w0.3,True,24,340.553,7324,11890,11513
281,codicioso,h6_w0.6,True,52,16.974,406,694,689
281,a_estrella,h6_w0.6,True,24,141.747,3080,4962,4843
281,codicioso,h6_w1.0,True,52,49.581,519,895,885
281,a_estrella,h6_w1.0,True,24,92.518,1408,2246,2215
282,codicioso,h1,True,57,58.358,1019,1720,1679
282,a_estrella,h1,True,19,106.381,1951,3264,3192
282,codicioso,h2,True,37,4.372,87,154,152
282,a_estrella,h2,True,19,5.06,126,203,202
282,codicioso,h3,True,33,6.985,48,87,87
282,a_estrella,h3,True,19,6.205,84,136,136
282,codicioso,h4,True,49,13.094,178,301,299
282,a_estrella,h4,True,19,2.776,47,75,75
282,codicioso,h5,True,19,1.016,20,37,37
282,a_estrella,h5,True,19,1.248,20,37,37
282,codicioso,h6_w0.3,True,59,11.361,248,429,420
282,a_estrella,h6_w0.3,True,19,28.96,608,1009,990
282,codicioso,h6_w0.6,True,37,5.644,119,209,206
282,a_estrella,h6_w0.6,True,19,11.898,251,418,412
282,codicioso,h6_w1.0,True,37,3.765,87,154,152
282,a_estrella,h6_w1.0,True,19,5.507,126,203,202
283,codicioso,h1,True,64,56.938,1425,2382,2334
283,a_estrella,h1,True,26,1626.782,37082,58679,54986
283,codicioso,h2,True,56,22.856,490,842,830
283,a_estrella,h2,True,26,123.129,2818,4476,4372
283,codicioso,h3,True,36,5.074,79,136,136
283,a_estrella,h3,True,26,91.951,1561,2478,2430
283,codicioso,h4,True,38,4.816,75,128,128
283,a_estrella,h4,True,26,62.405,1006,1635,1613
283,codicioso,h5,True,26,1.25,28,53,53
283,a_estrella,h5,True,26,11.633,266,470,465
283,codicioso,h6_w0.3,True,60,18.194,435,742,734
283,a_estrella,h6_w0.3,True,26,653.952,13386,21567,20761
283,codicioso,h6_w0.6,True,60,18.701,432,742,734
283,a_estrella,h6_w0.6,True,26,255.213,5696,9097,8787
283,codicioso,h6_w1.0,True,56,23.756,490,842,830
283,a_estrella,h6_w1.0,True,26,201.713,2818,4476,4372
284,codicioso,h1,True,42,22.201,451,756,738
284,a_estrella,h1,True,20,102.31,2845,4734,4613
284,codicioso,h2,True,42,18.188,464,803,792
284,a_estrella,h2,True,20,8.283,232,384,382
284,codicioso,h3,True,22,2.99,50,90,90
284,a_estrella,h3,True,20,9.368,156,260,259
284,codicioso,h4,True,22,3.283,50,90,90
284,a_estrella,h4,True,20,4.02,65,111,111
284,codicioso,h5,True,24,1.639,29,53,53
284,a_estrella,h5,True,20,1.62,31,58,58
284,codicioso,h6_w0.3,True,42,12.697,315,535,530
284,a_estrella,h6_w0.3,True,20,38.641,903,1505,1478
284,codicioso,h6_w0.6,True,42,13.005,318,544,539
284,a_estrella,h6_w0.6,True,20,16.035,393,646,635
284,codicioso,h6_w1.0,True,42,20.012,464,803,792
284,a_estrella,h6_w1.0,True,20,11.154,232,384,382
285,codicioso,h1,True,60,59.593,1353,2252,2191
285,a_estrella,h1,True,24,827.868,17240,28084,26893
285,codicioso,h2,True,54,27.233,416,712,708
285,a_estrella,h2,True,24,47.676,900,1453,1429
285,codicioso,h3,True,28,8.375,64,110,109
285,a_estrella,h3,True,24,49.897,603,991,980
285,codicioso,h4,True,28,4.065,62,107,106
285,a_estrella,h4,True,24,41.291,585,960,950
285,codicioso,h5,True,30,1.65,39,65,65
285,a_estrella,h5,True,24,4.761,85,152,149
285,codicioso,h6_w0.3,True,66,9.133,221,372,366
285,a_estrella,h6_w0.3,True,24,281.487,5603,9211,8951
285,codicioso,h6_w0.6,True,54,17.116,353,599,596
285,a_estrella,h6_w0.6,True,24,117.011,2301,3734,3639
285,codicioso,h6_w1.0,True,54,18.965,416,712,708
285,a_estrella,h6_w1.0,True,24,41.329,900,1453,1429
286,codicioso,h1,True,36,8.825,231,390,381
286,a_estrella,h1,True,16,21.988,589,996,976
286,codicioso,h2,True,38,19.297,472,817,804
286,a_estrella,h2,True,16,6.468,180,298,294
286,codicioso,h3,True,34,5.056,84,140,140
286,a_estrella,h3,True,16,6.437,109,185,184
286,codicioso,h4,True,34,5.405,84,140,140
286,a_estrella,h4,True,16,7.325,109,185,184
286,codicioso,h5,True,16,0.744,17,30,30
286,a_estrella,h5,True,16,0.893,22,39,39
286,codicioso,h6_w0.3,True,36,4.923,118,202,199
286,a_estrella,h6_w0.3,True,16,12.912,308,515,508
286,codicioso,h6_w0.6,True,38,13.039,313,535,530
286,a_estrella,h6_w0.6,True,16,8.081,204,340,336
286,codicioso,h6_w1.0,True,38,20.666,472,817,804
286,a_estrella,h6_w1.0,True,16,7.178,180,298,294
287,codicioso,h1,True,54,45.804,1295,2165,2110
287,a_estrella,h1,True,22,349.64,7957,13099,12647
287,codicioso,h2,True,44,8.93,233,395,392
287,a_estrella,h2,True,22,41.221,1002,1614,1585
287,codicioso,h3,True,36,4.447,73,126,126
287,a_estrella,h3,True,22,27.501,457,735,723
287,codicioso,h4,True,48,11.821,145,249,248
287,a_estrella,h4,True,22,55.693,564,917,901
287,codicioso,h5,True,22,2.038,26,46,46
287,a_estrella,h5,True,22,2.602,38,72,72
287,codicioso,h6_w0.3,True,66,28.219,423,719,714
287,a_estrella,h6_w0.3,True,22,179.377,3094,5091,4952
287,codicioso,h6_w0.6,True,66,16.851,366,630,627
287,a_estrella,h6_w0.6,True,22,74.791,1567,2561,2497
287,codicioso,h6_w1.0,True,44,9.412,233,395,392
287,a_estrella,h6_w1.0,True,22,40.606,1002,1614,1585
288,codicioso,h1,True,62,31.207,907,1527,1493
288,a_estrella,h1,True,24,710.33,16871,27473,26296
288,codicioso,h2,True,34,3.347,57,99,99
288,a_estrella,h2,True,24,27.224,599,959,946
288,codicioso,h3,True,30,4.619,57,100,100
288,a_estrella,h3,True,24,28.427,379,617,607
288,codicioso,h4,True,42,13.85,121,205,205
288,a_estrella,h4,True,24,21.962,241,396,392
288,codicioso,h5,True,28,2.174,51,88,88
288,a_estrella,h5,True,24,4.763,65,118,117
288,codicioso,h6_w0.3,True,94,31.74,450,758,753
288,a_estrella,h6_w0.3,True,24,246.343,5186,8467,8236
288,codicioso,h6_w0.6,True,78,17.402,382,654,649
288,a_estrella,h6_w0.6,True,24,80.923,1851,2993,2917
288,codicioso,h6_w1.0,True,34,2.489,57,99,99
288,a_estrella,h6_w1.0,True,24,25.847,599,959,946
289,codicioso,h1,True,31,2.783,82,144,141
289,a_estrella,h1,True,23,567.258,13830,22627,21726
289,codicioso,h2,True,31,3.623,96,163,161
289,a_estrella,h2,True,23,73.776,1768,2848,2781
289,codicioso,h3,True,31,2.99,48,88,88
289,a_estrella,h3,True,23,56.217,954,1558,1530
289,codicioso,h4,True,31,3.206,47,87,87
289,a_estrella,h4,True,23,51.991,787,1286,1266
289,codicioso,h5,True,23,1.201,26,50,50
289,a_estrella,h5,True,23,5.372,106,191,190
289,codicioso,h6_w0.3,True,31,2.731,67,121,120
289,a_estrella,h6_w0.3,True,23,300.246,5616,9257,8984
289,codicioso,h6_w0.6,True,31,4.176,68,123,122
289,a_estrella,h6_w0.6,True,23,151.008,2841,4671,4549
289,codicioso,h6_w1.0,True,31,4.322,96,163,161
289,a_estrella,h6_w1.0,True,23,87.496,1768,2848,2781
290,codicioso,h1,True,46,10.11,281,480,471
290,a_estrella,h1,True,18,47.332,1309,2219,2170
290,codicioso,h2,True,38,8.735,234,414,412
290,a_estrella,h2,True,18,7.09,195,326,323
290,codicioso,h3,True,28,3.185,53,93,93
290,a_estrella,h3,True,18,7.089,124,214,213
290,codicioso,h4,True,28,4.262,55,96,96
290,a_estrella,h4,True,18,12.536,193,322,319
290,codicioso,h5,True,32,3.471,81,137,136
290,a_estrella,h5,True,18,1.836,44,80,80
290,codicioso,h6_w0.3,True,46,6.122,150,260,258
290,a_estrella,h6_w0.3,True,18,27.351,539,904,888
290,codicioso,h6_w0.6,True,62,28.205,386,659,653
290,a_estrella,h6_w0.6,True,18,18.573,271,455,447
290,codicioso,h6_w1.0,True,38,15.173,234,414,412
290,a_estrella,h6_w1.0,True,18,11.721,195,326,323
291,codicioso,h1,True,34,18.818,408,679,664
291,a_estrella,h1,True,24,789.381,17934,29039,27668
291,codicioso,h2,True,54,16.708,387,659,653
291,a_estrella,h2,True,24,77.291,1874,3051,2995
291,codicioso,h3,True,34,3.607,60,103,103
291,a_estrella,h3,True,24,73.629,1087,1785,1756
291,codicioso,h4,True,34,3.929,60,103,103
291,a_estrella,h4,True,24,50.299,716,1184,1173
291,codicioso,h5,True,32,1.894,43,78,78
291,a_estrella,h5,True,24,8.495,181,323,321
291,codicioso,h6_w0.3,True,68,22.19,517,874,862
291,a_estrella,h6_w0.3,True,24,330.301,6945,11282,10891
291,codicioso,h6_w0.6,True,68,16.64,368,617,614
291,a_estrella,h6_w0.6,True,24,147.228,3375,5479,5332
291,codicioso,h6_w1.0,True,54,17.158,387,659,653
291,a_estrella,h6_w1.0,True,24,81.094,1874,3051,2995
292,codicioso,h1,True,51,8.977,265,448,438
292,a_estrella,h1,True,27,2775.142,56203,87380,80493
292,codicioso,h2,True,53,15.763,377,645,640
292,a_estrella,h2,True,27,109.932,2584,4070,3994
292,codicioso,h3,True,33,3.78,64,115,115
292,a_estrella,h3,True,27,86.769,1450,2306,2262
292,codicioso,h4,True,41,6.158,62,108,108
292,a_estrella,h4,True,27,72.809,835,1325,1302
292,codicioso,h5,True,31,2.353,34,64,64
292,a_estrella,h5,True,27,2.887,42,78,78
292,codicioso,h6_w0.3,True,51,27.165,437,743,734
292,a_estrella,h6_w0.3,True,27,1088.13,20515,32933,31610
292,codicioso,h6_w0.6,True,51,13.983,325,551,548
292,a_estrella,h6_w0.6,True,27,375.836,7569,12084,11735
292,codicioso,h6_w1.0,True,53,16.348,377,645,640
292,a_estrella,h6_w1.0,True,27,126.701,2584,4070,3994
293,codicioso,h1,True,53,37.633,783,1321,1289
293,a_estrella,h1,True,23,633.611,13004,21187,20384
293,codicioso,h2,True,55,12.746,297,497,494
293,a_estrella,h2,True,23,55.95,1163,1878,1837
293,codicioso,h3,True,33,6.838,74,128,127
293,a_estrella,h3,True,23,37.935,498,788,777
293,codicioso,h4,True,49,11.531,112,187,187
293,a_estrella,h4,True,23,24.097,399,630,621
293,codicioso,h5,True,23,1.111,24,49,49
293,a_estrella,h5,True,23,3.596,85,157,155
293,codicioso,h6_w0.3,True,59,16.994,416,703,694
293,a_estrella,h6_w0.3,True,23,255.376,4712,7713,7516
293,codicioso,h6_w0.6,True,63,21.827,359,601,596
293,a_estrella,h6_w0.6,True,23,115.065,2161,3534,3448
293,codicioso,h6_w1.0,True,55,13.705,297,497,494
293,a_estrella,h6_w1.0,True,23,63.365,1163,1878,1837
294,codicioso,h1,True,80,63.938,1559,2607,2540
294,a_estrella,h1,True,18,52.054,1358,2278,2220
294,codicioso,h2,True,34,4.438,119,202,200
294,a_estrella,h2,True,18,9.975,182,301,298
294,codicioso,h3,True,32,5.383,56,103,103
294,a_estrella,h3,True,18,11.887,133,226,222
294,codicioso,h4,True,32,6.119,56,103,103
294,a_estrella,h4,True,18,14.363,132,224,220
294,codicioso,h5,True,30,2.637,37,70,70
294,a_estrella,h5,True,18,1.508,24,45,45
294,codicioso,h6_w0.3,True,36,9.709,152,258,254
294,a_estrella,h6_w0.3,True,18,34.852,556,928,902
294,codicioso,h6_w0.6,True,34,9.625,142,244,242
294,a_estrella,h6_w0.6,True,18,16.72,288,473,464
294,codicioso,h6_w1.0,True,34,5.084,119,202,200
294,a_estrella,h6_w1.0,True,18,9.641,182,301,298
295,codicioso,h1,True,47,15.177,324,550,543
295,a_estrella,h1,True,27,2966.045,57651,89122,81542
295,codicioso,h2,True,53,12.397,312,521,518
295,a_estrella,h2,True,27,379.745,7351,11623,11302
295,codicioso,h3,True,27,5.447,56,96,96
295,a_estrella,h3,True,27,346.786,3708,5934,5826
295,codicioso,h4,True,27,3.957,54,91,91
295,a_estrella,h4,True,27,206.357,2602,4167,4101
295,codicioso,h5,True,49,4.472,102,175,175
295,a_estrella,h5,True,27,28.086,383,667,664
295,codicioso,h6_w0.3,True,65,12.795,195,328,323
295,a_estrella,h6_w0.3,True,27,1418.893,25999,41201,38888
295,codicioso,h6_w0.6,True,61,19.958,376,629,624
295,a_estrella,h6_w0.6,True,27,657.824,13189,21020,20094
295,codicioso,h6_w1.0,True,53,12.934,312,521,518
295,a_estrella,h6_w1.0,True,27,335.394,7351,11623,11302
296,codicioso,h1,True,43,51.91,1440,2407,2347
296,a_estrella,h1,True,21,231.492,5877,9688,9386
296,codicioso,h2,True,47,14.313,372,643,637
296,a_estrella,h2,True,21,37.91,898,1461,1435
296,codicioso,h3,True,43,6.148,101,182,182
296,a_estrella,h3,True,21,37.641,615,1001,987
296,codicioso,h4,True,43,6.675,101,182,182
296,a_estrella,h4,True,21,33.388,531,876,863
296,codicioso,h5,True,33,2.121,47,83,83
296,a_estrella,h5,True,21,3.377,80,141,141
296,codicioso,h6_w0.3,True,53,17.624,423,715,703
296,a_estrella,h6_w0.3,True,21,120.517,2433,3997,3896
296,codicioso,h6_w0.6,True,53,12.595,283,484,479
296,a_estrella,h6_w0.6,True,21,60.957,1299,2142,2097
296,codicioso,h6_w1.0,True,47,15.708,372,643,637
296,a_estrella,h6_w1.0,True,21,39.229,898,1461,1435
297,codicioso,h1,True,38,58.5,1514,2541,2494
297,a_estrella,h1,True,22,425.73,9833,16129,15518
297,codicioso,h2,True,36,12.27,311,537,533
297,a_estrella,h2,True,22,44.908,1144,1847,1811
297,codicioso,h3,True,32,3.436,57,101,101
297,a_estrella,h3,True,22,63.276,698,1153,1134
297,codicioso,h4,True,32,4.076,57,101,101
297,a_estrella,h4,True,22,40.234,608,1009,993
297,codicioso,h5,True,26,1.475,33,62,62
297,a_estrella,h5,True,22,3.758,89,160,160
297,codicioso,h6_w0.3,True,58,7.339,178,302,297
297,a_estrella,h6_w0.3,True,22,183.415,3783,6241,6066
297,codicioso,h6_w0.6,True,58,5.983,145,248,246
297,a_estrella,h6_w0.6,True,22,91.493,1866,3062,2992
297,codicioso,h6_w1.0,True,36,13.614,311,537,533
297,a_estrella,h6_w1.0,True,22,56.333,1144,1847,1811
298,codicioso,h1,True,64,27.237,736,1234,1203
298,a_estrella,h1,True,20,120.803,3261,5445,5300
298,codicioso,h2,True,56,15.632,406,705,699
298,a_estrella,h2,True,20,16.908,405,662,651
298,codicioso,h3,True,52,12.691,154,259,258
298,a_estrella,h3,True,20,14.796,230,382,377
298,codicioso,h4,True,46,8.277,125,210,210
298,a_estrella,h4,True,20,14.279,214,355,351
298,codicioso,h5,True,20,1.579,24,44,44
298,a_estrella,h5,True,20,1.623,25,46,46
298,codicioso,h6_w0.3,True,64,26.045,434,732,720
298,a_estrella,h6_w0.3,True,20,57.823,1240,2050,2004
298,codicioso,h6_w0.6,True,78,22.318,404,689,683
298,a_estrella,h6_w0.6,True,20,39.09,659,1082,1057
298,codicioso,h6_w1.0,True,56,21.339,406,705,699
298,a_estrella,h6_w1.0,True,20,19.548,405,662,651
299,codicioso,h1,True,40,9.098,240,411,404
299,a_estrella,h1,True,18,60.427,1420,2360,2306
299,codicioso,h2,True,38,24.725,474,820,810
299,a_estrella,h2,True,18,15.853,346,571,562
299,codicioso,h3,True,32,4.012,59,109,109
299,a_estrella,h3,True,18,13.352,188,317,316
299,codicioso,h4,True,32,6.501,59,109,109
299,a_estrella,h4,True,18,13.514,187,316,315
299,codicioso,h5,True,30,3.25,59,104,104
299,a_estrella,h5,True,18,1.985,47,82,82
299,codicioso,h6_w0.3,True,70,29.007,573,974,960
299,a_estrella,h6_w0.3,True,18,30.516,697,1155,1129
299,codicioso,h6_w0.6,True,46,14.807,316,542,537
299,a_estrella,h6_w0.6,True,18,20.319,433,718,705
299,codicioso,h6_w1.0,True,38,24.752,474,820,810
299,a_estrella,h6_w1.0,True,18,15.933,346,571,562
300,codicioso,h1,True,41,13.311,231,393,386
300,a_estrella,h1,True,25,1229.694,27773,44657,42310
300,codicioso,h2,True,43,4.194,110,186,185
300,a_estrella,h2,True,25,41.622,1122,1797,1773
300,codicioso,h3,True,27,2.254,38,69,69
300,a_estrella,h3,True,25,32.627,575,948,944
300,codicioso,h4,True,37,3.687,57,100,100
300,a_estrella,h4,True,25,14.238,215,355,354
300,codicioso,h5,True,25,1.232,28,52,52
300,a_estrella,h5,True,25,4.19,100,176,176
300,codicioso,h6_w0.3,True,41,9.417,232,382,380
300,a_estrella,h6_w0.3,True,25,446.086,8926,14590,14138
300,codicioso,h6_w0.6,True,87,24.365,480,814,803
300,a_estrella,h6_w0.6,True,25,177.464,3264,5292,5169
300,codicioso,h6_w1.0,True,43,5.205,110,186,185
300,a_estrella,h6_w1.0,True,25,54.118,1122,1797,1773
301,codicioso,h1,True,53,59.162,1496,2506,2457
301,a_estrella,h1,True,25,1305.857,28827,46079,43456
301,codicioso,h2,True,61,22.773,549,947,937
301,a_estrella,h2,True,25,110.643,2672,4280,4203
301,codicioso,h3,True,59,9.008,127,222,222
301,a_estrella,h3,True,25,90.34,1509,2462,2423
301,codicioso,h4,True,39,6.397,94,159,159
301,a_estrella,h4,True,25,88.572,1286,2114,2081
301,codicioso,h5,True,29,1.441,31,59,59
301,a_estrella,h5,True,25,4.329,101,187,186
301,codicioso,h6_w0.3,True,61,26.573,582,995,982
301,a_estrella,h6_w0.3,True,25,540.241,11056,17920,17267
301,codicioso,h6_w0.6,True,61,19.164,451,772,767
301,a_estrella,h6_w0.6,True,25,222.842,5124,8306,8045
301,codicioso,h6_w1.0,True,61,24.206,549,947,937
301,a_estrella,h6_w1.0,True,25,131.846,2672,4280,4203
302,codicioso,h1,True,37,14.493,335,564,555
302,a_estrella,h1,True,23,510.979,12445,20340,19551
302,codicioso,h2,True,67,28.894,570,981,970
302,a_estrella,h2,True,23,40.781,878,1407,1391
302,codicioso,h3,True,37,3.653,60,108,108
302,a_estrella,h3,True,23,30.338,511,819,807
302,codicioso,h4,True,37,5.207,60,108,108
302,a_estrella,h4,True,23,16.127,206,336,332
302,codicioso,h5,True,23,1.354,25,48,48
302,a_estrella,h5,True,23,15.76,278,464,459
302,codicioso,h6_w0.3,True,37,7.668,143,244,241
302,a_estrella,h6_w0.3,True,23,214.145,4057,6636,6441
302,codicioso,h6_w0.6,True,37,4.995,108,183,181
302,a_estrella,h6_w0.6,True,23,91.397,1711,2797,2735
302,codicioso,h6_w1.0,True,67,35.907,570,981,970
302,a_estrella,h6_w1.0,True,23,38.032,878,1407,1391
303,codicioso,h1,True,71,60.702,1379,2313,2254
303,a_estrella,h1,True,21,230.481,5284,8763,8507
303,codicioso,h2,True,49,14.504,351,605,599
303,a_estrella,h2,True,21,15.543,386,633,621
303,codicioso,h3,True,45,6.701,114,199,199
303,a_estrella,h3,True,21,8.479,146,240,238
303,codicioso,h4,True,29,5.023,72,127,127
303,a_estrella,h4,True,21,7.773,105,174,172
303,codicioso,h5,True,27,2.284,36,67,67
303,a_estrella,h5,True,21,2.611,25,48,48
303,codicioso,h6_w0.3,True,63,9.493,217,362,356
303,a_estrella,h6_w0.3,True,21,82.281,1764,2915,2854
303,codicioso,h6_w0.6,True,33,6.84,151,254,252
303,a_estrella,h6_w0.6,True,21,36.299,760,1260,1237
303,codicioso,h6_w1.0,True,49,15.454,351,605,599
303,a_estrella,h6_w1.0,True,21,17.449,386,633,621
304,codicioso,h1,True,40,8.973,225,381,373
304,a_estrella,h1,True,20,146.168,3221,5414,5281
304,codicioso,h2,True,44,22.128,338,581,577
304,a_estrella,h2,True,20,16.5,335,545,532
304,codicioso,h3,True,20,4.587,76,129,129
304,a_estrella,h3,True,20,13.389,243,399,391
304,codicioso,h4,True,20,4.895,76,129,129
304,a_estrella,h4,True,20,14.939,224,372,365
304,codicioso,h5,True,20,1.387,26,48,48
304,a_estrella,h5,True,20,3.783,90,156,155
304,codicioso,h6_w0.3,True,52,17.356,387,655,650
304,a_estrella,h6_w0.3,True,20,49.82,1192,1989,1948
304,codicioso,h6_w0.6,True,52,12.979,311,533,530
304,a_estrella,h6_w0.6,True,20,24.993,579,949,930
304,codicioso,h6_w1.0,True,44,16.258,338,581,577
304,a_estrella,h6_w1.0,True,20,16.608,335,545,532
305,codicioso,h1,True,64,20.966,590,1012,991
305,a_estrella,h1,True,24,802.986,18211,29458,28102
305,codicioso,h2,True,58,12.537,321,558,556
305,a_estrella,h2,True,24,89.565,1867,3040,2985
305,codicioso,h3,True,32,3.403,51,92,92
305,a_estrella,h3,True,24,66.218,992,1597,1568
305,codicioso,h4,True,32,8.944,51,92,92
305,a_estrella,h4,True,24,49.172,649,1053,1037
305,codicioso,h5,True,24,2.351,52,91,91
305,a_estrella,h5,True,24,10.063,199,342,340
305,codicioso,h6_w0.3,True,56,10.263,236,405,396
305,a_estrella,h6_w0.3,True,24,367.411,7134,11678,11320
305,codicioso,h6_w0.6,True,78,23.279,468,798,787
305,a_estrella,h6_w0.6,True,24,174.686,3435,5574,5425
305,codicioso,h6_w1.0,True,58,13.268,321,558,556
305,a_estrella,h6_w1.0,True,24,101.061,1867,3040,2985
306,codicioso,h1,True,44,9.37,269,467,459
306,a_estrella,h1,True,24,730.096,17095,27849,26668
306,codicioso,h2,True,70,18.802,387,668,664
306,a_estrella,h2,True,24,38.059,858,1398,1376
306,codicioso,h3,True,36,4.233,69,120,120
306,a_estrella,h3,True,24,33.27,495,820,813
306,codicioso,h4,True,32,4.035,54,95,95
306,a_estrella,h4,True,24,24.893,353,584,579
306,codicioso,h5,True,24,1.266,28,53,53
306,a_estrella,h5,True,24,3.841,87,154,154
306,codicioso,h6_w0.3,True,60,18.931,415,701,693
306,a_estrella,h6_w0.3,True,24,282.399,5443,8948,8701
306,codicioso,h6_w0.6,True,98,26.862,444,757,750
306,a_estrella,h6_w0.6,True,24,98.15,2188,3560,3477
306,codicioso,h6_w1.0,True,70,16.817,387,668,664
306,a_estrella,h6_w1.0,True,24,37.153,858,1398,1376
307,codicioso,h1,True,42,17.526,445,748,723
307,a_estrella,h1,True,16,33.311,700,1175,1147
307,codicioso,h2,True,48,27.201,592,1012,997
307,a_estrella,h2,True,16,7.776,170,282,279
307,codicioso,h3,True,30,10.581,143,239,236
307,a_estrella,h3,True,16,7.472,115,194,193
307,codicioso,h4,True,30,12.684,141,236,233
307,a_estrella,h4,True,16,9.432,111,188,187
307,codicioso,h5,True,16,1.08,17,32,32
307,a_estrella,h5,True,16,1.061,24,45,45
307,codicioso,h6_w0.3,True,42,10.333,227,392,383
307,a_estrella,h6_w0.3,True,16,15.695,337,574,563
307,codicioso,h6_w0.6,True,60,22.042,450,772,761
307,a_estrella,h6_w0.6,True,16,9.197,215,358,353
307,codicioso,h6_w1.0,True,48,26.632,592,1012,997
307,a_estrella,h6_w1.0,True,16,7.454,170,282,279
308,codicioso,h1,True,55,34.89,880,1461,1426
308,a_estrella,h1,True,19,84.852,2037,3399,3314
308,codicioso,h2,True,33,3.581,65,112,111
308,a_estrella,h2,True,19,6.344,174,284,282
308,codicioso,h3,True,37,4.605,59,106,106
308,a_estrella,h3,True,19,5.314,75,126,126
308,codicioso,h4,True,37,3.763,57,102,102
308,a_estrella,h4,True,19,2.681,44,75,75
308,codicioso,h5,True,19,0.898,20,39,39
308,a_estrella,h5,True,19,0.87,20,39,39
308,codicioso,h6_w0.3,True,65,27.356,595,1020,1008
308,a_estrella,h6_w0.3,True,19,27.536,678,1131,1111
308,codicioso,h6_w0.6,True,39,5.257,102,180,178
308,a_estrella,h6_w0.6,True,19,13.515,298,493,485
308,codicioso,h6_w1.0,True,33,4.096,65,112,111
308,a_estrella,h6_w1.0,True,19,10.681,174,284,282
309,codicioso,h1,True,84,71.167,1728,2887,2827
309,a_estrella,h1,True,20,159.273,4262,7063,6877
309,codicioso,h2,True,42,4.008,109,183,182
309,a_estrella,h2,True,20,20.505,539,886,874
309,codicioso,h3,True,30,2.95,48,86,86
309,a_estrella,h3,True,20,18.433,315,512,507
309,codicioso,h4,True,30,3.066,46,83,83
309,a_estrella,h4,True,20,16.397,251,411,409
309,codicioso,h5,True,20,0.965,22,41,41
309,a_estrella,h5,True,20,1.48,36,65,65
309,codicioso,h6_w0.3,True,44,13.389,325,553,548
309,a_estrella,h6_w0.3,True,20,74.457,1714,2834,2762
309,codicioso,h6_w0.6,True,30,3.552,65,112,111
309,a_estrella,h6_w0.6,True,20,36.265,892,1487,1456
309,codicioso,h6_w1.0,True,42,4.511,109,183,182
309,a_estrella,h6_w1.0,True,20,22.006,539,886,874
310,codicioso,h1,True,45,12.812,377,630,617
310,a_estrella,h1,True,19,82.163,2251,3801,3719
310,codicioso,h2,True,39,4.851,109,181,180
310,a_estrella,h2,True,19,11.888,320,527,519
310,codicioso,h3,True,23,2.239,37,67,67
310,a_estrella,h3,True,19,10.287,181,304,302
310,codicioso,h4,True,23,2.75,36,65,65
310,a_estrella,h4,True,19,8.626,139,232,230
310,codicioso,h5,True,23,1.385,33,57,57
310,a_estrella,h5,True,19,1.932,38,69,69
310,codicioso,h6_w0.3,True,55,21.839,392,664,656
310,a_estrella,h6_w0.3,True,19,37.012,884,1466,1434
310,codicioso,h6_w0.6,True,39,6.03,101,177,176
310,a_estrella,h6_w0.6,True,19,28.084,466,769,755
310,codicioso,h6_w1.0,True,39,4.368,109,181,180
310,a_estrella,h6_w1.0,True,19,14.759,320,527,519
311,codicioso,h1,True,63,47.686,1299,2173,2129
311,a_estrella,h1,True,25,1389.55,29214,46551,43860
311,codicioso,h2,True,53,14.402,357,612,608
311,a_estrella,h2,True,25,141.75,3229,5189,5082
311,codicioso,h3,True,25,3.047,51,89,89
311,a_estrella,h3,True,25,115.755,1788,2893,2849
311,codicioso,h4,True,25,4.001,55,93,93
311,a_estrella,h4,True,25,86.845,1307,2126,2099
311,codicioso,h5,True,27,1.507,34,64,64
311,a_estrella,h5,True,25,7.159,161,283,282
311,codicioso,h6_w0.3,True,61,15.987,374,633,628
311,a_estrella,h6_w0.3,True,25,544.786,11591,18808,18114
311,codicioso,h6_w0.6,True,61,15.831,312,535,532
311,a_estrella,h6_w0.6,True,25,316.397,5669,9132,8853
311,codicioso,h6_w1.0,True,53,22.618,357,612,608
311,a_estrella,h6_w1.0,True,25,164.18,3229,5189,5082
312,codicioso,h1,True,64,35.997,962,1600,1564
312,a_estrella,h1,True,20,113.144,2851,4731,4602
312,codicioso,h2,True,54,7.689,144,242,240
312,a_estrella,h2,True,20,5.155,142,227,225
312,codicioso,h3,True,30,3.148,51,90,90
312,a_estrella,h3,True,20,7.528,119,190,188
312,codicioso,h4,True,30,3.831,51,90,90
312,a_estrella,h4,True,20,5.626,92,149,148
312,codicioso,h5,True,20,1.725,23,45,45
312,a_estrella,h5,True,20,2.286,53,92,92
312,codicioso,h6_w0.3,True,68,21.041,427,717,708
312,a_estrella,h6_w0.3,True,20,37.929,870,1437,1408
312,codicioso,h6_w0.6,True,68,15.602,316,536,531
312,a_estrella,h6_w0.6,True,20,15.985,351,577,569
312,codicioso,h6_w1.0,True,54,6.044,144,242,240
312,a_estrella,h6_w1.0,True,20,6.449,142,227,225
313,codicioso,h1,True,27,14.223,377,645,629
313,a_estrella,h1,True,23,571.279,13242,21702,20819
313,codicioso,h2,True,27,2.198,57,100,100
313,a_estrella,h2,True,23,55.125,1440,2341,2297
313,codicioso,h3,True,27,4.554,47,83,83
313,a_estrella,h3,True,23,50.872,887,1475,1457
313,codicioso,h4,True,27,3.244,47,83,83
313,a_estrella,h4,True,23,58.223,706,1177,1164
313,codicioso,h5,True,29,2.476,53,97,97
313,a_estrella,h5,True,23,11.408,173,290,285
313,codicioso,h6_w0.3,True,27,3.515,81,139,138
313,a_estrella,h6_w0.3,True,23,251.253,5017,8228,7974
313,codicioso,h6_w0.6,True,27,2.808,61,105,104
313,a_estrella,h6_w0.6,True,23,120.359,2496,4079,3969
313,codicioso,h6_w1.0,True,27,3.403,57,100,100
313,a_estrella,h6_w1.0,True,23,68.603,1440,2341,2297
314,codicioso,h1,True,66,28.796,721,1215,1195
314,a_estrella,h1,True,28,3371.202,71626,109568,99185
314,codicioso,h2,True,54,9.372,247,416,413
314,a_estrella,h2,True,28,365.759,6754,10663,10418
314,codicioso,h3,True,30,3.106,49,88,88
314,a_estrella,h3,True,28,216.561,3608,5759,5662
314,codicioso,h4,True,30,3.326,48,86,86
314,a_estrella,h4,True,28,151.827,2323,3716,3656
314,codicioso,h5,True,34,2.157,50,87,87
314,a_estrella,h5,True,28,14.99,291,512,509
314,codicioso,h6_w0.3,True,76,25.372,569,961,948
314,a_estrella,h6_w0.3,True,28,1566.708,31338,49609,46838
314,codicioso,h6_w0.6,True,64,13.701,317,534,529
314,a_estrella,h6_w0.6,True,28,665.025,14494,23013,22059
314,codicioso,h6_w1.0,True,54,10.64,247,416,413
314,a_estrella,h6_w1.0,True,28,304.155,6754,10663,10418
315,codicioso,h1,True,35,10.589,217,376,368
315,a_estrella,h1,True,19,110.079,2611,4369,4249
315,codicioso,h2,True,31,3.905,96,162,160
315,a_estrella,h2,True,19,19.965,519,848,832
315,codicioso,h3,True,19,2.643,43,78,78
315,a_estrella,h3,True,19,21.547,369,620,613
315,codicioso,h4,True,19,2.99,43,78,78
315,a_estrella,h4,True,19,20.905,331,553,546
315,codicioso,h5,True,19,1.404,24,46,46
315,a_estrella,h5,True,19,5.373,119,206,202
315,codicioso,h6_w0.3,True,39,4.465,107,186,183
315,a_estrella,h6_w0.3,True,19,50.971,1219,2038,1988
315,codicioso,h6_w0.6,True,31,3.384,84,147,146
315,a_estrella,h6_w0.6,True,19,32.062,676,1130,1103
315,codicioso,h6_w1.0,True,31,4.013,96,162,160
315,a_estrella,h6_w1.0,True,19,21.389,519,848,832
316,codicioso,h1,True,45,15.945,465,799,782
316,a_estrella,h1,True,19,88.154,2488,4159,4053
316,codicioso,h2,True,27,4.537,124,214,212
316,a_estrella,h2,True,19,16.713,456,751,741
316,codicioso,h3,True,27,2.983,48,89,89
316,a_estrella,h3,True,19,14.433,254,428,425
316,codicioso,h4,True,27,3.231,48,89,89
316,a_estrella,h4,True,19,15.94,251,422,419
316,codicioso,h5,True,19,0.877,20,37,37
316,a_estrella,h5,True,19,1.3,32,57,57
316,codicioso,h6_w0.3,True,29,5.695,144,240,235
316,a_estrella,h6_w0.3,True,19,44.87,1088,1815,1776
316,codicioso,h6_w0.6,True,45,7.116,174,301,298
316,a_estrella,h6_w0.6,True,19,25.201,622,1045,1026
316,codicioso,h6_w1.0,True,27,4.921,124,214,212
316,a_estrella,h6_w1.0,True,19,20.188,456,751,741
317,codicioso,h1,True,61,18.06,371,638,625
317,a_estrella,h1,True,21,209.424,5821,9600,9316
317,codicioso,h2,True,47,9.374,257,432,429
317,a_estrella,h2,True,21,34.611,922,1505,1479
317,codicioso,h3,True,23,2.459,41,73,73
317,a_estrella,h3,True,21,28.112,487,784,769
317,codicioso,h4,True,23,2.69,41,73,73
317,a_estrella,h4,True,21,27.458,404,660,648
317,codicioso,h5,True,25,1.266,28,55,55
317,a_estrella,h5,True,21,8.524,174,304,300
317,codicioso,h6_w0.3,True,65,15.345,341,570,565
317,a_estrella,h6_w0.3,True,21,99.493,2353,3889,3802
317,codicioso,h6_w0.6,True,65,12.926,320,542,537
317,a_estrella,h6_w0.6,True,21,52.767,1261,2065,2020
317,codicioso,h6_w1.0,True,47,10.133,257,432,429
317,a_estrella,h6_w1.0,True,21,37.419,922,1505,1479
318,codicioso,h1,True,43,23.683,671,1139,1112
318,a_estrella,h1,True,21,206.879,5607,9312,9020
318,codicioso,h2,True,53,13.529,350,608,601
318,a_estrella,h2,True,21,24.321,649,1048,1027
318,codicioso,h3,True,41,6.123,99,173,173
318,a_estrella,h3,True,21,21.702,391,636,629
318,codicioso,h4,True,41,6.328,99,173,173
318,a_estrella,h4,True,21,17.171,270,442,436
318,codicioso,h5,True,29,1.697,40,71,71
318,a_estrella,h5,True,21,4.942,119,209,208
318,codicioso,h6_w0.3,True,81,15.305,368,630,617
318,a_estrella,h6_w0.3,True,21,99.573,2142,3532,3428
318,codicioso,h6_w0.6,True,65,10.117,225,387,381
318,a_estrella,h6_w0.6,True,21,43.356,1055,1738,1698
318,codicioso,h6_w1.0,True,53,14.308,350,608,601
318,a_estrella,h6_w1.0,True,21,25.693,649,1048,1027
319,codicioso,h1,True,36,13.345,363,618,608
319,a_estrella,h1,True,18,47.896,1318,2216,2165
319,codicioso,h2,True,36,4.338,119,203,202
319,a_estrella,h2,True,18,7.775,209,340,336
319,codicioso,h3,True,26,5.969,103,178,178
319,a_estrella,h3,True,18,6.847,117,198,196
319,codicioso,h4,True,50,7.449,116,201,201
319,a_estrella,h4,True,18,7.949,114,194,193
319,codicioso,h5,True,18,0.953,21,40,40
319,a_estrella,h5,True,18,1.309,31,57,57
319,codicioso,h6_w0.3,True,40,7.351,184,312,309
319,a_estrella,h6_w0.3,True,18,22.905,562,948,932
319,codicioso,h6_w0.6,True,36,4.299,106,184,183
319,a_estrella,h6_w0.6,True,18,12.17,302,503,495
319,codicioso,h6_w1.0,True,36,4.624,119,203,202
319,a_estrella,h6_w1.0,True,18,8.287,209,340,336
320,codicioso,h1,True,74,61.258,1729,2876,2794
320,a_estrella,h1,True,22,277.314,7612,12532,12100
320,codicioso,h2,True,42,5.4,149,253,252
320,a_estrella,h2,True,22,24.38,662,1071,1057
320,codicioso,h3,True,36,5.741,102,169,168
320,a_estrella,h3,True,22,22.192,384,622,614
320,codicioso,h4,True,36,6.184,102,169,168
320,a_estrella,h4,True,22,18.78,308,504,499
320,codicioso,h5,True,24,1.141,26,49,49
320,a_estrella,h5,True,22,1.937,44,83,83
320,codicioso,h6_w0.3,True,62,16.573,408,685,678
320,a_estrella,h6_w0.3,True,22,117.496,2791,4613,4492
320,codicioso,h6_w0.6,True,62,15.886,396,666,659
320,a_estrella,h6_w0.6,True,22,53.715,1269,2095,2053
320,codicioso,h6_w1.0,True,42,5.883,149,253,252
320,a_estrella,h6_w1.0,True,22,25.998,662,1071,1057
321,codicioso,h1,True,46,18.049,527,890,869
321,a_estrella,h1,True,24,746.579,19135,30990,29515
321,codicioso,h2,True,46,4.452,119,197,195
321,a_estrella,h2,True,24,128.254,3308,5350,5225
321,codicioso,h3,True,28,2.816,47,83,83
321,a_estrella,h3,True,24,109.092,1878,3053,2995
321,codicioso,h4,True,28,3.193,47,83,83
321,a_estrella,h4,True,24,89.115,1427,2316,2273
321,codicioso,h5,True,24,3.226,76,133,133
321,a_estrella,h5,True,24,18.327,441,747,736
321,codicioso,h6_w0.3,True,46,5.714,139,240,235
321,a_estrella,h6_w0.3,True,24,372.178,8549,13918,13423
321,codicioso,h6_w0.6,True,46,4.593,103,176,175
321,a_estrella,h6_w0.6,True,24,222.5,4828,7827,7579
321,codicioso,h6_w1.0,True,46,6.551,119,197,195
321,a_estrella,h6_w1.0,True,24,142.8,3308,5350,5225
322,codicioso,h1,True,59,58.584,1642,2731,2657
322,a_estrella,h1,True,21,188.353,5280,8778,8525
322,codicioso,h2,True,33,3.427,93,162,161
322,a_estrella,h2,True,21,17.275,461,760,756
322,codicioso,h3,True,33,4.838,82,139,138
322,a_estrella,h3,True,21,13.052,227,375,375
322,codicioso,h4,True,27,3.729,54,91,91
322,a_estrella,h4,True,21,12.141,199,332,332
322,codicioso,h5,True,31,1.774,42,72,72
322,a_estrella,h5,True,21,3.39,52,94,94
322,codicioso,h6_w0.3,True,59,15.525,360,607,599
322,a_estrella,h6_w0.3,True,21,73.906,1808,2993,2931
322,codicioso,h6_w0.6,True,33,5.808,142,245,241
322,a_estrella,h6_w0.6,True,21,33.183,813,1330,1302
322,codicioso,h6_w1.0,True,33,3.701,93,162,161
322,a_estrella,h6_w1.0,True,21,18.173,461,760,756
323,codicioso,h1,True,57,27.891,795,1332,1299
323,a_estrella,h1,True,21,214.543,5785,9576,9292
323,codicioso,h2,True,51,19.584,503,871,858
323,a_estrella,h2,True,21,27.82,749,1223,1196
323,codicioso,h3,True,21,1.72,28,51,51
323,a_estrella,h3,True,21,22.786,402,651,644
323,codicioso,h4,True,21,1.86,28,51,51
323,a_estrella,h4,True,21,18.354,298,490,485
323,codicioso,h5,True,21,1.212,23,43,43
323,a_estrella,h5,True,21,2.786,64,117,116
323,codicioso,h6_w0.3,True,29,6.619,165,283,276
323,a_estrella,h6_w0.3,True,21,97.005,2297,3803,3706
323,codicioso,h6_w0.6,True,59,15.645,369,635,630
323,a_estrella,h6_w0.6,True,21,50.215,1168,1932,1887
323,codicioso,h6_w1.0,True,51,20.474,503,871,858
323,a_estrella,h6_w1.0,True,21,30.425,749,1223,1196
324,codicioso,h1,True,57,17.39,496,832,812
324,a_estrella,h1,True,25,1205.192,28452,45616,43127
324,codicioso,h2,True,61,14.894,390,671,667
324,a_estrella,h2,True,25,68.647,1837,2939,2893
324,codicioso,h3,True,53,7.637,121,210,209
324,a_estrella,h3,True,25,50.061,897,1441,1426
324,codicioso,h4,True,47,5.102,81,141,141
324,a_estrella,h4,True,25,40.256,648,1051,1046
324,codicioso,h5,True,33,1.837,44,77,77
324,a_estrella,h5,True,25,6.668,157,280,278
324,codicioso,h6_w0.3,True,77,9.779,246,415,410
324,a_estrella,h6_w0.3,True,25,613.505,10018,16299,15742
324,codicioso,h6_w0.6,True,93,24.0,449,763,756
324,a_estrella,h6_w0.6,True,25,206.579,4226,6865,6687
324,codicioso,h6_w1.0,True,61,18.26,390,671,667
324,a_estrella,h6_w1.0,True,25,82.908,1837,2939,2893
325,codicioso,h1,True,53,25.974,715,1196,1167
325,a_estrella,h1,True,21,205.538,5339,8825,8550
325,codicioso,h2,True,57,14.181,365,627,623
325,a_estrella,h2,True,21,14.777,400,651,643
325,codicioso,h3,True,29,3.776,61,110,110
325,a_estrella,h3,True,21,15.336,240,398,394
325,codicioso,h4,True,29,4.957,60,108,108
325,a_estrella,h4,True,21,8.514,127,210,209
325,codicioso,h5,True,21,1.071,23,45,45
325,a_estrella,h5,True,21,2.709,63,114,111
325,codicioso,h6_w0.3,True,55,18.452,407,686,677
325,a_estrella,h6_w0.3,True,21,80.291,1786,2977,2912
325,codicioso,h6_w0.6,True,65,14.745,354,605,602
325,a_estrella,h6_w0.6,True,21,31.847,781,1288,1263
325,codicioso,h6_w1.0,True,57,16.633,365,627,623
325,a_estrella,h6_w1.0,True,21,17.788,400,651,643
326,codicioso,h1,True,74,70.548,1750,2906,2825
326,a_estrella,h1,True,22,315.808,7682,12625,12206
326,codicioso,h2,True,68,25.699,644,1113,1094
326,a_estrella,h2,True,22,27.847,738,1201,1185
326,codicioso,h3,True,28,5.152,88,148,148
326,a_estrella,h3,True,22,22.129,385,619,617
326,codicioso,h4,True,22,2.865,43,76,76
326,a_estrella,h4,True,22,12.583,203,333,333
326,codicioso,h5,True,40,2.299,52,97,97
326,a_estrella,h5,True,22,1.977,45,87,87
326,codicioso,h6_w0.3,True,54,17.635,406,685,677
326,a_estrella,h6_w0.3,True,22,133.513,2874,4703,4580
326,codicioso,h6_w0.6,True,38,11.317,274,463,458
326,a_estrella,h6_w0.6,True,22,62.465,1359,2240,2196
326,codicioso,h6_w1.0,True,68,27.99,644,1113,1094
326,a_estrella,h6_w1.0,True,22,35.704,738,1201,1185
327,codicioso,h1,True,7,1.018,30,53,53
327,a_estrella,h1,True,7,0.49,15,28,28
327,codicioso,h2,True,7,0.585,11,21,21
327,a_estrella,h2,True,7,0.411,11,21,21
327,codicioso,h3,True,7,0.743,11,21,21
327,a_estrella,h3,True,7,0.708,11,21,21
327,codicioso,h4,True,7,0.806,11,21,21
327,a_estrella,h4,True,7,1.144,11,21,21
327,codicioso,h5,True,7,0.498,11,21,21
327,a_estrella,h5,True,7,0.468,11,21,21
327,codicioso,h6_w0.3,True,7,0.518,11,21,21
327,a_estrella,h6_w0.3,True,7,0.452,11,21,21
327,codicioso,h6_w0.6,True,7,0.456,11,21,21
327,a_estrella,h6_w0.6,True,7,0.435,11,21,21
327,codicioso,h6_w1.0,True,7,0.457,11,21,21
327,a_estrella,h6_w1.0,True,7,0.439,11,21,21
328,codicioso,h1,True,24,4.901,137,235,229
328,a_estrella,h1,True,18,51.183,1345,2253,2204
328,codicioso,h2,True,24,4.023,82,139,138
328,a_estrella,h2,True,18,9.833,268,435,427
328,codicioso,h3,True,24,1.86,29,54,54
328,a_estrella,h3,True,18,9.986,165,272,269
328,codicioso,h4,True,24,2.02,29,54,54
328,a_estrella,h4,True,18,8.517,131,218,215
328,codicioso,h5,True,18,0.867,20,36,36
328,a_estrella,h5,True,18,0.827,20,36,36
328,codicioso,h6_w0.3,True,24,2.444,59,107,106
328,a_estrella,h6_w0.3,True,18,25.287,591,981,960
328,codicioso,h6_w0.6,True,24,2.533,60,109,108
328,a_estrella,h6_w0.6,True,18,14.708,339,557,545
328,codicioso,h6_w1.0,True,24,4.078,82,139,138
328,a_estrella,h6_w1.0,True,18,16.071,268,435,427
329,codicioso,h1,True,27,6.2,111,191,187
329,a_estrella,h1,True,21,230.46,5795,9533,9257
329,codicioso,h2,True,25,6.256,172,291,285
329,a_estrella,h2,True,21,29.609,784,1277,1258
329,codicioso,h3,True,25,5.22,86,150,148
329,a_estrella,h3,True,21,26.716,464,750,734
329,codicioso,h4,True,25,8.205,83,146,144
329,a_estrella,h4,True,21,24.206,363,583,570
329,codicioso,h5,True,43,4.093,94,160,159
329,a_estrella,h5,True,21,3.015,69,122,121
329,codicioso,h6_w0.3,True,27,7.054,173,300,293
329,a_estrella,h6_w0.3,True,21,113.21,2337,3853,3757
329,codicioso,h6_w0.6,True,69,19.731,457,782,771
329,a_estrella,h6_w0.6,True,21,51.691,1206,1982,1940
329,codicioso,h6_w1.0,True,25,6.847,172,291,285
329,a_estrella,h6_w1.0,True,21,33.644,784,1277,1258
330,codicioso,h1,True,60,40.892,1024,1730,1697
330,a_estrella,h1,True,22,346.488,9148,14963,14462
330,codicioso,h2,True,46,10.05,242,413,410
330,a_estrella,h2,True,22,24.003,630,1024,1009
330,codicioso,h3,True,44,7.68,124,212,210
330,a_estrella,h3,True,22,20.332,313,501,494
330,codicioso,h4,True,50,6.54,95,170,170
330,a_estrella,h4,True,22,9.814,157,258,256
330,codicioso,h5,True,30,1.623,33,62,62
330,a_estrella,h5,True,22,1.345,32,57,57
330,codicioso,h6_w0.3,True,74,17.124,396,671,666
330,a_estrella,h6_w0.3,True,22,152.17,2992,4898,4767
330,codicioso,h6_w0.6,True,74,14.582,335,575,572
330,a_estrella,h6_w0.6,True,22,72.811,1271,2048,1999
330,codicioso,h6_w1.0,True,46,11.404,242,413,410
330,a_estrella,h6_w1.0,True,22,33.629,630,1024,1009
331,codicioso,h1,True,44,45.425,1092,1842,1803
331,a_estrella,h1,True,22,336.712,7449,12360,11949
331,codicioso,h2,True,58,15.448,372,643,636
331,a_estrella,h2,True,22,19.187,479,780,767
331,codicioso,h3,True,28,5.587,91,156,156
331,a_estrella,h3,True,22,20.795,345,577,568
331,codicioso,h4,True,28,6.16,82,139,139
331,a_estrella,h4,True,22,15.316,232,382,374
331,codicioso,h5,True,38,3.97,88,149,148
331,a_estrella,h5,True,22,4.943,104,175,172
331,codicioso,h6_w0.3,True,70,21.392,443,757,751
331,a_estrella,h6_w0.3,True,22,118.012,2486,4086,3988
331,codicioso,h6_w0.6,True,70,16.38,371,641,638
331,a_estrella,h6_w0.6,True,22,45.218,1042,1723,1686
331,codicioso,h6_w1.0,True,58,15.708,372,643,636
331,a_estrella,h6_w1.0,True,22,26.389,479,780,767
332,codicioso,h1,True,24,6.623,158,267,264
332,a_estrella,h1,True,20,140.429,3522,5882,5738
332,codicioso,h2,True,38,14.116,369,635,631
332,a_estrella,h2,True,20,24.8,632,1033,1011
332,codicioso,h3,True,24,2.696,41,73,73
332,a_estrella,h3,True,20,17.381,296,478,474
332,codicioso,h4,True,24,2.768,41,73,73
332,a_estrella,h4,True,20,17.906,285,461,457
332,codicioso,h5,True,24,2.97,67,120,120
332,a_estrella,h5,True,20,2.571,61,108,108
332,codicioso,h6_w0.3,True,38,18.225,434,740,731
332,a_estrella,h6_w0.3,True,20,69.568,1600,2648,2585
332,codicioso,h6_w0.6,True,38,13.204,313,533,530
332,a_estrella,h6_w0.6,True,20,40.97,871,1437,1406
332,codicioso,h6_w1.0,True,38,16.384,369,635,631
332,a_estrella,h6_w1.0,True,20,27.073,632,1033,1011
333,codicioso,h1,True,49,9.048,260,448,438
333,a_estrella,h1,True,23,521.336,12778,20948,20167
333,codicioso,h2,True,29,3.308,54,95,95
333,a_estrella,h2,True,23,38.509,980,1582,1557
333,codicioso,h3,True,29,2.697,40,74,74
333,a_estrella,h3,True,23,35.786,599,994,979
333,codicioso,h4,True,29,2.703,39,73,73
333,a_estrella,h4,True,23,31.654,468,771,759
333,codicioso,h5,True,27,1.536,35,64,64
333,a_estrella,h5,True,23,3.934,92,165,164
333,codicioso,h6_w0.3,True,29,2.451,61,104,102
333,a_estrella,h6_w0.3,True,23,201.669,4373,7215,7015
333,codicioso,h6_w0.6,True,49,4.686,101,177,175
333,a_estrella,h6_w0.6,True,23,88.969,1959,3201,3113
333,codicioso,h6_w1.0,True,29,2.175,54,95,95
333,a_estrella,h6_w1.0,True,23,44.279,980,1582,1557
334,codicioso,h1,True,38,16.878,463,777,759
334,a_estrella,h1,True,22,323.309,7759,12897,12481
334,codicioso,h2,True,50,14.041,370,626,623
334,a_estrella,h2,True,22,23.398,629,1017,1004
334,codicioso,h3,True,32,3.481,58,103,103
334,a_estrella,h3,True,22,21.958,367,606,599
334,codicioso,h4,True,32,3.822,58,103,103
334,a_estrella,h4,True,22,22.486,337,558,552
334,codicioso,h5,True,28,2.661,55,95,95
334,a_estrella,h5,True,22,3.357,77,141,140
334,codicioso,h6_w0.3,True,68,29.692,578,981,967
334,a_estrella,h6_w0.3,True,22,115.19,2707,4503,4391
334,codicioso,h6_w0.6,True,68,17.376,427,721,716
334,a_estrella,h6_w0.6,True,22,51.373,1224,2013,1968
334,codicioso,h6_w1.0,True,50,15.793,370,626,623
334,a_estrella,h6_w1.0,True,22,25.422,629,1017,1004
335,codicioso,h1,True,63,83.5,2247,3798,3715
335,a_estrella,h1,True,23,498.516,12962,21294,20479
335,codicioso,h2,True,27,9.306,249,430,427
335,a_estrella,h2,True,23,37.508,993,1627,1600
335,codicioso,h3,True,31,3.425,57,103,103
335,a_estrella,h3,True,23,35.524,619,1019,998
335,codicioso,h4,True,31,3.912,57,103,103
335,a_estrella,h4,True,23,30.603,486,797,780
335,codicioso,h5,True,25,1.763,27,49,49
335,a_estrella,h5,True,23,4.783,111,201,195
335,codicioso,h6_w0.3,True,67,20.085,473,795,785
335,a_estrella,h6_w0.3,True,23,188.985,4453,7347,7131
335,codicioso,h6_w0.6,True,67,15.921,371,637,632
335,a_estrella,h6_w0.6,True,23,88.306,2017,3297,3214
335,codicioso,h6_w1.0,True,27,9.844,249,430,427
335,a_estrella,h6_w1.0,True,23,40.355,993,1627,1600
336,codicioso,h1,True,29,4.249,127,217,214
336,a_estrella,h1,True,21,185.355,5222,8673,8426
336,codicioso,h2,True,55,10.936,266,464,462
336,a_estrella,h2,True,21,16.498,422,692,686
336,codicioso,h3,True,29,3.018,48,83,83
336,a_estrella,h3,True,21,16.269,273,455,451
336,codicioso,h4,True,29,3.087,48,83,83
336,a_estrella,h4,True,21,13.648,221,370,368
336,codicioso,h5,True,21,1.118,25,46,46
336,a_estrella,h5,True,21,4.119,99,172,172
336,codicioso,h6_w0.3,True,51,7.124,175,298,295
336,a_estrella,h6_w0.3,True,21,79.742,1719,2864,2796
336,codicioso,h6_w0.6,True,79,17.171,404,687,681
336,a_estrella,h6_w0.6,True,21,30.102,729,1198,1172
336,codicioso,h6_w1.0,True,55,11.104,266,464,462
336,a_estrella,h6_w1.0,True,21,17.828,422,692,686
337,codicioso,h1,True,60,51.588,1424,2400,2342
337,a_estrella,h1,True,24,697.683,18027,29181,27879
337,codicioso,h2,True,42,4.353,113,197,196
337,a_estrella,h2,True,24,61.976,1612,2606,2558
337,codicioso,h3,True,40,7.122,125,211,209
337,a_estrella,h3,True,24,47.996,863,1384,1367
337,codicioso,h4,True,40,7.853,125,211,209
337,a_estrella,h4,True,24,42.911,670,1091,1079
337,codicioso,h5,True,26,1.454,30,56,56
337,a_estrella,h5,True,24,3.224,75,136,136
337,codicioso,h6_w0.3,True,64,17.613,416,700,693
337,a_estrella,h6_w0.3,True,24,302.256,6786,11097,10764
337,codicioso,h6_w0.6,True,64,12.367,301,524,516
337,a_estrella,h6_w0.6,True,24,131.27,3162,5136,5006
337,codicioso,h6_w1.0,True,42,4.669,113,197,196
337,a_estrella,h6_w1.0,True,24,65.879,1612,2606,2558
338,codicioso,h1,True,45,9.255,277,467,458
338,a_estrella,h1,True,23,477.073,12358,20188,19439
338,codicioso,h2,True,59,10.915,290,487,484
338,a_estrella,h2,True,23,22.625,623,1002,985
338,codicioso,h3,True,29,3.619,64,110,110
338,a_estrella,h3,True,23,21.861,399,655,644
338,codicioso,h4,True,33,5.028,82,136,135
338,a_estrella,h4,True,23,17.658,275,452,446
338,codicioso,h5,True,25,1.489,34,62,62
338,a_estrella,h5,True,23,4.197,102,173,173
338,codicioso,h6_w0.3,True,81,26.662,657,1114,1098
338,a_estrella,h6_w0.3,True,23,173.325,3828,6254,6068
338,codicioso,h6_w0.6,True,67,14.736,351,587,582
338,a_estrella,h6_w0.6,True,23,60.914,1506,2448,2391
338,codicioso,h6_w1.0,True,59,11.945,290,487,484
338,a_estrella,h6_w1.0,True,23,25.095,623,1002,985
339,codicioso,h1,True,46,19.427,567,940,918
339,a_estrella,h1,True,24,643.285,17109,27912,26657
339,codicioso,h2,True,38,8.548,216,360,353
339,a_estrella,h2,True,24,50.719,1373,2213,2159
339,codicioso,h3,True,26,2.655,46,81,81
339,a_estrella,h3,True,24,48.056,807,1325,1297
339,codicioso,h4,True,34,3.294,51,89,89
339,a_estrella,h4,True,24,48.628,723,1187,1162
339,codicioso,h5,True,28,1.564,36,64,64
339,a_estrella,h5,True,24,2.943,70,126,126
339,codicioso,h6_w0.3,True,50,9.868,244,419,410
339,a_estrella,h6_w0.3,True,24,251.805,5799,9508,9213
339,codicioso,h6_w0.6,True,38,8.942,215,373,366
339,a_estrella,h6_w0.6,True,24,102.58,2499,4044,3934
339,codicioso,h6_w1.0,True,38,9.133,216,360,353
339,a_estrella,h6_w1.0,True,24,56.22,1373,2213,2159
340,codicioso,h1,True,51,45.581,1306,2155,2091
340,a_estrella,h1,True,19,84.615,2420,4085,3985
340,codicioso,h2,True,49,13.351,352,611,604
340,a_estrella,h2,True,19,9.623,269,444,440
340,codicioso,h3,True,35,7.086,111,191,191
340,a_estrella,h3,True,19,8.171,149,246,244
340,codicioso,h4,True,35,7.237,111,191,191
340,a_estrella,h4,True,19,8.992,147,243,241
340,codicioso,h5,True,19,1.151,26,48,48
340,a_estrella,h5,True,19,1.361,27,50,50
340,codicioso,h6_w0.3,True,61,19.454,468,793,780
340,a_estrella,h6_w0.3,True,19,39.568,946,1567,1532
340,codicioso,h6_w0.6,True,61,15.344,319,547,541
340,a_estrella,h6_w0.6,True,19,18.217,452,757,744
340,codicioso,h6_w1.0,True,49,14.385,352,611,604
340,a_estrella,h6_w1.0,True,19,10.916,269,444,440
341,codicioso,h1,True,37,43.422,1229,2064,2019
341,a_estrella,h1,True,19,84.863,2387,4022,3928
341,codicioso,h2,True,37,18.352,463,805,794
341,a_estrella,h2,True,19,17.097,435,708,696
341,codicioso,h3,True,21,3.281,39,72,72
341,a_estrella,h3,True,19,15.477,259,421,416
341,codicioso,h4,True,21,2.314,34,64,64
341,a_estrella,h4,True,19,14.754,231,374,369
341,codicioso,h5,True,33,2.698,62,115,115
341,a_estrella,h5,True,19,1.773,42,77,77
341,codicioso,h6_w0.3,True,37,18.615,449,765,758
341,a_estrella,h6_w0.3,True,19,45.117,1033,1696,1655
341,codicioso,h6_w0.6,True,37,17.532,332,574,569
341,a_estrella,h6_w0.6,True,19,23.605,574,944,926
341,codicioso,h6_w1.0,True,37,19.151,463,805,794
341,a_estrella,h6_w1.0,True,19,18.842,435,708,696
342,codicioso,h1,True,54,25.159,719,1203,1174
342,a_estrella,h1,True,20,107.134,2974,5007,4885
342,codicioso,h2,True,28,3.157,53,93,93
342,a_estrella,h2,True,20,7.345,198,332,329
342,codicioso,h3,True,28,3.35,52,94,94
342,a_estrella,h3,True,20,7.93,124,207,206
342,codicioso,h4,True,28,3.498,52,94,94
342,a_estrella,h4,True,20,4.941,78,132,131
342,codicioso,h5,True,20,1.045,24,44,44
342,a_estrella,h5,True,20,1.484,31,57,57
342,codicioso,h6_w0.3,True,46,20.96,491,835,823
342,a_estrella,h6_w0.3,True,20,46.604,972,1615,1578
342,codicioso,h6_w0.6,True,76,17.805,430,728,723
342,a_estrella,h6_w0.6,True,20,18.454,439,734,725
342,codicioso,h6_w1.0,True,28,2.096,53,93,93
342,a_estrella,h6_w1.0,True,20,8.032,198,332,329
343,codicioso,h1,True,45,39.892,1161,1949,1910
343,a_estrella,h1,True,21,207.557,5781,9517,9230
343,codicioso,h2,True,47,22.98,596,1029,1011
343,a_estrella,h2,True,21,32.14,849,1374,1354
343,codicioso,h3,True,25,3.765,64,111,111
343,a_estrella,h3,True,21,30.789,508,815,803
343,codicioso,h4,True,25,3.01,47,80,80
343,a_estrella,h4,True,21,25.748,405,650,643
343,codicioso,h5,True,29,1.908,38,70,70
343,a_estrella,h5,True,21,5.409,124,219,217
343,codicioso,h6_w0.3,True,45,16.969,415,701,696
343,a_estrella,h6_w0.3,True,21,102.018,2328,3844,3750
343,codicioso,h6_w0.6,True,45,13.47,321,550,547
343,a_estrella,h6_w0.6,True,21,52.306,1238,2016,1967
343,codicioso,h6_w1.0,True,47,25.022,596,1029,1011
343,a_estrella,h6_w1.0,True,21,36.097,849,1374,1354
344,codicioso,h1,True,60,49.972,1344,2237,2175
344,a_estrella,h1,True,18,58.404,1681,2808,2744
344,codicioso,h2,True,30,3.382,91,163,162
344,a_estrella,h2,True,18,9.144,235,388,382
344,codicioso,h3,True,30,5.02,83,146,145
344,a_estrella,h3,True,18,9.528,156,262,257
344,codicioso,h4,True,20,3.121,47,85,85
344,a_estrella,h4,True,18,7.044,115,190,187
344,codicioso,h5,True,34,2.603,57,102,102
344,a_estrella,h5,True,18,1.539,36,66,66
344,codicioso,h6_w0.3,True,60,15.352,357,606,598
344,a_estrella,h6_w0.3,True,18,26.976,679,1128,1104
344,codicioso,h6_w0.6,True,64,15.311,360,618,612
344,a_estrella,h6_w0.6,True,18,14.14,353,588,577
344,codicioso,h6_w1.0,True,30,4.598,91,163,162
344,a_estrella,h6_w1.0,True,18,9.27,235,388,382
345,codicioso,h1,True,46,24.798,727,1227,1199
345,a_estrella,h1,True,26,1613.126,38884,61402,57347
345,codicioso,h2,True,34,3.749,99,167,165
345,a_estrella,h2,True,26,197.832,4873,7818,7631
345,codicioso,h3,True,52,6.036,100,179,179
345,a_estrella,h3,True,26,167.37,2830,4557,4464
345,codicioso,h4,True,52,6.457,99,177,177
345,a_estrella,h4,True,26,134.213,2065,3329,3262
345,codicioso,h5,True,34,2.479,55,104,104
345,a_estrella,h5,True,26,16.526,375,675,675
345,codicioso,h6_w0.3,True,52,6.877,171,288,283
345,a_estrella,h6_w0.3,True,26,756.538,16715,26855,25675
345,codicioso,h6_w0.6,True,34,3.096,72,128,127
345,a_estrella,h6_w0.6,True,26,384.417,8550,13812,13311
345,codicioso,h6_w1.0,True,34,7.579,99,167,165
345,a_estrella,h6_w1.0,True,26,214.808,4873,7818,7631
346,codicioso,h1,True,44,34.322,1007,1705,1670
346,a_estrella,h1,True,22,310.859,8111,13386,12952
346,codicioso,h2,True,54,10.825,268,453,450
346,a_estrella,h2,True,22,46.969,1245,2037,2005
346,codicioso,h3,True,26,2.451,41,73,73
346,a_estrella,h3,True,22,38.312,666,1090,1074
346,codicioso,h4,True,26,2.722,41,73,73
346,a_estrella,h4,True,22,28.761,468,761,753
346,codicioso,h5,True,26,1.433,33,61,61
346,a_estrella,h5,True,22,5.359,121,217,216
346,codicioso,h6_w0.3,True,62,13.657,339,565,560
346,a_estrella,h6_w0.3,True,22,147.253,3411,5605,5459
346,codicioso,h6_w0.6,True,62,15.828,316,534,529
346,a_estrella,h6_w0.6,True,22,75.588,1838,3012,2943
346,codicioso,h6_w1.0,True,54,10.539,268,453,450
346,a_estrella,h6_w1.0,True,22,50.762,1245,2037,2005
347,codicioso,h1,True,42,22.977,679,1142,1122
347,a_estrella,h1,True,28,3558.878,80955,122613,109838
347,codicioso,h2,True,58,10.286,262,442,439
347,a_estrella,h2,True,28,380.488,9340,14714,14310
347,codicioso,h3,True,38,4.168,67,122,122
347,a_estrella,h3,True,28,308.485,5334,8481,8282
347,codicioso,h4,True,38,5.146,67,122,122
347,a_estrella,h4,True,28,265.727,3462,5526,5419
347,codicioso,h5,True,42,3.734,53,102,102
347,a_estrella,h5,True,28,76.4,1056,1817,1788
347,codicioso,h6_w0.3,True,66,24.878,368,626,620
347,a_estrella,h6_w0.3,True,28,1903.562,38437,60197,56211
347,codicioso,h6_w0.6,True,56,7.277,172,297,293
347,a_estrella,h6_w0.6,True,28,858.669,19089,30118,28641
347,codicioso,h6_w1.0,True,58,14.341,262,442,439
347,a_estrella,h6_w1.0,True,28,406.032,9340,14714,14310
348,codicioso,h1,True,37,9.281,274,468,461
348,a_estrella,h1,True,25,1099.764,28169,44950,42406
348,codicioso,h2,True,49,4.707,121,203,202
348,a_estrella,h2,True,25,73.019,1828,2929,2891
348,codicioso,h3,True,43,7.177,122,212,212
348,a_estrella,h3,True,25,69.005,1150,1870,1849
348,codicioso,h4,True,53,6.854,105,174,174
348,a_estrella,h4,True,25,35.997,578,940,931
348,codicioso,h5,True,25,1.461,33,59,59
348,a_estrella,h5,True,25,5.443,131,229,227
348,codicioso,h6_w0.3,True,53,7.087,177,303,300
348,a_estrella,h6_w0.3,True,25,443.535,10123,16397,15836
348,codicioso,h6_w0.6,True,49,5.03,122,213,212
348,a_estrella,h6_w0.6,True,25,179.062,4201,6795,6604
348,codicioso,h6_w1.0,True,49,5.502,121,203,202
348,a_estrella,h6_w1.0,True,25,76.077,1828,2929,2891
349,codicioso,h1,True,46,11.534,311,528,516
349,a_estrella,h1,True,26,1857.494,45050,70553,65426
349,codicioso,h2,True,50,10.743,261,458,456
349,a_estrella,h2,True,26,181.704,4643,7405,7260
349,codicioso,h3,True,40,8.527,134,225,224
349,a_estrella,h3,True,26,140.924,2408,3870,3806
349,codicioso,h4,True,32,4.416,68,121,121
349,a_estrella,h4,True,26,103.204,1649,2668,2630
349,codicioso,h5,True,26,1.541,32,62,62
349,a_estrella,h5,True,26,13.713,323,558,548
349,codicioso,h6_w0.3,True,46,7.214,171,293,290
349,a_estrella,h6_w0.3,True,26,871.575,18735,30038,28743
349,codicioso,h6_w0.6,True,74,17.124,401,684,678
349,a_estrella,h6_w0.6,True,26,447.361,8940,14335,13852
349,codicioso,h6_w1.0,True,50,11.666,261,458,456
349,a_estrella,h6_w1.0,True,26,198.899,4643,7405,7260
350,codicioso,h1,True,51,26.35,724,1219,1189
350,a_estrella,h1,True,19,85.735,2332,3903,3808
350,codicioso,h2,True,35,13.537,322,557,553
350,a_estrella,h2,True,19,9.799,266,431,425
350,codicioso,h3,True,27,4.436,77,131,131
350,a_estrella,h3,True,19,8.307,147,242,239
350,codicioso,h4,True,43,4.627,69,122,122
350,a_estrella,h4,True,19,6.587,104,182,180
350,codicioso,h5,True,19,0.996,22,41,41
350,a_estrella,h5,True,19,1.732,41,76,76
350,codicioso,h6_w0.3,True,35,15.555,363,617,609
350,a_estrella,h6_w0.3,True,19,40.482,925,1514,1471
350,codicioso,h6_w0.6,True,35,9.615,242,413,408
350,a_estrella,h6_w0.6,True,19,20.044,473,792,780
350,codicioso,h6_w1.0,True,35,14.092,322,557,553
350,a_estrella,h6_w1.0,True,19,11.124,266,431,425
351,codicioso,h1,True,52,13.579,385,655,643
351,a_estrella,h1,True,26,1580.838,38466,60978,57083
351,codicioso,h2,True,40,5.214,101,171,170
351,a_estrella,h2,True,26,146.668,3748,5986,5868
351,codicioso,h3,True,34,8.377,137,233,232
351,a_estrella,h3,True,26,117.595,1943,3128,3076
351,codicioso,h4,True,34,5.821,85,144,143
351,a_estrella,h4,True,26,103.823,1584,2581,2547
351,codicioso,h5,True,30,1.559,35,65,65
351,a_estrella,h5,True,26,3.678,85,156,154
351,codicioso,h6_w0.3,True,36,4.979,117,194,192
351,a_estrella,h6_w0.3,True,26,682.878,15370,24854,23872
351,codicioso,h6_w0.6,True,36,3.837,94,159,158
351,a_estrella,h6_w0.6,True,26,311.474,7208,11601,11245
351,codicioso,h6_w1.0,True,40,3.962,101,171,170
351,a_estrella,h6_w1.0,True,26,160.917,3748,5986,5868
352,codicioso,h1,True,57,25.187,722,1212,1182
352,a_estrella,h1,True,19,81.88,2303,3837,3738
352,codicioso,h2,True,51,14.042,378,657,650
352,a_estrella,h2,True,19,15.603,424,699,689
352,codicioso,h3,True,43,8.773,143,255,255
352,a_estrella,h3,True,19,14.433,251,415,410
352,codicioso,h4,True,43,6.988,107,191,191
352,a_estrella,h4,True,19,15.059,242,402,397
352,codicioso,h5,True,19,0.935,20,41,41
352,a_estrella,h5,True,19,2.475,58,103,100
352,codicioso,h6_w0.3,True,61,21.616,530,900,888
352,a_estrella,h6_w0.3,True,19,40.668,1003,1671,1635
352,codicioso,h6_w0.6,True,61,17.691,423,717,712
352,a_estrella,h6_w0.6,True,19,23.665,566,939,923
352,codicioso,h6_w1.0,True,51,15.521,378,657,650
352,a_estrella,h6_w1.0,True,19,16.718,424,699,689
353,codicioso,h1,True,34,10.4,296,500,488
353,a_estrella,h1,True,20,114.031,3228,5405,5273
353,codicioso,h2,True,36,3.746,104,173,171
353,a_estrella,h2,True,20,14.312,394,656,651
353,codicioso,h3,True,22,2.792,47,83,83
353,a_estrella,h3,True,20,16.231,261,449,446
353,codicioso,h4,True,22,3.189,47,83,83
353,a_estrella,h4,True,20,16.421,249,428,425
353,codicioso,h5,True,22,1.384,28,51,51
353,a_estrella,h5,True,20,3.708,87,154,154
353,codicioso,h6_w0.3,True,36,4.413,109,188,185
353,a_estrella,h6_w0.3,True,20,50.871,1233,2049,2005
353,codicioso,h6_w0.6,True,36,4.942,93,162,161
353,a_estrella,h6_w0.6,True,20,24.924,628,1030,1007
353,codicioso,h6_w1.0,True,36,4.018,104,173,171
353,a_estrella,h6_w1.0,True,20,15.68,394,656,651
354,codicioso,h1,True,27,6.585,193,332,325
354,a_estrella,h1,True,19,87.824,2505,4198,4099
354,codicioso,h2,True,29,7.456,194,346,344
354,a_estrella,h2,True,19,18.576,491,795,781
354,codicioso,h3,True,27,2.811,46,84,84
354,a_estrella,h3,True,19,13.53,243,391,387
354,codicioso,h4,True,27,3.103,46,84,84
354,a_estrella,h4,True,19,12.384,205,335,334
354,codicioso,h5,True,33,2.362,55,99,99
354,a_estrella,h5,True,19,3.669,71,127,127
354,codicioso,h6_w0.3,True,27,8.051,206,342,340
354,a_estrella,h6_w0.3,True,19,44.288,1108,1840,1801
354,codicioso,h6_w0.6,True,27,7.952,204,342,340
354,a_estrella,h6_w0.6,True,19,25.717,625,1018,996
354,codicioso,h6_w1.0,True,29,7.831,194,346,344
354,a_estrella,h6_w1.0,True,19,19.664,491,795,781
355,codicioso,h1,True,41,32.209,902,1514,1478
355,a_estrella,h1,True,17,34.111,952,1597,1562
355,codicioso,h2,True,41,13.349,361,627,620
355,a_estrella,h2,True,17,7.077,198,326,321
355,codicioso,h3,True,35,8.092,126,212,210
355,a_estrella,h3,True,17,6.397,112,187,184
355,codicioso,h4,True,29,3.305,50,89,89
355,a_estrella,h4,True,17,6.681,87,148,146
355,codicioso,h5,True,17,0.77,18,32,32
355,a_estrella,h5,True,17,0.716,18,32,32
355,codicioso,h6_w0.3,True,41,14.4,355,603,595
355,a_estrella,h6_w0.3,True,17,17.606,444,730,715
355,codicioso,h6_w0.6,True,41,10.016,247,422,417
355,a_estrella,h6_w0.6,True,17,9.863,251,421,414
355,codicioso,h6_w1.0,True,41,14.872,361,627,620
355,a_estrella,h6_w1.0,True,17,7.929,198,326,321
356,codicioso,h1,True,47,12.625,343,579,566
356,a_estrella,h1,True,21,212.474,5732,9497,9219
356,codicioso,h2,True,41,4.162,113,189,188
356,a_estrella,h2,True,21,28.363,768,1255,1234
356,codicioso,h3,True,25,2.474,41,75,75
356,a_estrella,h3,True,21,22.982,392,648,638
356,codicioso,h4,True,25,2.705,42,75,75
356,a_estrella,h4,True,21,19.986,329,536,527
356,codicioso,h5,True,25,1.466,35,62,62
356,a_estrella,h5,True,21,2.525,60,110,110
356,codicioso,h6_w0.3,True,57,16.885,396,672,664
356,a_estrella,h6_w0.3,True,21,92.883,2253,3723,3634
356,codicioso,h6_w0.6,True,41,4.297,105,185,184
356,a_estrella,h6_w0.6,True,21,46.794,1134,1876,1836
356,codicioso,h6_w1.0,True,41,4.549,113,189,188
356,a_estrella,h6_w1.0,True,21,30.663,768,1255,1234
357,codicioso,h1,True,47,10.121,296,502,492
357,a_estrella,h1,True,21,176.377,4958,8252,8019
357,codicioso,h2,True,49,14.178,383,659,655
357,a_estrella,h2,True,21,6.327,179,290,288
357,codicioso,h3,True,35,3.596,60,109,109
357,a_estrella,h3,True,21,8.881,148,246,244
357,codicioso,h4,True,39,5.481,86,147,147
357,a_estrella,h4,True,21,5.588,90,154,152
357,codicioso,h5,True,21,1.038,23,45,45
357,a_estrella,h5,True,21,1.208,29,53,53
357,codicioso,h6_w0.3,True,49,17.861,438,748,739
357,a_estrella,h6_w0.3,True,21,62.407,1371,2253,2205
357,codicioso,h6_w0.6,True,49,13.475,331,565,562
357,a_estrella,h6_w0.6,True,21,21.33,493,816,806
357,codicioso,h6_w1.0,True,49,15.89,383,659,655
357,a_estrella,h6_w1.0,True,21,6.917,179,290,288
358,codicioso,h1,True,46,17.519,511,866,850
358,a_estrella,h1,True,24,675.043,17712,28687,27392
358,codicioso,h2,True,58,20.867,517,895,882
358,a_estrella,h2,True,24,73.526,1946,3141,3080
358,codicioso,h3,True,30,2.923,49,86,86
358,a_estrella,h3,True,24,53.548,969,1555,1521
358,codicioso,h4,True,44,8.191,129,218,217
358,a_estrella,h4,True,24,39.284,637,1026,1010
358,codicioso,h5,True,48,3.697,88,156,156
358,a_estrella,h5,True,24,4.283,102,179,175
358,codicioso,h6_w0.3,True,72,18.226,451,761,753
358,a_estrella,h6_w0.3,True,24,288.258,6653,10851,10495
358,codicioso,h6_w0.6,True,66,16.294,384,660,655
358,a_estrella,h6_w0.6,True,24,135.52,3190,5174,5029
358,codicioso,h6_w1.0,True,58,21.677,517,895,882
358,a_estrella,h6_w1.0,True,24,79.044,1946,3141,3080
359,codicioso,h1,True,58,24.207,705,1188,1147
359,a_estrella,h1,True,28,3330.823,80585,122226,109800
359,codicioso,h2,True,62,14.334,369,638,632
359,a_estrella,h2,True,28,227.121,5690,8932,8763
359,codicioso,h3,True,34,4.033,68,118,118
359,a_estrella,h3,True,28,184.913,3293,5167,5063
359,codicioso,h4,True,46,5.012,77,132,132
359,a_estrella,h4,True,28,100.722,1641,2591,2555
359,codicioso,h5,True,32,2.099,38,70,70
359,a_estrella,h5,True,28,8.466,197,362,358
359,codicioso,h6_w0.3,True,72,11.046,275,470,461
359,a_estrella,h6_w0.3,True,28,1607.582,35262,55541,52446
359,codicioso,h6_w0.6,True,72,15.613,336,563,560
359,a_estrella,h6_w0.6,True,28,770.71,14892,23566,22624
359,codicioso,h6_w1.0,True,62,15.549,369,638,632
359,a_estrella,h6_w1.0,True,28,255.227,5690,8932,8763
360,codicioso,h1,True,45,25.424,710,1189,1167
360,a_estrella,h1,True,25,1266.452,29008,46395,43685
360,codicioso,h2,True,39,6.143,147,260,259
360,a_estrella,h2,True,25,139.551,3535,5667,5545
360,codicioso,h3,True,43,6.177,98,172,172
360,a_estrella,h3,True,25,116.545,2032,3297,3235
360,codicioso,h4,True,43,6.571,98,172,172
360,a_estrella,h4,True,25,100.237,1510,2442,2391
360,codicioso,h5,True,35,2.08,49,86,86
360,a_estrella,h5,True,25,11.159,261,448,442
360,codicioso,h6_w0.3,True,53,5.983,149,256,252
360,a_estrella,h6_w0.3,True,25,561.247,11792,19028,18240
360,codicioso,h6_w0.6,True,53,6.303,117,204,203
360,a_estrella,h6_w0.6,True,25,304.784,5920,9575,9250
360,codicioso,h6_w1.0,True,39,6.155,147,260,259
360,a_estrella,h6_w1.0,True,25,156.869,3535,5667,5545
361,codicioso,h1,True,28,36.538,729,1234,1215
361,a_estrella,h1,True,14,11.799,204,340,337
361,codicioso,h2,True,28,13.919,299,515,511
361,a_estrella,h2,True,14,1.484,42,71,71
361,codicioso,h3,True,14,1.133,19,33,33
361,a_estrella,h3,True,14,1.856,33,56,56
361,codicioso,h4,True,14,1.2,19,33,33
361,a_estrella,h4,True,14,2.028,33,56,56
361,codicioso,h5,True,14,0.644,15,27,27
361,a_estrella,h5,True,14,0.593,15,27,27
361,codicioso,h6_w0.3,True,28,16.185,371,626,621
361,a_estrella,h6_w0.3,True,14,3.971,89,156,156
361,codicioso,h6_w0.6,True,28,12.679,257,440,437
361,a_estrella,h6_w0.6,True,14,3.421,54,91,91
361,codicioso,h6_w1.0,True,28,16.5,299,515,511
361,a_estrella,h6_w1.0,True,14,1.955,42,71,71
362,codicioso,h1,True,50,38.707,1112,1855,1808
362,a_estrella,h1,True,26,1583.852,38676,61283,57269
362,codicioso,h2,True,46,5.246,138,238,238
362,a_estrella,h2,True,26,150.328,3880,6228,6090
362,codicioso,h3,True,52,7.232,126,216,215
362,a_estrella,h3,True,26,112.998,1971,3185,3127
362,codicioso,h4,True,46,7.553,120,200,198
362,a_estrella,h4,True,26,93.116,1486,2393,2353
362,codicioso,h5,True,26,1.626,34,61,61
362,a_estrella,h5,True,26,9.133,214,380,374
362,codicioso,h6_w0.3,True,94,22.273,350,587,578
362,a_estrella,h6_w0.3,True,26,759.819,15687,25301,24264
362,codicioso,h6_w0.6,True,46,6.155,149,259,257
362,a_estrella,h6_w0.6,True,26,359.381,7423,12030,11655
362,codicioso,h6_w1.0,True,46,5.686,138,238,238
362,a_estrella,h6_w1.0,True,26,187.108,3880,6228,6090
363,codicioso,h1,True,31,4.725,137,239,234
363,a_estrella,h1,True,13,5.862,174,307,303
363,codicioso,h2,True,31,3.269,91,151,149
363,a_estrella,h2,True,13,3.059,57,97,97
363,codicioso,h3,True,23,5.391,56,96,96
363,a_estrella,h3,True,13,3.771,38,67,67
363,codicioso,h4,True,23,5.995,56,96,96
363,a_estrella,h4,True,13,2.512,38,67,67
363,codicioso,h5,True,13,0.699,16,30,30
363,a_estrella,h5,True,13,0.694,17,32,32
363,codicioso,h6_w0.3,True,31,3.245,80,139,137
363,a_estrella,h6_w0.3,True,13,3.619,92,157,154
363,codicioso,h6_w0.6,True,31,4.038,75,130,129
363,a_estrella,h6_w0.6,True,13,3.106,63,109,107
363,codicioso,h6_w1.0,True,31,3.773,91,151,149
363,a_estrella,h6_w1.0,True,13,2.226,57,97,97
364,codicioso,h1,True,28,5.097,153,259,257
364,a_estrella,h1,True,16,33.419,808,1368,1336
364,codicioso,h2,True,40,13.182,339,593,586
364,a_estrella,h2,True,16,9.708,260,434,428
364,codicioso,h3,True,30,3.611,58,105,105
364,a_estrella,h3,True,16,12.242,185,310,309
364,codicioso,h4,True,30,3.899,58,105,105
364,a_estrella,h4,True,16,10.761,169,285,284
364,codicioso,h5,True,32,1.877,45,78,78
364,a_estrella,h5,True,16,1.069,25,47,47
364,codicioso,h6_w0.3,True,38,9.33,223,387,378
364,a_estrella,h6_w0.3,True,16,18.108,435,731,717
364,codicioso,h6_w0.6,True,56,20.623,449,770,759
364,a_estrella,h6_w0.6,True,16,12.885,296,496,488
364,codicioso,h6_w1.0,True,40,14.064,339,593,586
364,a_estrella,h6_w1.0,True,16,10.515,260,434,428
365,codicioso,h1,True,49,30.342,744,1254,1225
365,a_estrella,h1,True,21,230.437,5415,8963,8690
365,codicioso,h2,True,45,16.05,368,630,624
365,a_estrella,h2,True,21,13.073,338,552,547
365,codicioso,h3,True,25,2.311,40,69,69
365,a_estrella,h3,True,21,12.096,205,349,348
365,codicioso,h4,True,25,2.496,39,68,68
365,a_estrella,h4,True,21,13.727,204,347,346
365,codicioso,h5,True,35,3.451,82,142,141
365,a_estrella,h5,True,21,3.437,80,149,148
365,codicioso,h6_w0.3,True,61,17.763,413,697,688
365,a_estrella,h6_w0.3,True,21,73.329,1773,2948,2879
365,codicioso,h6_w0.6,True,59,14.431,359,600,597
365,a_estrella,h6_w0.6,True,21,29.742,732,1190,1168
365,codicioso,h6_w1.0,True,45,15.066,368,630,624
365,a_estrella,h6_w1.0,True,21,13.612,338,552,547
366,codicioso,h1,True,44,23.093,676,1141,1115
366,a_estrella,h1,True,22,346.299,8459,13912,13426
366,codicioso,h2,True,52,22.603,558,960,949
366,a_estrella,h2,True,22,55.947,1399,2276,2231
366,codicioso,h3,True,32,3.668,56,101,101
366,a_estrella,h3,True,22,43.867,706,1144,1125
366,codicioso,h4,True,32,3.927,56,101,101
366,a_estrella,h4,True,22,38.265,561,906,892
366,codicioso,h5,True,42,4.188,95,162,162
366,a_estrella,h5,True,22,6.315,151,264,263
366,codicioso,h6_w0.3,True,64,22.067,457,779,774
366,a_estrella,h6_w0.3,True,22,187.916,3717,6106,5941
366,codicioso,h6_w0.6,True,64,20.404,381,658,655
366,a_estrella,h6_w0.6,True,22,101.059,2046,3351,3269
366,codicioso,h6_w1.0,True,52,27.258,558,960,949
366,a_estrella,h6_w1.0,True,22,62.953,1399,2276,2231
367,codicioso,h1,True,40,41.935,1170,1942,1897
367,a_estrella,h1,True,18,73.928,1743,2928,2857
367,codicioso,h2,True,36,4.299,108,183,181
367,a_estrella,h2,True,18,14.079,323,539,530
367,codicioso,h3,True,42,5.896,83,150,150
367,a_estrella,h3,True,18,14.357,217,371,368
367,codicioso,h4,True,42,5.807,83,150,150
367,a_estrella,h4,True,18,14.279,198,336,333
367,codicioso,h5,True,18,0.889,19,37,37
367,a_estrella,h5,True,18,2.256,52,97,97
367,codicioso,h6_w0.3,True,36,8.016,149,251,246
367,a_estrella,h6_w0.3,True,18,34.634,779,1295,1269
367,codicioso,h6_w0.6,True,36,4.496,112,194,192
367,a_estrella,h6_w0.6,True,18,20.239,448,742,728
367,codicioso,h6_w1.0,True,36,5.49,108,183,181
367,a_estrella,h6_w1.0,True,18,12.971,323,539,530
368,codicioso,h1,True,30,8.262,215,368,361
368,a_estrella,h1,True,20,133.663,3244,5431,5288
368,codicioso,h2,True,30,4.337,112,190,189
368,a_estrella,h2,True,20,13.904,374,622,614
368,codicioso,h3,True,30,2.997,48,87,87
368,a_estrella,h3,True,20,14.468,231,388,387
368,codicioso,h4,True,30,3.253,48,87,87
368,a_estrella,h4,True,20,13.128,207,350,349
368,codicioso,h5,True,20,1.056,24,44,44
368,a_estrella,h5,True,20,1.882,45,81,80
368,codicioso,h6_w0.3,True,30,2.569,63,112,111
368,a_estrella,h6_w0.3,True,20,51.582,1226,2025,1980
368,codicioso,h6_w0.6,True,30,2.861,64,114,113
368,a_estrella,h6_w0.6,True,20,25.264,612,1022,1002
368,codicioso,h6_w1.0,True,30,4.351,112,190,189
368,a_estrella,h6_w1.0,True,20,14.951,374,622,614
369,codicioso,h1,True,54,16.419,452,756,740
369,a_estrella,h1,True,20,144.955,3661,6068,5905
369,codicioso,h2,True,62,22.794,535,923,912
369,a_estrella,h2,True,20,8.357,218,350,344
369,codicioso,h3,True,34,2.328,40,69,69
369,a_estrella,h3,True,20,6.435,121,196,194
369,codicioso,h4,True,40,7.972,118,203,202
369,a_estrella,h4,True,20,5.11,83,139,137
369,codicioso,h5,True,24,1.146,26,49,49
369,a_estrella,h5,True,20,1.035,24,45,45
369,codicioso,h6_w0.3,True,54,13.368,322,545,541
369,a_estrella,h6_w0.3,True,20,46.163,1106,1821,1782
369,codicioso,h6_w0.6,True,44,12.677,305,521,518
369,a_estrella,h6_w0.6,True,20,19.133,462,753,735
369,codicioso,h6_w1.0,True,62,55.829,535,923,912
369,a_estrella,h6_w1.0,True,20,10.959,218,350,344
370,codicioso,h1,True,78,35.226,970,1610,1564
370,a_estrella,h1,True,24,801.855,18430,29850,28472
370,codicioso,h2,True,26,2.416,56,95,95
370,a_estrella,h2,True,24,99.149,2551,4142,4056
370,codicioso,h3,True,26,3.035,44,74,74
370,a_estrella,h3,True,24,109.292,1522,2498,2454
370,codicioso,h4,True,26,3.232,44,74,74
370,a_estrella,h4,True,24,99.232,1326,2186,2144
370,codicioso,h5,True,28,3.15,53,93,93
370,a_estrella,h5,True,24,16.366,331,555,545
370,codicioso,h6_w0.3,True,82,31.394,660,1117,1101
370,a_estrella,h6_w0.3,True,24,399.882,7595,12416,11978
370,codicioso,h6_w0.6,True,26,2.714,58,97,96
370,a_estrella,h6_w0.6,True,24,192.685,4006,6524,6338
370,codicioso,h6_w1.0,True,26,2.168,56,95,95
370,a_estrella,h6_w1.0,True,24,147.058,2551,4142,4056
371,codicioso,h1,True,32,32.432,656,1095,1071
371,a_estrella,h1,True,20,189.559,3690,6179,6011
371,codicioso,h2,True,30,13.682,349,601,597
371,a_estrella,h2,True,20,31.855,820,1341,1315
371,codicioso,h3,True,32,6.314,102,175,174
371,a_estrella,h3,True,20,33.968,530,885,869
371,codicioso,h4,True,32,6.79,100,172,171
371,a_estrella,h4,True,20,35.094,516,859,843
371,codicioso,h5,True,34,1.988,45,81,81
371,a_estrella,h5,True,20,3.201,72,130,128
371,codicioso,h6_w0.3,True,30,20.017,408,693,684
371,a_estrella,h6_w0.3,True,20,89.41,1739,2897,2823
371,codicioso,h6_w0.6,True,30,13.0,296,501,498
371,a_estrella,h6_w0.6,True,20,58.98,1058,1753,1707
371,codicioso,h6_w1.0,True,30,16.385,349,601,597
371,a_estrella,h6_w1.0,True,20,37.338,820,1341,1315
372,codicioso,h1,True,23,4.293,113,196,193
372,a_estrella,h1,True,17,44.203,1077,1806,1763
372,codicioso,h2,True,23,2.485,47,80,80
372,a_estrella,h2,True,17,11.133,266,442,436
372,codicioso,h3,True,23,2.921,46,86,86
372,a_estrella,h3,True,17,14.132,215,353,347
372,codicioso,h4,True,23,3.145,46,86,86
372,a_estrella,h4,True,17,13.886,200,329,323
372,codicioso,h5,True,17,0.812,18,34,34
372,a_estrella,h5,True,17,2.265,52,99,98
372,codicioso,h6_w0.3,True,23,3.161,64,111,110
372,a_estrella,h6_w0.3,True,17,26.021,525,893,875
372,codicioso,h6_w0.6,True,23,2.024,51,86,85
372,a_estrella,h6_w0.6,True,17,14.282,332,549,539
372,codicioso,h6_w1.0,True,23,1.98,47,80,80
372,a_estrella,h6_w1.0,True,17,11.817,266,442,436
373,codicioso,h1,True,47,56.65,1392,2328,2271
373,a_estrella,h1,True,21,241.42,5471,9096,8853
373,codicioso,h2,True,31,3.04,81,144,143
373,a_estrella,h2,True,21,18.083,406,657,647
373,codicioso,h3,True,31,3.056,52,91,91
373,a_estrella,h3,True,21,14.962,228,369,364
373,codicioso,h4,True,31,4.185,50,88,88
373,a_estrella,h4,True,21,10.133,108,183,183
373,codicioso,h5,True,31,2.994,59,105,105
373,a_estrella,h5,True,21,2.287,40,75,75
373,codicioso,h6_w0.3,True,49,19.018,406,682,677
373,a_estrella,h6_w0.3,True,21,93.779,1886,3110,3036
373,codicioso,h6_w0.6,True,49,16.466,300,515,512
373,a_estrella,h6_w0.6,True,21,45.51,832,1368,1342
373,codicioso,h6_w1.0,True,31,5.53,81,144,143
373,a_estrella,h6_w1.0,True,21,25.141,406,657,647
374,codicioso,h1,True,31,19.731,401,671,655
374,a_estrella,h1,True,23,632.476,12855,20958,20169
374,codicioso,h2,True,57,21.183,534,923,912
374,a_estrella,h2,True,23,59.048,1126,1816,1784
374,codicioso,h3,True,27,3.141,51,87,87
374,a_estrella,h3,True,23,37.14,564,897,889
374,codicioso,h4,True,27,3.961,47,79,79
374,a_estrella,h4,True,23,49.01,443,711,706
374,codicioso,h5,True,41,4.085,96,167,167
374,a_estrella,h5,True,23,8.891,154,268,267
374,codicioso,h6_w0.3,True,31,2.849,70,124,124
374,a_estrella,h6_w0.3,True,23,228.635,4524,7357,7136
374,codicioso,h6_w0.6,True,31,2.681,60,107,107
374,a_estrella,h6_w0.6,True,23,97.107,2050,3325,3247
374,codicioso,h6_w1.0,True,57,22.706,534,923,912
374,a_estrella,h6_w1.0,True,23,50.851,1126,1816,1784
375,codicioso,h1,True,45,13.491,312,531,522
375,a_estrella,h1,True,21,278.261,5634,9376,9111
375,codicioso,h2,True,87,30.235,726,1254,1235
375,a_estrella,h2,True,21,21.963,593,966,948
375,codicioso,h3,True,31,4.921,55,95,95
375,a_estrella,h3,True,21,21.324,298,485,482
375,codicioso,h4,True,31,3.496,53,92,92
375,a_estrella,h4,True,21,24.581,288,469,466
375,codicioso,h5,True,35,2.061,46,85,85
375,a_estrella,h5,True,21,1.871,42,81,81
375,codicioso,h6_w0.3,True,81,9.803,225,380,374
375,a_estrella,h6_w0.3,True,21,185.781,2174,3581,3488
375,codicioso,h6_w0.6,True,81,10.653,186,318,316
375,a_estrella,h6_w0.6,True,21,105.893,1050,1733,1697
375,codicioso,h6_w1.0,True,87,47.965,726,1254,1235
375,a_estrella,h6_w1.0,True,21,59.314,593,966,948
376,codicioso,h1,True,64,34.647,685,1138,1113
376,a_estrella,h1,True,26,2338.807,37331,58973,55076
376,codicioso,h2,True,42,4.793,109,193,192
376,a_estrella,h2,True,26,191.755,3403,5403,5272
376,codicioso,h3,True,38,7.497,79,139,139
376,a_estrella,h3,True,26,156.455,1906,3031,2965
376,codicioso,h4,True,54,15.704,153,262,261
376,a_estrella,h4,True,26,105.19,1301,2081,2046
376,codicioso,h5,True,38,5.989,86,150,150
376,a_estrella,h5,True,26,16.839,308,538,535
376,codicioso,h6_w0.3,True,76,12.005,270,448,439
376,a_estrella,h6_w0.3,True,26,715.062,14392,23114,22146
376,codicioso,h6_w0.6,True,76,7.662,183,313,311
376,a_estrella,h6_w0.6,True,26,343.164,6595,10583,10219
376,codicioso,h6_w1.0,True,42,5.54,109,193,192
376,a_estrella,h6_w1.0,True,26,171.898,3403,5403,5272
377,codicioso,h1,True,50,50.46,1278,2153,2099
377,a_estrella,h1,True,20,205.364,4377,7276,7061
377,codicioso,h2,True,24,3.143,83,146,145
377,a_estrella,h2,True,20,42.723,661,1084,1065
377,codicioso,h3,True,24,7.243,79,133,132
377,a_estrella,h3,True,20,34.88,408,679,669
377,codicioso,h4,True,26,4.903,64,110,110
377,a_estrella,h4,True,20,26.757,341,566,559
377,codicioso,h5,True,26,1.788,38,70,70
377,a_estrella,h5,True,20,2.888,67,121,119
377,codicioso,h6_w0.3,True,50,13.214,233,394,385
377,a_estrella,h6_w0.3,True,20,100.79,1848,3058,2982
377,codicioso,h6_w0.6,True,50,9.949,162,279,277
377,a_estrella,h6_w0.6,True,20,51.38,1006,1665,1629
377,codicioso,h6_w1.0,True,24,3.355,83,146,145
377,a_estrella,h6_w1.0,True,20,28.197,661,1084,1065
378,codicioso,h1,True,50,42.915,1017,1705,1667
378,a_estrella,h1,True,26,1710.455,38238,60266,56226
378,codicioso,h2,True,36,15.011,333,571,569
378,a_estrella,h2,True,26,219.536,4521,7225,7067
378,codicioso,h3,True,40,8.44,120,205,205
378,a_estrella,h3,True,26,158.863,2535,4034,3963
378,codicioso,h4,True,44,9.834,154,261,259
378,a_estrella,h4,True,26,110.921,1576,2525,2485
378,codicioso,h5,True,28,2.213,45,80,80
378,a_estrella,h5,True,26,17.609,387,674,667
378,codicioso,h6_w0.3,True,50,19.377,394,664,655
378,a_estrella,h6_w0.3,True,26,758.903,16024,25684,24559
378,codicioso,h6_w0.6,True,50,14.153,290,493,488
378,a_estrella,h6_w0.6,True,26,395.156,7933,12764,12335
378,codicioso,h6_w1.0,True,36,14.96,333,571,569
378,a_estrella,h6_w1.0,True,26,207.292,4521,7225,7067
379,codicioso,h1,True,46,24.933,709,1192,1164
379,a_estrella,h1,True,24,857.516,18118,29229,27903
379,codicioso,h2,True,28,2.605,60,105,105
379,a_estrella,h2,True,24,100.639,2225,3610,3530
379,codicioso,h3,True,28,2.91,45,79,79
379,a_estrella,h3,True,24,72.999,1175,1888,1858
379,codicioso,h4,True,24,4.107,45,78,78
379,a_estrella,h4,True,24,58.409,820,1327,1309
379,codicioso,h5,True,28,1.544,34,64,64
379,a_estrella,h5,True,24,8.005,158,274,273
379,codicioso,h6_w0.3,True,28,4.32,63,112,112
379,a_estrella,h6_w0.3,True,24,357.472,7338,11902,11497
379,codicioso,h6_w0.6,True,28,2.538,58,103,103
379,a_estrella,h6_w0.6,True,24,173.024,3728,6068,5907
379,codicioso,h6_w1.0,True,28,2.488,60,105,105
379,a_estrella,h6_w1.0,True,24,105.662,2225,3610,3530
380,codicioso,h1,True,64,20.624,512,861,835
380,a_estrella,h1,True,24,766.298,17684,28755,27507
380,codicioso,h2,True,32,4.546,98,175,174
380,a_estrella,h2,True,24,57.708,1441,2313,2275
380,codicioso,h3,True,32,4.533,73,124,123
380,a_estrella,h3,True,24,52.012,879,1421,1400
380,codicioso,h4,True,36,5.255,79,135,135
380,a_estrella,h4,True,24,33.201,490,798,789
380,codicioso,h5,True,24,1.107,25,46,46
380,a_estrella,h5,True,24,7.206,144,270,268
380,codicioso,h6_w0.3,True,52,10.416,240,412,403
380,a_estrella,h6_w0.3,True,24,318.191,6355,10348,10035
380,codicioso,h6_w0.6,True,74,22.326,466,796,785
380,a_estrella,h6_w0.6,True,24,130.511,2851,4593,4476
380,codicioso,h6_w1.0,True,32,4.027,98,175,174
380,a_estrella,h6_w1.0,True,24,62.979,1441,2313,2275
381,codicioso,h1,True,45,21.63,494,825,807
381,a_estrella,h1,True,25,1312.683,29547,47334,44614
381,codicioso,h2,True,37,14.908,359,618,614
381,a_estrella,h2,True,25,143.458,3103,4982,4876
381,codicioso,h3,True,39,6.736,109,189,188
381,a_estrella,h3,True,25,108.308,1766,2868,2815
381,codicioso,h4,True,39,8.665,107,186,185
381,a_estrella,h4,True,25,102.535,1479,2403,2357
381,codicioso,h5,True,35,3.768,82,138,137
381,a_estrella,h5,True,25,17.533,367,639,632
381,codicioso,h6_w0.3,True,37,19.61,416,707,698
381,a_estrella,h6_w0.3,True,25,551.435,11674,18949,18203
381,codicioso,h6_w0.6,True,37,14.422,306,518,515
381,a_estrella,h6_w0.6,True,25,294.354,5709,9235,8936
381,codicioso,h6_w1.0,True,37,17.896,359,618,614
381,a_estrella,h6_w1.0,True,25,158.937,3103,4982,4876
382,codicioso,h1,True,58,12.636,296,500,487
382,a_estrella,h1,True,24,778.081,16913,27543,26386
382,codicioso,h2,True,52,22.158,372,634,631
382,a_estrella,h2,True,24,51.106,982,1586,1571
382,codicioso,h3,True,48,8.014,122,213,212
382,a_estrella,h3,True,24,42.689,650,1060,1051
382,codicioso,h4,True,48,9.908,123,214,213
382,a_estrella,h4,True,24,21.658,319,525,523
382,codicioso,h5,True,24,1.221,27,52,52
382,a_estrella,h5,True,24,4.557,109,195,195
382,codicioso,h6_w0.3,True,36,3.263,82,141,140
382,a_estrella,h6_w0.3,True,24,255.578,5364,8791,8545
382,codicioso,h6_w0.6,True,36,2.778,69,116,115
382,a_estrella,h6_w0.6,True,24,176.135,2127,3454,3374
382,codicioso,h6_w1.0,True,52,16.437,372,634,631
382,a_estrella,h6_w1.0,True,24,42.127,982,1586,1571
383,codicioso,h1,True,49,27.634,663,1112,1088
383,a_estrella,h1,True,25,1277.786,30203,48085,45251
383,codicioso,h2,True,45,10.103,248,437,435
383,a_estrella,h2,True,25,182.935,4411,7088,6915
383,codicioso,h3,True,29,3.7,61,110,110
383,a_estrella,h3,True,25,143.324,2317,3774,3701
383,codicioso,h4,True,29,4.093,61,110,110
383,a_estrella,h4,True,25,140.804,1957,3177,3121
383,codicioso,h5,True,37,2.345,48,88,88
383,a_estrella,h5,True,25,19.077,344,589,578
383,codicioso,h6_w0.3,True,63,22.288,506,854,842
383,a_estrella,h6_w0.3,True,25,621.028,13226,21353,20450
383,codicioso,h6_w0.6,True,63,16.436,354,595,592
383,a_estrella,h6_w0.6,True,25,329.043,7036,11378,10979
383,codicioso,h6_w1.0,True,45,11.282,248,437,435
383,a_estrella,h6_w1.0,True,25,207.374,4411,7088,6915
384,codicioso,h1,True,50,57.738,1457,2437,2375
384,a_estrella,h1,True,20,123.875,3209,5340,5202
384,codicioso,h2,True,20,1.42,38,68,68
384,a_estrella,h2,True,20,15.048,388,651,643
384,codicioso,h3,True,20,1.42,23,42,42
384,a_estrella,h3,True,20,14.948,234,391,389
384,codicioso,h4,True,20,1.644,23,42,42
384,a_estrella,h4,True,20,12.888,205,343,341
384,codicioso,h5,True,20,1.095,25,46,46
384,a_estrella,h5,True,20,1.481,35,65,65
384,codicioso,h6_w0.3,True,50,17.891,427,731,723
384,a_estrella,h6_w0.3,True,20,51.316,1226,2023,1977
384,codicioso,h6_w0.6,True,50,17.344,422,726,718
384,a_estrella,h6_w0.6,True,20,25.712,625,1035,1017
384,codicioso,h6_w1.0,True,20,1.513,38,68,68
384,a_estrella,h6_w1.0,True,20,17.693,388,651,643
385,codicioso,h1,True,34,5.646,161,274,273
385,a_estrella,h1,True,22,370.666,9491,15545,15028
385,codicioso,h2,True,38,7.535,202,341,339
385,a_estrella,h2,True,22,43.696,1078,1743,1712
385,codicioso,h3,True,32,3.209,55,95,95
385,a_estrella,h3,True,22,40.63,653,1060,1048
385,codicioso,h4,True,32,4.369,55,95,95
385,a_estrella,h4,True,22,31.044,445,727,722
385,codicioso,h5,True,36,5.134,83,143,142
385,a_estrella,h5,True,22,9.998,222,384,382
385,codicioso,h6_w0.3,True,34,9.909,209,346,343
385,a_estrella,h6_w0.3,True,22,169.36,3500,5745,5604
385,codicioso,h6_w0.6,True,34,10.982,207,346,343
385,a_estrella,h6_w0.6,True,22,89.048,1712,2774,2705
385,codicioso,h6_w1.0,True,38,10.253,202,341,339
385,a_estrella,h6_w1.0,True,22,47.879,1078,1743,1712
386,codicioso,h1,True,62,42.157,1071,1821,1778
386,a_estrella,h1,True,26,1584.452,37695,59766,55879
386,codicioso,h2,True,52,20.072,504,874,864
386,a_estrella,h2,True,26,115.6,2937,4697,4594
386,codicioso,h3,True,36,5.463,73,127,127
386,a_estrella,h3,True,26,106.961,1771,2874,2824
386,codicioso,h4,True,36,4.715,73,127,127
386,a_estrella,h4,True,26,106.298,1510,2451,2408
386,codicioso,h5,True,28,1.483,34,61,61
386,a_estrella,h5,True,26,11.867,257,457,455
386,codicioso,h6_w0.3,True,56,17.073,364,617,610
386,a_estrella,h6_w0.3,True,26,804.995,14162,22994,22094
386,codicioso,h6_w0.6,True,56,15.775,345,593,588
386,a_estrella,h6_w0.6,True,26,287.772,6224,10013,9700
386,codicioso,h6_w1.0,True,52,25.016,504,874,864
386,a_estrella,h6_w1.0,True,26,132.649,2937,4697,4594
387,codicioso,h1,True,42,8.222,241,402,393
387,a_estrella,h1,True,26,1568.074,36840,58699,55050
387,codicioso,h2,True,56,15.491,373,640,634
387,a_estrella,h2,True,26,53.936,1387,2193,2145
387,codicioso,h3,True,38,6.305,76,136,136
387,a_estrella,h3,True,26,50.131,858,1388,1365
387,codicioso,h4,True,38,4.969,75,134,134
387,a_estrella,h4,True,26,42.126,647,1050,1031
387,codicioso,h5,True,32,2.397,48,86,86
387,a_estrella,h5,True,26,4.009,96,168,168
387,codicioso,h6_w0.3,True,86,21.535,429,725,720
387,a_estrella,h6_w0.3,True,26,593.764,11995,19487,18812
387,codicioso,h6_w0.6,True,68,16.434,348,586,583
387,a_estrella,h6_w0.6,True,26,209.832,4150,6659,6491
387,codicioso,h6_w1.0,True,56,19.036,373,640,634
387,a_estrella,h6_w1.0,True,26,61.856,1387,2193,2145
388,codicioso,h1,True,32,15.653,422,713,700
388,a_estrella,h1,True,22,433.005,10229,16796,16220
388,codicioso,h2,True,62,29.695,678,1168,1153
388,a_estrella,h2,True,22,55.597,1321,2148,2109
388,codicioso,h3,True,40,6.24,92,164,164
388,a_estrella,h3,True,22,41.751,719,1166,1147
388,codicioso,h4,True,40,6.183,86,155,155
388,a_estrella,h4,True,22,32.847,528,859,845
388,codicioso,h5,True,28,2.068,48,87,87
388,a_estrella,h5,True,22,3.632,89,154,153
388,codicioso,h6_w0.3,True,72,19.591,477,808,802
388,a_estrella,h6_w0.3,True,22,197.673,4175,6832,6650
388,codicioso,h6_w0.6,True,72,16.093,372,643,640
388,a_estrella,h6_w0.6,True,22,98.033,2180,3563,3472
388,codicioso,h6_w1.0,True,62,30.859,678,1168,1153
388,a_estrella,h6_w1.0,True,22,64.532,1321,2148,2109
389,codicioso,h1,True,19,4.136,122,209,205
389,a_estrella,h1,True,19,113.394,2660,4451,4342
389,codicioso,h2,True,19,2.397,43,80,80
389,a_estrella,h2,True,19,21.163,550,909,892
389,codicioso,h3,True,19,2.37,37,68,68
389,a_estrella,h3,True,19,26.297,394,661,651
389,codicioso,h4,True,19,2.574,37,68,68
389,a_estrella,h4,True,19,25.604,379,634,625
389,codicioso,h5,True,37,5.535,86,149,148
389,a_estrella,h5,True,19,3.323,78,140,140
389,codicioso,h6_w0.3,True,19,2.818,64,114,113
389,a_estrella,h6_w0.3,True,19,53.657,1232,2044,1998
389,codicioso,h6_w0.6,True,19,3.576,51,89,88
389,a_estrella,h6_w0.6,True,19,42.611,713,1187,1162
389,codicioso,h6_w1.0,True,19,2.237,43,80,80
389,a_estrella,h6_w1.0,True,19,32.081,550,909,892
390,codicioso,h1,True,30,52.131,1395,2341,2298
390,a_estrella,h1,True,20,146.173,3765,6290,6111
390,codicioso,h2,True,28,12.324,303,521,517
390,a_estrella,h2,True,20,37.025,864,1430,1405
390,codicioso,h3,True,24,3.085,49,85,85
390,a_estrella,h3,True,20,33.097,525,862,844
390,codicioso,h4,True,24,3.222,49,85,85
390,a_estrella,h4,True,20,34.678,502,821,803
390,codicioso,h5,True,24,1.923,44,79,79
390,a_estrella,h5,True,20,5.377,128,226,225
390,codicioso,h6_w0.3,True,28,16.291,390,659,654
390,a_estrella,h6_w0.3,True,20,79.45,1833,3025,2952
390,codicioso,h6_w0.6,True,28,10.767,263,449,446
390,a_estrella,h6_w0.6,True,20,49.408,1070,1783,1738
390,codicioso,h6_w1.0,True,28,13.916,303,521,517
390,a_estrella,h6_w1.0,True,20,38.77,864,1430,1405
391,codicioso,h1,True,33,15.661,451,752,734
391,a_estrella,h1,True,21,267.856,6423,10616,10259
391,codicioso,h2,True,33,23.224,454,787,776
391,a_estrella,h2,True,21,59.3,1407,2318,2275
391,codicioso,h3,True,29,5.524,62,104,104
391,a_estrella,h3,True,21,51.075,832,1363,1338
391,codicioso,h4,True,29,4.06,62,104,104
391,a_estrella,h4,True,21,51.285,775,1264,1241
391,codicioso,h5,True,35,3.925,90,151,150
391,a_estrella,h5,True,21,9.807,216,376,374
391,codicioso,h6_w0.3,True,33,14.327,306,520,515
391,a_estrella,h6_w0.3,True,21,147.652,3074,5059,4919
391,codicioso,h6_w0.6,True,33,14.859,309,529,524
391,a_estrella,h6_w0.6,True,21,90.36,1823,2999,2922
391,codicioso,h6_w1.0,True,33,22.603,454,787,776
391,a_estrella,h6_w1.0,True,21,71.366,1407,2318,2275
392,codicioso,h1,True,42,22.93,596,996,972
392,a_estrella,h1,True,20,138.33,2930,4934,4804
392,codicioso,h2,True,46,20.235,366,632,626
392,a_estrella,h2,True,20,7.195,164,275,273
392,codicioso,h3,True,32,6.191,85,149,149
392,a_estrella,h3,True,20,8.855,115,200,200
392,codicioso,h4,True,32,5.242,75,131,131
392,a_estrella,h4,True,20,9.254,113,197,197
392,codicioso,h5,True,26,1.639,36,66,66
392,a_estrella,h5,True,20,1.449,33,62,62
392,codicioso,h6_w0.3,True,60,21.56,429,726,717
392,a_estrella,h6_w0.3,True,20,45.745,919,1538,1499
392,codicioso,h6_w0.6,True,60,17.366,338,570,567
392,a_estrella,h6_w0.6,True,20,18.566,375,614,604
392,codicioso,h6_w1.0,True,46,17.909,366,632,626
392,a_estrella,h6_w1.0,True,20,8.326,164,275,273
393,codicioso,h1,True,58,38.755,946,1592,1552
393,a_estrella,h1,True,22,448.151,9788,16058,15492
393,codicioso,h2,True,36,4.013,102,177,176
393,a_estrella,h2,True,22,45.157,1125,1815,1779
393,codicioso,h3,True,30,6.993,107,182,180
393,a_estrella,h3,True,22,85.701,695,1139,1123
393,codicioso,h4,True,30,9.33,107,182,180
393,a_estrella,h4,True,22,49.65,602,988,975
393,codicioso,h5,True,30,2.515,55,95,95
393,a_estrella,h5,True,22,3.819,84,149,149
393,codicioso,h6_w0.3,True,60,10.74,229,388,383
393,a_estrella,h6_w0.3,True,22,195.57,3843,6305,6134
393,codicioso,h6_w0.6,True,72,18.028,372,638,632
393,a_estrella,h6_w0.6,True,22,89.934,1884,3076,3013
393,codicioso,h6_w1.0,True,36,4.676,102,177,176
393,a_estrella,h6_w1.0,True,22,55.906,1125,1815,1779
394,codicioso,h1,True,48,57.401,1348,2235,2171
394,a_estrella,h1,True,22,323.491,7888,13025,12592
394,codicioso,h2,True,40,4.308,108,191,190
394,a_estrella,h2,True,22,27.128,688,1120,1102
394,codicioso,h3,True,24,1.805,29,52,52
394,a_estrella,h3,True,22,28.288,463,755,743
394,codicioso,h4,True,24,3.085,29,52,52
394,a_estrella,h4,True,22,30.09,446,725,714
394,codicioso,h5,True,24,1.328,30,54,54
394,a_estrella,h5,True,22,2.43,57,105,105
394,codicioso,h6_w0.3,True,52,15.481,370,625,617
394,a_estrella,h6_w0.3,True,22,146.32,2835,4692,4565
394,codicioso,h6_w0.6,True,40,6.962,148,257,253
394,a_estrella,h6_w0.6,True,22,59.04,1330,2161,2110
394,codicioso,h6_w1.0,True,40,5.417,108,191,190
394,a_estrella,h6_w1.0,True,22,30.75,688,1120,1102
395,codicioso,h1,True,35,7.672,225,379,370
395,a_estrella,h1,True,27,2520.872,56931,88289,81020
395,codicioso,h2,True,51,20.284,506,876,866
395,a_estrella,h2,True,27,235.258,5209,8302,8096
395,codicioso,h3,True,39,4.046,67,119,119
395,a_estrella,h3,True,27,212.277,3264,5304,5187
395,codicioso,h4,True,39,4.825,66,117,117
395,a_estrella,h4,True,27,174.162,2451,3999,3923
395,codicioso,h5,True,35,1.99,45,77,77
395,a_estrella,h5,True,27,36.088,762,1301,1283
395,codicioso,h6_w0.3,True,59,23.962,515,879,868
395,a_estrella,h6_w0.3,True,27,1190.405,23250,37076,35150
395,codicioso,h6_w0.6,True,59,19.355,404,688,683
395,a_estrella,h6_w0.6,True,27,434.239,10719,17110,16443
395,codicioso,h6_w1.0,True,51,16.98,506,876,866
395,a_estrella,h6_w1.0,True,27,186.991,5209,8302,8096
396,codicioso,h1,True,54,16.029,554,921,900
396,a_estrella,h1,True,24,670.579,21896,35149,33397
396,codicioso,h2,True,52,8.618,277,491,488
396,a_estrella,h2,True,24,91.383,2799,4492,4388
396,codicioso,h3,True,26,1.839,37,66,66
396,a_estrella,h3,True,24,62.306,1403,2231,2200
396,codicioso,h4,True,36,2.413,46,82,82
396,a_estrella,h4,True,24,84.67,1681,2746,2706
396,codicioso,h5,True,36,1.932,56,99,99
396,a_estrella,h5,True,24,7.531,231,401,398
396,codicioso,h6_w0.3,True,52,9.395,248,419,414
396,a_estrella,h6_w0.3,True,24,331.363,8943,14441,13924
396,codicioso,h6_w0.6,True,52,7.619,239,405,400
396,a_estrella,h6_w0.6,True,24,160.871,4542,7307,7084
396,codicioso,h6_w1.0,True,52,9.225,277,491,488
396,a_estrella,h6_w1.0,True,24,93.159,2799,4492,4388
397,codicioso,h1,True,37,22.789,793,1321,1287
397,a_estrella,h1,True,21,176.831,5827,9634,9338
397,codicioso,h2,True,41,11.396,334,578,574
397,a_estrella,h2,True,21,26.615,917,1485,1461
397,codicioso,h3,True,31,4.429,95,163,163
397,a_estrella,h3,True,21,21.836,461,754,746
397,codicioso,h4,True,33,4.194,80,140,140
397,a_estrella,h4,True,21,16.838,347,575,569
397,codicioso,h5,True,29,1.994,53,97,97
397,a_estrella,h5,True,21,3.288,98,174,174
397,codicioso,h6_w0.3,True,41,13.047,352,596,588
397,a_estrella,h6_w0.3,True,21,83.457,2389,3910,3804
397,codicioso,h6_w0.6,True,41,8.053,248,422,417
397,a_estrella,h6_w0.6,True,21,45.355,1319,2162,2111
397,codicioso,h6_w1.0,True,41,13.018,334,578,574
397,a_estrella,h6_w1.0,True,21,32.353,917,1485,1461
398,codicioso,h1,True,84,63.438,1987,3295,3216
398,a_estrella,h1,True,26,2247.902,44623,69811,64846
398,codicioso,h2,True,60,25.021,597,1035,1015
398,a_estrella,h2,True,26,219.87,4497,7154,7002
398,codicioso,h3,True,40,7.33,77,136,136
398,a_estrella,h3,True,26,203.636,2250,3565,3513
398,codicioso,h4,True,46,17.743,157,266,264
398,a_estrella,h4,True,26,145.796,1464,2337,2312
398,codicioso,h5,True,38,4.398,65,120,120
398,a_estrella,h5,True,26,12.937,194,346,345
398,codicioso,h6_w0.3,True,70,38.416,590,1005,992
398,a_estrella,h6_w0.3,True,26,989.53,18434,29482,28204
398,codicioso,h6_w0.6,True,58,29.11,439,760,752
398,a_estrella,h6_w0.6,True,26,497.042,8742,14012,13537
398,codicioso,h6_w1.0,True,60,46.456,597,1035,1015
398,a_estrella,h6_w1.0,True,26,333.054,4497,7154,7002
399,codicioso,h1,True,73,81.688,1292,2156,2112
399,a_estrella,h1,True,17,44.477,849,1415,1384
399,codicioso,h2,True,45,10.255,210,365,363
399,a_estrella,h2,True,17,4.818,104,173,171
399,codicioso,h3,True,17,1.862,21,40,40
399,a_estrella,h3,True,17,5.038,52,88,87
399,codicioso,h4,True,17,2.565,21,40,40
399,a_estrella,h4,True,17,4.278,47,80,79
399,codicioso,h5,True,17,1.179,18,36,36
399,a_estrella,h5,True,17,1.068,24,45,44
399,codicioso,h6_w0.3,True,65,31.931,540,918,906
399,a_estrella,h6_w0.3,True,17,18.863,315,532,524
399,codicioso,h6_w0.6,True,65,24.026,429,728,723
399,a_estrella,h6_w0.6,True,17,8.49,158,264,262
399,codicioso,h6_w1.0,True,45,12.233,210,365,363
399,a_estrella,h6_w1.0,True,17,5.894,104,173,171
400,codicioso,h1,True,62,20.804,478,806,789
400,a_estrella,h1,True,20,252.676,4361,7271,7071
400,codicioso,h2,True,44,31.998,562,972,953
400,a_estrella,h2,True,20,47.935,786,1287,1268
400,codicioso,h3,True,26,5.072,57,97,97
400,a_estrella,h3,True,20,27.227,299,486,484
400,codicioso,h4,True,26,3.943,57,97,97
400,a_estrella,h4,True,20,22.476,269,440,439
400,codicioso,h5,True,24,2.125,28,53,53
400,a_estrella,h5,True,20,2.248,35,65,65
400,codicioso,h6_w0.3,True,42,27.245,395,678,670
400,a_estrella,h6_w0.3,True,20,130.082,1929,3203,3137
400,codicioso,h6_w0.6,True,42,24.956,403,696,688
400,a_estrella,h6_w0.6,True,20,64.435,1082,1766,1728
400,codicioso,h6_w1.0,True,44,33.97,562,972,953
400,a_estrella,h6_w1.0,True,20,52.186,786,1287,1268
401,codicioso,h1,True,16,3.421,65,114,111
401,a_estrella,h1,True,16,45.727,859,1465,1435
401,codicioso,h2,True,16,3.571,68,118,118
401,a_estrella,h2,True,16,21.098,340,566,560
401,codicioso,h3,True,16,2.713,24,44,44
401,a_estrella,h3,True,16,22.391,243,412,409
401,codicioso,h4,True,16,4.273,24,44,44
401,a_estrella,h4,True,16,27.455,238,404,401
401,codicioso,h5,True,16,2.519,36,63,63
401,a_estrella,h5,True,16,7.316,101,177,175
401,codicioso,h6_w0.3,True,16,3.127,53,95,94
401,a_estrella,h6_w0.3,True,16,40.024,518,869,850
401,codicioso,h6_w0.6,True,16,3.305,54,97,96
401,a_estrella,h6_w0.6,True,16,25.023,350,587,579
401,codicioso,h6_w1.0,True,16,4.927,68,118,118
401,a_estrella,h6_w1.0,True,16,20.442,340,566,560
402,codicioso,h1,True,55,46.426,906,1510,1475
402,a_estrella,h1,True,25,1370.529,28981,46295,43735
402,codicioso,h2,True,55,13.882,360,624,620
402,a_estrella,h2,True,25,123.544,2598,4165,4092
402,codicioso,h3,True,37,6.556,110,188,188
402,a_estrella,h3,True,25,88.458,1508,2423,2380
402,codicioso,h4,True,43,5.839,85,145,145
402,a_estrella,h4,True,25,102.895,1461,2346,2309
402,codicioso,h5,True,27,1.303,29,55,55
402,a_estrella,h5,True,25,8.212,154,279,275
402,codicioso,h6_w0.3,True,55,18.05,384,651,642
402,a_estrella,h6_w0.3,True,25,587.561,11229,18241,17598
402,codicioso,h6_w0.6,True,55,11.394,266,457,452
402,a_estrella,h6_w0.6,True,25,243.294,5149,8347,8119
402,codicioso,h6_w1.0,True,55,16.298,360,624,620
402,a_estrella,h6_w1.0,True,25,132.458,2598,4165,4092
403,codicioso,h1,True,37,9.843,273,463,453
403,a_estrella,h1,True,21,262.021,5722,9518,9245
403,codicioso,h2,True,27,5.868,144,245,243
403,a_estrella,h2,True,21,32.079,717,1165,1151
403,codicioso,h3,True,21,2.253,35,63,63
403,a_estrella,h3,True,21,27.714,459,754,740
403,codicioso,h4,True,21,2.342,34,61,61
403,a_estrella,h4,True,21,29.064,406,669,658
403,codicioso,h5,True,21,1.173,23,43,43
403,a_estrella,h5,True,21,4.947,91,163,163
403,codicioso,h6_w0.3,True,37,9.569,221,369,364
403,a_estrella,h6_w0.3,True,21,109.171,2230,3696,3604
403,codicioso,h6_w0.6,True,37,10.328,218,368,363
403,a_estrella,h6_w0.6,True,21,50.553,1108,1821,1786
403,codicioso,h6_w1.0,True,27,6.629,144,245,243
403,a_estrella,h6_w1.0,True,21,32.974,717,1165,1151
404,codicioso,h1,True,52,42.724,1089,1829,1790
404,a_estrella,h1,True,18,56.0,1166,1951,1908
404,codicioso,h2,True,60,29.929,539,921,909
404,a_estrella,h2,True,18,6.087,122,202,200
404,codicioso,h3,True,36,7.661,115,195,193
404,a_estrella,h3,True,18,4.881,84,144,144
404,codicioso,h4,True,36,7.299,113,192,190
404,a_estrella,h4,True,18,4.38,64,108,108
404,codicioso,h5,True,18,0.976,21,40,40
404,a_estrella,h5,True,18,1.293,29,55,54
404,codicioso,h6_w0.3,True,60,34.446,475,792,785
404,a_estrella,h6_w0.3,True,18,22.054,419,702,689
404,codicioso,h6_w0.6,True,60,19.961,412,694,687
404,a_estrella,h6_w0.6,True,18,8.528,202,332,327
404,codicioso,h6_w1.0,True,60,24.348,539,921,909
404,a_estrella,h6_w1.0,True,18,4.834,122,202,200
405,codicioso,h1,True,30,8.0,232,392,382
405,a_estrella,h1,True,22,380.935,7922,13119,12687
405,codicioso,h2,True,44,19.457,376,647,643
405,a_estrella,h2,True,22,44.49,1052,1718,1691
405,codicioso,h3,True,22,2.118,33,59,59
405,a_estrella,h3,True,22,45.384,713,1171,1153
405,codicioso,h4,True,22,2.652,31,56,56
405,a_estrella,h4,True,22,42.768,606,994,979
405,codicioso,h5,True,22,1.539,30,51,51
405,a_estrella,h5,True,22,5.031,97,164,164
405,codicioso,h6_w0.3,True,44,21.192,483,819,808
405,a_estrella,h6_w0.3,True,22,157.243,3115,5134,4991
405,codicioso,h6_w0.6,True,44,17.902,331,561,558
405,a_estrella,h6_w0.6,True,22,79.978,1586,2608,2537
405,codicioso,h6_w1.0,True,44,25.965,376,647,643
405,a_estrella,h6_w1.0,True,22,62.591,1052,1718,1691
406,codicioso,h1,True,46,35.992,712,1188,1165
406,a_estrella,h1,True,26,2583.003,44067,68767,63581
406,codicioso,h2,True,58,16.835,378,653,649
406,a_estrella,h2,True,26,266.87,5181,8225,8006
406,codicioso,h3,True,38,10.264,85,151,151
406,a_estrella,h3,True,26,237.613,3170,5074,4976
406,codicioso,h4,True,36,5.551,78,140,140
406,a_estrella,h4,True,26,173.964,2522,4053,3975
406,codicioso,h5,True,34,2.244,46,87,87
406,a_estrella,h5,True,26,16.625,346,622,617
406,codicioso,h6_w0.3,True,74,19.216,422,714,708
406,a_estrella,h6_w0.3,True,26,1393.447,18442,29393,27946
406,codicioso,h6_w0.6,True,66,20.637,341,586,583
406,a_estrella,h6_w0.6,True,26,640.057,9155,14622,14029
406,codicioso,h6_w1.0,True,58,29.211,378,653,649
406,a_estrella,h6_w1.0,True,26,413.605,5181,8225,8006
407,codicioso,h1,True,70,58.668,1360,2269,2221
407,a_estrella,h1,True,24,945.453,18067,29243,27862
407,codicioso,h2,True,52,19.728,483,838,828
407,a_estrella,h2,True,24,100.611,2153,3471,3406
407,codicioso,h3,True,28,3.89,48,86,86
407,a_estrella,h3,True,24,86.686,1130,1807,1776
407,codicioso,h4,True,28,5.083,46,83,83
407,a_estrella,h4,True,24,58.558,813,1299,1273
407,codicioso,h5,True,30,3.018,36,68,68
407,a_estrella,h5,True,24,9.793,169,292,291
407,codicioso,h6_w0.3,True,62,26.812,562,955,948
407,a_estrella,h6_w0.3,True,24,347.561,7052,11479,11109
407,codicioso,h6_w0.6,True,72,11.243,175,300,298
407,a_estrella,h6_w0.6,True,24,284.805,3518,5690,5534
407,codicioso,h6_w1.0,True,52,32.875,483,838,828
407,a_estrella,h6_w1.0,True,24,139.588,2153,3471,3406
408,codicioso,h1,True,43,22.728,355,603,590
408,a_estrella,h1,True,23,615.886,12758,20837,20051
408,codicioso,h2,True,43,4.38,114,190,189
408,a_estrella,h2,True,23,34.88,866,1390,1365
408,codicioso,h3,True,37,5.894,82,146,146
408,a_estrella,h3,True,23,28.806,457,756,744
408,codicioso,h4,True,37,7.001,82,146,146
408,a_estrella,h4,True,23,21.071,314,515,509
408,codicioso,h5,True,23,1.235,26,50,50
408,a_estrella,h5,True,23,1.356,31,60,59
408,codicioso,h6_w0.3,True,37,7.498,153,257,255
408,a_estrella,h6_w0.3,True,23,252.176,4274,7006,6826
408,codicioso,h6_w0.6,True,37,6.971,162,274,272
408,a_estrella,h6_w0.6,True,23,82.937,1783,2900,2829
408,codicioso,h6_w1.0,True,43,4.997,114,190,189
408,a_estrella,h6_w1.0,True,23,39.366,866,1390,1365
409,codicioso,h1,True,67,55.328,1512,2528,2473
409,a_estrella,h1,True,19,76.946,2100,3493,3409
409,codicioso,h2,True,37,3.351,88,156,155
409,a_estrella,h2,True,19,5.937,140,228,222
409,codicioso,h3,True,23,2.62,27,48,48
409,a_estrella,h3,True,19,5.982,107,174,170
409,codicioso,h4,True,35,8.21,111,187,185
409,a_estrella,h4,True,19,4.011,65,107,103
409,codicioso,h5,True,19,0.98,22,41,41
409,a_estrella,h5,True,19,1.124,27,49,48
409,codicioso,h6_w0.3,True,65,16.745,380,641,633
409,a_estrella,h6_w0.3,True,19,31.241,723,1193,1170
409,codicioso,h6_w0.6,True,79,16.884,371,633,627
409,a_estrella,h6_w0.6,True,19,13.07,303,489,481
409,codicioso,h6_w1.0,True,37,3.592,88,156,155
409,a_estrella,h6_w1.0,True,19,5.418,140,228,222
410,codicioso,h1,True,42,28.379,752,1271,1242
410,a_estrella,h1,True,20,128.933,3381,5701,5545
410,codicioso,h2,True,52,18.238,392,665,659
410,a_estrella,h2,True,20,17.267,420,689,679
410,codicioso,h3,True,44,5.43,81,144,144
410,a_estrella,h3,True,20,17.775,240,418,413
410,codicioso,h4,True,44,6.661,81,144,144
410,a_estrella,h4,True,20,15.424,227,395,390
410,codicioso,h5,True,36,2.91,64,114,114
410,a_estrella,h5,True,20,2.246,52,96,96
410,codicioso,h6_w0.3,True,66,23.675,537,900,887
410,a_estrella,h6_w0.3,True,20,57.916,1332,2238,2182
410,codicioso,h6_w0.6,True,66,17.523,381,632,628
410,a_estrella,h6_w0.6,True,20,31.598,681,1132,1108
410,codicioso,h6_w1.0,True,52,20.888,392,665,659
410,a_estrella,h6_w1.0,True,20,40.133,420,689,679
411,codicioso,h1,True,48,44.86,736,1233,1204
411,a_estrella,h1,True,24,979.216,18396,29804,28479
411,codicioso,h2,True,42,19.057,331,574,567
411,a_estrella,h2,True,24,132.616,2136,3455,3389
411,codicioso,h3,True,32,9.586,102,173,173
411,a_estrella,h3,True,24,101.66,1091,1754,1734
411,codicioso,h4,True,40,8.617,91,156,156
411,a_estrella,h4,True,24,87.706,889,1453,1435
411,codicioso,h5,True,26,2.967,28,54,54
411,a_estrella,h5,True,24,7.468,106,188,187
411,codicioso,h6_w0.3,True,72,23.11,369,630,618
411,a_estrella,h6_w0.3,True,24,441.15,7351,11946,11573
411,codicioso,h6_w0.6,True,56,9.29,223,381,376
411,a_estrella,h6_w0.6,True,24,194.806,3673,5971,5802
411,codicioso,h6_w1.0,True,42,16.336,331,574,567
411,a_estrella,h6_w1.0,True,24,132.137,2136,3455,3389
412,codicioso,h1,True,50,13.131,239,410,397
412,a_estrella,h1,True,22,440.081,7841,12931,12508
412,codicioso,h2,True,46,32.234,529,913,900
412,a_estrella,h2,True,22,59.738,1020,1670,1648
412,codicioso,h3,True,30,5.855,58,99,98
412,a_estrella,h3,True,22,37.475,556,912,902
412,codicioso,h4,True,28,2.368,36,63,63
412,a_estrella,h4,True,22,29.602,444,731,727
412,codicioso,h5,True,32,2.087,41,75,75
412,a_estrella,h5,True,22,4.371,90,159,157
412,codicioso,h6_w0.3,True,68,19.055,364,621,616
412,a_estrella,h6_w0.3,True,22,155.275,3128,5142,5003
412,codicioso,h6_w0.6,True,68,16.399,371,637,632
412,a_estrella,h6_w0.6,True,22,88.262,1595,2629,2563
412,codicioso,h6_w1.0,True,46,27.33,529,913,900
412,a_estrella,h6_w1.0,True,22,62.841,1020,1670,1648
413,codicioso,h1,True,51,94.328,1761,2921,2845
413,a_estrella,h1,True,23,665.624,14137,23123,22169
413,codicioso,h2,True,49,9.328,199,349,348
413,a_estrella,h2,True,23,128.958,2096,3396,3320
413,codicioso,h3,True,31,12.09,118,203,203
413,a_estrella,h3,True,23,79.076,1050,1699,1670
413,codicioso,h4,True,31,8.923,112,193,193
413,a_estrella,h4,True,23,64.463,896,1450,1424
413,codicioso,h5,True,23,1.52,33,58,58
413,a_estrella,h5,True,23,6.972,159,275,275
413,codicioso,h6_w0.3,True,51,26.841,529,910,899
413,a_estrella,h6_w0.3,True,23,332.944,6067,9912,9601
413,codicioso,h6_w0.6,True,69,20.1,393,671,665
413,a_estrella,h6_w0.6,True,23,181.542,3245,5277,5143
413,codicioso,h6_w1.0,True,49,10.96,199,349,348
413,a_estrella,h6_w1.0,True,23,104.569,2096,3396,3320
414,codicioso,h1,True,34,48.748,942,1582,1543
414,a_estrella,h1,True,14,11.45,274,463,455
414,codicioso,h2,True,52,19.67,364,628,622
414,a_estrella,h2,True,14,2.752,61,104,103
414,codicioso,h3,True,14,1.638,19,35,35
414,a_estrella,h3,True,14,2.719,36,63,63
414,codicioso,h4,True,14,1.75,19,35,35
414,a_estrella,h4,True,14,1.286,19,35,35
414,codicioso,h5,True,14,0.953,15,29,29
414,a_estrella,h5,True,14,0.779,16,31,31
414,codicioso,h6_w0.3,True,34,20.423,362,613,605
414,a_estrella,h6_w0.3,True,14,7.925,127,219,218
414,codicioso,h6_w0.6,True,34,13.239,241,409,404
414,a_estrella,h6_w0.6,True,14,3.436,71,123,123
414,codicioso,h6_w1.0,True,52,18.564,364,628,622
414,a_estrella,h6_w1.0,True,14,2.773,61,104,103
415,codicioso,h1,True,52,47.981,985,1649,1608
415,a_estrella,h1,True,22,419.693,8123,13357,12946
415,codicioso,h2,True,52,27.094,530,914,901
415,a_estrella,h2,True,22,48.581,959,1562,1532
415,codicioso,h3,True,34,5.65,84,141,140
415,a_estrella,h3,True,22,30.098,468,749,743
415,codicioso,h4,True,28,4.103,63,105,105
415,a_estrella,h4,True,22,30.27,423,679,673
415,codicioso,h5,True,22,1.1,23,43,43
415,a_estrella,h5,True,22,1.598,37,69,69
415,codicioso,h6_w0.3,True,52,20.109,407,687,679
415,a_estrella,h6_w0.3,True,22,200.43,3246,5350,5208
415,codicioso,h6_w0.6,True,50,20.06,200,341,336
415,a_estrella,h6_w0.6,True,22,97.759,1670,2758,2704
415,codicioso,h6_w1.0,True,52,26.392,530,914,901
415,a_estrella,h6_w1.0,True,22,48.669,959,1562,1532
416,codicioso,h1,True,41,10.633,256,442,433
416,a_estrella,h1,True,21,279.206,5455,9113,8849
416,codicioso,h2,True,41,5.254,100,169,167
416,a_estrella,h2,True,21,28.561,478,771,763
416,codicioso,h3,True,49,8.081,107,182,181
416,a_estrella,h3,True,21,23.171,270,442,438
416,codicioso,h4,True,37,4.177,57,104,104
416,a_estrella,h4,True,21,21.819,260,425,421
416,codicioso,h5,True,25,2.425,45,81,81
416,a_estrella,h5,True,21,2.632,44,78,78
416,codicioso,h6_w0.3,True,41,4.863,95,166,164
416,a_estrella,h6_w0.3,True,21,108.494,1878,3130,3060
416,codicioso,h6_w0.6,True,41,4.516,85,149,148
416,a_estrella,h6_w0.6,True,21,39.468,854,1406,1379
416,codicioso,h6_w1.0,True,41,4.475,100,169,167
416,a_estrella,h6_w1.0,True,21,26.449,478,771,763
417,codicioso,h1,True,45,37.296,753,1252,1221
417,a_estrella,h1,True,25,1718.241,28518,45514,42953
417,codicioso,h2,True,47,36.914,497,862,852
417,a_estrella,h2,True,25,179.176,2796,4492,4394
417,codicioso,h3,True,29,5.18,58,102,102
417,a_estrella,h3,True,25,142.022,1619,2615,2565
417,codicioso,h4,True,37,7.89,72,127,127
417,a_estrella,h4,True,25,110.128,1142,1838,1801
417,codicioso,h5,True,33,2.606,57,105,105
417,a_estrella,h5,True,25,14.272,259,453,448
417,codicioso,h6_w0.3,True,55,25.302,511,872,861
417,a_estrella,h6_w0.3,True,25,710.807,10947,17730,17065
417,codicioso,h6_w0.6,True,55,20.389,397,677,672
417,a_estrella,h6_w0.6,True,25,349.595,5143,8273,8006
417,codicioso,h6_w1.0,True,47,24.701,497,862,852
417,a_estrella,h6_w1.0,True,25,175.678,2796,4492,4394
418,codicioso,h1,True,38,31.463,357,600,585
418,a_estrella,h1,True,22,382.921,7202,11882,11512
418,codicioso,h2,True,50,11.24,248,414,412
418,a_estrella,h2,True,22,17.325,352,561,558
418,codicioso,h3,True,28,2.991,50,87,87
418,a_estrella,h3,True,22,12.386,190,311,309
418,codicioso,h4,True,24,1.958,27,49,49
418,a_estrella,h4,True,22,4.648,65,107,107
418,codicioso,h5,True,24,1.373,26,50,50
418,a_estrella,h5,True,22,2.441,47,88,88
418,codicioso,h6_w0.3,True,50,30.211,450,767,758
418,a_estrella,h6_w0.3,True,22,121.5,2191,3627,3545
418,codicioso,h6_w0.6,True,84,25.808,442,748,742
418,a_estrella,h6_w0.6,True,22,41.402,833,1351,1324
418,codicioso,h6_w1.0,True,50,11.146,248,414,412
418,a_estrella,h6_w1.0,True,22,14.358,352,561,558
419,codicioso,h1,True,59,86.636,1384,2308,2252
419,a_estrella,h1,True,21,315.435,5434,8973,8697
419,codicioso,h2,True,33,5.71,84,148,147
419,a_estrella,h2,True,21,27.683,460,754,748
419,codicioso,h3,True,33,7.406,79,137,136
419,a_estrella,h3,True,21,18.87,289,482,479
419,codicioso,h4,True,23,4.225,46,82,82
419,a_estrella,h4,True,21,18.828,221,372,370
419,codicioso,h5,True,21,1.788,22,40,40
419,a_estrella,h5,True,21,1.932,30,55,55
419,codicioso,h6_w0.3,True,63,27.057,431,727,716
419,a_estrella,h6_w0.3,True,21,115.018,1962,3266,3189
419,codicioso,h6_w0.6,True,33,9.296,144,250,246
419,a_estrella,h6_w0.6,True,21,50.531,852,1407,1376
419,codicioso,h6_w1.0,True,33,4.298,84,148,147
419,a_estrella,h6_w1.0,True,21,21.983,460,754,748
420,codicioso,h1,True,45,22.828,556,923,902
420,a_estrella,h1,True,23,671.262,13261,21672,20872
420,codicioso,h2,True,45,21.176,520,896,885
420,a_estrella,h2,True,23,45.771,1060,1724,1693
420,codicioso,h3,True,41,4.617,77,130,130
420,a_estrella,h3,True,23,40.125,685,1103,1081
420,codicioso,h4,True,41,5.084,79,133,133
420,a_estrella,h4,True,23,43.59,502,815,802
420,codicioso,h5,True,37,4.931,69,126,126
420,a_estrella,h5,True,23,10.077,132,236,235
420,codicioso,h6_w0.3,True,45,21.693,424,712,705
420,a_estrella,h6_w0.3,True,23,302.667,4850,7945,7740
420,codicioso,h6_w0.6,True,45,23.295,409,692,686
420,a_estrella,h6_w0.6,True,23,123.711,2179,3557,3486
420,codicioso,h6_w1.0,True,45,30.011,520,896,885
420,a_estrella,h6_w1.0,True,23,70.383,1060,1724,1693
421,codicioso,h1,True,56,37.702,532,892,872
421,a_estrella,h1,True,20,189.296,3284,5446,5295
421,codicioso,h2,True,52,23.206,504,872,862
421,a_estrella,h2,True,20,25.278,579,947,934
421,codicioso,h3,True,40,8.331,89,158,158
421,a_estrella,h3,True,20,28.433,383,631,624
421,codicioso,h4,True,40,6.491,88,156,156
421,a_estrella,h4,True,20,28.767,332,544,537
421,codicioso,h5,True,24,1.685,36,63,63
421,a_estrella,h5,True,20,4.649,84,153,151
421,codicioso,h6_w0.3,True,56,22.895,363,614,607
421,a_estrella,h6_w0.3,True,20,91.654,1389,2306,2254
421,codicioso,h6_w0.6,True,56,26.887,343,588,583
421,a_estrella,h6_w0.6,True,20,58.404,792,1310,1282
421,codicioso,h6_w1.0,True,52,29.726,504,872,862
421,a_estrella,h6_w1.0,True,20,33.741,579,947,934
422,codicioso,h1,True,41,6.954,191,332,324
422,a_estrella,h1,True,19,138.522,2730,4589,4481
422,codicioso,h2,True,21,1.74,44,78,78
422,a_estrella,h2,True,19,29.798,679,1118,1092
422,codicioso,h3,True,21,2.203,34,64,64
422,a_estrella,h3,True,19,31.336,482,799,786
422,codicioso,h4,True,21,2.5,34,64,64
422,a_estrella,h4,True,19,37.386,440,730,717
422,codicioso,h5,True,19,2.233,43,78,78
422,a_estrella,h5,True,19,11.802,166,279,276
422,codicioso,h6_w0.3,True,21,2.56,49,84,82
422,a_estrella,h6_w0.3,True,19,71.885,1315,2179,2122
422,codicioso,h6_w0.6,True,41,6.227,91,160,158
422,a_estrella,h6_w0.6,True,19,42.102,822,1355,1321
422,codicioso,h6_w1.0,True,21,1.871,44,78,78
422,a_estrella,h6_w1.0,True,19,39.464,679,1118,1092
423,codicioso,h1,True,55,35.657,858,1452,1412
423,a_estrella,h1,True,23,607.291,12878,21028,20213
423,codicioso,h2,True,55,15.5,304,510,507
423,a_estrella,h2,True,23,48.484,968,1562,1535
423,codicioso,h3,True,37,7.448,106,181,181
423,a_estrella,h3,True,23,59.992,496,803,790
423,codicioso,h4,True,33,13.258,67,113,112
423,a_estrella,h4,True,23,49.545,399,651,640
423,codicioso,h5,True,33,1.966,43,78,78
423,a_estrella,h5,True,23,3.051,54,98,96
423,codicioso,h6_w0.3,True,65,31.452,362,602,595
423,a_estrella,h6_w0.3,True,23,301.275,4564,7477,7275
423,codicioso,h6_w0.6,True,65,16.897,355,595,590
423,a_estrella,h6_w0.6,True,23,112.79,2000,3287,3212
423,codicioso,h6_w1.0,True,55,18.272,304,510,507
423,a_estrella,h6_w1.0,True,23,53.451,968,1562,1535
424,codicioso,h1,True,43,16.555,299,509,503
424,a_estrella,h1,True,19,133.188,2265,3768,3669
424,codicioso,h2,True,45,7.668,135,228,227
424,a_estrella,h2,True,19,14.461,232,386,383
424,codicioso,h3,True,33,5.609,63,112,112
424,a_estrella,h3,True,19,16.048,155,263,261
424,codicioso,h4,True,33,6.932,63,112,112
424,a_estrella,h4,True,19,12.705,135,230,228
424,codicioso,h5,True,19,1.41,24,44,44
424,a_estrella,h5,True,19,1.773,31,57,57
424,codicioso,h6_w0.3,True,61,11.315,181,306,301
424,a_estrella,h6_w0.3,True,19,57.433,835,1391,1359
424,codicioso,h6_w0.6,True,61,11.039,148,252,250
424,a_estrella,h6_w0.6,True,19,28.121,414,690,680
424,codicioso,h6_w1.0,True,45,8.482,135,228,227
424,a_estrella,h6_w1.0,True,19,12.282,232,386,383
425,codicioso,h1,True,46,46.741,816,1369,1333
425,a_estrella,h1,True,22,347.753,7923,13061,12616
425,codicioso,h2,True,22,1.352,33,60,60
425,a_estrella,h2,True,22,47.316,1108,1816,1784
425,codicioso,h3,True,22,1.973,32,58,58
425,a_estrella,h3,True,22,43.458,699,1148,1123
425,codicioso,h4,True,22,2.135,32,58,58
425,a_estrella,h4,True,22,43.256,602,990,970
425,codicioso,h5,True,32,2.538,57,102,102
425,a_estrella,h5,True,22,4.222,91,164,164
425,codicioso,h6_w0.3,True,50,10.155,250,421,415
425,a_estrella,h6_w0.3,True,22,194.348,3145,5190,5056
425,codicioso,h6_w0.6,True,50,6.958,140,242,240
425,a_estrella,h6_w0.6,True,22,97.074,1659,2715,2647
425,codicioso,h6_w1.0,True,22,2.328,33,60,60
425,a_estrella,h6_w1.0,True,22,61.473,1108,1816,1784
426,codicioso,h1,True,47,15.223,312,523,512
426,a_estrella,h1,True,25,1502.415,29243,46813,44155
426,codicioso,h2,True,61,16.486,392,669,663
426,a_estrella,h2,True,25,139.748,3147,5041,4927
426,codicioso,h3,True,35,4.679,47,88,88
426,a_estrella,h3,True,25,141.1,1995,3237,3173
426,codicioso,h4,True,35,3.372,46,87,87
426,a_estrella,h4,True,25,143.253,1670,2702,2648
426,codicioso,h5,True,31,3.067,46,81,81
426,a_estrella,h5,True,25,22.564,395,697,691
426,codicioso,h6_w0.3,True,47,6.753,159,273,271
426,a_estrella,h6_w0.3,True,25,588.127,11627,18817,18067
426,codicioso,h6_w0.6,True,75,17.677,398,679,673
426,a_estrella,h6_w0.6,True,25,308.473,5686,9236,8945
426,codicioso,h6_w1.0,True,61,17.815,392,669,663
426,a_estrella,h6_w1.0,True,25,145.166,3147,5041,4927
427,codicioso,h1,True,46,29.38,695,1177,1139
427,a_estrella,h1,True,20,147.508,3452,5738,5586
427,codicioso,h2,True,22,3.644,68,122,121
427,a_estrella,h2,True,20,31.471,682,1118,1100
427,codicioso,h3,True,24,6.453,101,169,167
427,a_estrella,h3,True,20,39.129,431,703,693
427,codicioso,h4,True,24,11.005,101,169,167
427,a_estrella,h4,True,20,30.771,348,573,569
427,codicioso,h5,True,22,1.802,31,54,54
427,a_estrella,h5,True,20,11.167,152,254,250
427,codicioso,h6_w0.3,True,22,17.148,158,272,265
427,a_estrella,h6_w0.3,True,20,147.366,1591,2613,2553
427,codicioso,h6_w0.6,True,22,9.791,102,180,177
427,a_estrella,h6_w0.6,True,20,70.976,898,1480,1444
427,codicioso,h6_w1.0,True,22,4.301,68,122,121
427,a_estrella,h6_w1.0,True,20,50.058,682,1118,1100
428,codicioso,h1,True,80,105.47,1469,2437,2369
428,a_estrella,h1,True,20,172.831,3258,5430,5287
428,codicioso,h2,True,46,21.675,364,634,628
428,a_estrella,h2,True,20,18.271,327,540,535
428,codicioso,h3,True,44,12.771,133,225,225
428,a_estrella,h3,True,20,17.027,177,290,290
428,codicioso,h4,True,46,13.068,151,256,254
428,a_estrella,h4,True,20,14.243,171,281,281
428,codicioso,h5,True,20,1.248,26,48,48
428,a_estrella,h5,True,20,1.147,27,50,50
428,codicioso,h6_w0.3,True,60,22.288,414,700,692
428,a_estrella,h6_w0.3,True,20,60.705,1195,1991,1949
428,codicioso,h6_w0.6,True,92,19.396,446,760,753
428,a_estrella,h6_w0.6,True,20,33.048,588,965,947
428,codicioso,h6_w1.0,True,46,22.419,364,634,628
428,a_estrella,h6_w1.0,True,20,22.016,327,540,535
429,codicioso,h1,True,43,10.242,263,451,442
429,a_estrella,h1,True,25,1892.528,30570,48573,45619
429,codicioso,h2,True,47,14.04,206,359,358
429,a_estrella,h2,True,25,501.277,5484,8754,8511
429,codicioso,h3,True,29,14.42,78,136,135
429,a_estrella,h3,True,25,370.967,2919,4660,4557
429,codicioso,h4,True,29,7.074,73,126,125
429,a_estrella,h4,True,25,697.428,2229,3575,3491
429,codicioso,h5,True,33,3.85,45,86,86
429,a_estrella,h5,True,25,27.487,390,690,686
429,codicioso,h6_w0.3,True,43,10.397,160,277,274
429,a_estrella,h6_w0.3,True,25,896.025,14280,22911,21868
429,codicioso,h6_w0.6,True,67,14.855,401,683,677
429,a_estrella,h6_w0.6,True,25,487.651,8026,12918,12441
429,codicioso,h6_w1.0,True,47,11.748,206,359,358
429,a_estrella,h6_w1.0,True,25,437.561,5484,8754,8511
430,codicioso,h1,True,63,124.954,1648,2751,2676
430,a_estrella,h1,True,25,1820.207,29521,47045,44322
430,codicioso,h2,True,55,25.161,548,938,926
430,a_estrella,h2,True,25,188.136,3337,5359,5250
430,codicioso,h3,True,29,2.935,54,95,95
430,a_estrella,h3,True,25,133.16,1996,3206,3146
430,codicioso,h4,True,35,6.913,122,207,205
430,a_estrella,h4,True,25,101.344,1569,2522,2478
430,codicioso,h5,True,27,2.112,34,64,64
430,a_estrella,h5,True,25,10.19,205,359,357
430,codicioso,h6_w0.3,True,55,22.357,441,740,732
430,a_estrella,h6_w0.3,True,25,507.437,12172,19619,18890
430,codicioso,h6_w0.6,True,55,14.785,421,708,701
430,a_estrella,h6_w0.6,True,25,237.471,5968,9672,9403
430,codicioso,h6_w1.0,True,55,20.484,548,938,926
430,a_estrella,h6_w1.0,True,25,144.248,3337,5359,5250
431,codicioso,h1,True,38,8.568,222,377,369
431,a_estrella,h1,True,20,146.137,3823,6369,6195
431,codicioso,h2,True,40,11.387,329,570,564
431,a_estrella,h2,True,20,8.627,265,431,425
431,codicioso,h3,True,22,3.087,52,92,92
431,a_estrella,h3,True,20,14.852,190,312,308
431,codicioso,h4,True,22,3.375,51,90,90
431,a_estrella,h4,True,20,12.542,169,277,274
431,codicioso,h5,True,32,1.996,43,80,80
431,a_estrella,h5,True,20,1.461,34,62,62
431,codicioso,h6_w0.3,True,38,5.882,144,249,247
431,a_estrella,h6_w0.3,True,20,64.257,1230,2050,2002
431,codicioso,h6_w0.6,True,64,19.255,391,667,661
431,a_estrella,h6_w0.6,True,20,20.85,511,849,834
431,codicioso,h6_w1.0,True,40,14.066,329,570,564
431,a_estrella,h6_w1.0,True,20,8.985,265,431,425
432,codicioso,h1,True,48,37.018,1064,1796,1752
432,a_estrella,h1,True,20,121.163,3319,5534,5390
432,codicioso,h2,True,40,3.55,111,193,193
432,a_estrella,h2,True,20,18.206,400,655,645
432,codicioso,h3,True,34,4.39,69,125,125
432,a_estrella,h3,True,20,11.455,205,343,340
432,codicioso,h4,True,36,3.849,66,118,118
432,a_estrella,h4,True,20,10.559,175,294,292
432,codicioso,h5,True,22,2.226,37,64,64
432,a_estrella,h5,True,20,1.959,46,80,80
432,codicioso,h6_w0.3,True,58,18.8,433,735,730
432,a_estrella,h6_w0.3,True,20,59.246,1289,2131,2072
432,codicioso,h6_w0.6,True,58,16.586,352,607,604
432,a_estrella,h6_w0.6,True,20,29.618,648,1057,1026
432,codicioso,h6_w1.0,True,40,4.336,111,193,193
432,a_estrella,h6_w1.0,True,20,15.316,400,655,645
433,codicioso,h1,True,41,34.918,1087,1820,1784
433,a_estrella,h1,True,23,473.711,13087,21349,20477
433,codicioso,h2,True,39,5.977,136,235,234
433,a_estrella,h2,True,23,49.8,1261,2048,2013
433,codicioso,h3,True,29,4.373,83,143,143
433,a_estrella,h3,True,23,45.309,896,1467,1444
433,codicioso,h4,True,29,4.436,71,122,122
433,a_estrella,h4,True,23,38.995,674,1119,1104
433,codicioso,h5,True,25,1.848,48,87,87
433,a_estrella,h5,True,23,5.861,161,296,293
433,codicioso,h6_w0.3,True,43,14.775,381,643,638
433,a_estrella,h6_w0.3,True,23,584.244,4859,7984,7752
433,codicioso,h6_w0.6,True,59,55.631,333,570,567
433,a_estrella,h6_w0.6,True,23,291.671,2269,3687,3597
433,codicioso,h6_w1.0,True,39,24.738,136,235,234
433,a_estrella,h6_w1.0,True,23,112.633,1261,2048,2013
434,codicioso,h1,True,67,50.118,721,1217,1197
434,a_estrella,h1,True,25,2510.66,28316,45445,42976
434,codicioso,h2,True,69,29.453,651,1124,1109
434,a_estrella,h2,True,25,62.127,1300,2070,2039
434,codicioso,h3,True,27,4.155,42,76,76
434,a_estrella,h3,True,25,82.961,874,1417,1395
434,codicioso,h4,True,27,3.181,42,76,76
434,a_estrella,h4,True,25,68.174,696,1128,1111
434,codicioso,h5,True,41,5.562,84,144,143
434,a_estrella,h5,True,25,13.174,188,329,327
434,codicioso,h6_w0.3,True,57,16.361,250,432,423
434,a_estrella,h6_w0.3,True,25,655.861,9425,15449,14972
434,codicioso,h6_w0.6,True,83,24.0,475,814,803
434,a_estrella,h6_w0.6,True,25,189.765,3535,5713,5575
434,codicioso,h6_w1.0,True,69,34.923,651,1124,1109
434,a_estrella,h6_w1.0,True,25,72.628,1300,2070,2039
435,codicioso,h1,True,38,19.152,340,591,577
435,a_estrella,h1,True,22,376.627,7758,12828,12395
435,codicioso,h2,True,32,4.906,101,174,172
435,a_estrella,h2,True,22,60.71,857,1379,1349
435,codicioso,h3,True,32,4.863,49,90,90
435,a_estrella,h3,True,22,58.834,491,801,784
435,codicioso,h4,True,32,4.432,49,90,90
435,a_estrella,h4,True,22,31.478,386,627,616
435,codicioso,h5,True,26,1.516,29,53,53
435,a_estrella,h5,True,22,4.059,81,143,142
435,codicioso,h6_w0.3,True,32,12.822,245,429,422
435,a_estrella,h6_w0.3,True,22,204.598,2900,4778,4638
435,codicioso,h6_w0.6,True,32,6.418,70,125,124
435,a_estrella,h6_w0.6,True,22,123.255,1431,2345,2281
435,codicioso,h6_w1.0,True,32,5.41,101,174,172
435,a_estrella,h6_w1.0,True,22,67.002,857,1379,1349
436,codicioso,h1,True,66,126.157,2263,3828,3745
436,a_estrella,h1,True,24,1098.563,17144,27954,26741
436,codicioso,h2,True,56,8.736,211,368,367
436,a_estrella,h2,True,24,47.782,997,1609,1588
436,codicioso,h3,True,48,6.895,79,139,139
436,a_estrella,h3,True,24,34.301,563,923,913
436,codicioso,h4,True,44,6.798,107,182,182
436,a_estrella,h4,True,24,37.032,373,615,609
436,codicioso,h5,True,26,1.559,30,57,57
436,a_estrella,h5,True,24,6.071,93,171,168
436,codicioso,h6_w0.3,True,56,26.09,285,480,475
436,a_estrella,h6_w0.3,True,24,359.69,5518,9059,8795
436,codicioso,h6_w0.6,True,56,10.23,150,258,256
436,a_estrella,h6_w0.6,True,24,180.11,2207,3578,3498
436,codicioso,h6_w1.0,True,56,28.783,211,368,367
436,a_estrella,h6_w1.0,True,24,61.923,997,1609,1588
437,codicioso,h1,True,68,115.405,1565,2598,2529
437,a_estrella,h1,True,22,376.151,7994,13125,12720
437,codicioso,h2,True,58,20.053,373,641,633
437,a_estrella,h2,True,22,57.046,953,1538,1508
437,codicioso,h3,True,32,5.339,61,105,105
437,a_estrella,h3,True,22,37.744,455,731,723
437,codicioso,h4,True,32,5.901,56,97,97
437,a_estrella,h4,True,22,24.316,221,359,357
437,codicioso,h5,True,32,2.796,52,90,90
437,a_estrella,h5,True,22,6.895,131,228,227
437,codicioso,h6_w0.3,True,58,29.316,413,696,685
437,a_estrella,h6_w0.3,True,22,189.951,3144,5176,5053
437,codicioso,h6_w0.6,True,58,12.223,287,487,481
437,a_estrella,h6_w0.6,True,22,71.085,1579,2596,2542
437,codicioso,h6_w1.0,True,58,48.412,373,641,633
437,a_estrella,h6_w1.0,True,22,100.856,953,1538,1508
438,codicioso,h1,True,50,37.998,941,1583,1544
438,a_estrella,h1,True,24,996.901,22324,35799,33951
438,codicioso,h2,True,46,5.913,117,211,210
438,a_estrella,h2,True,24,139.198,2779,4502,4405
438,codicioso,h3,True,42,6.407,83,149,149
438,a_estrella,h3,True,24,114.025,1603,2582,2528
438,codicioso,h4,True,42,6.803,83,149,149
438,a_estrella,h4,True,24,165.317,1497,2413,2364
438,codicioso,h5,True,36,2.277,53,97,97
438,a_estrella,h5,True,24,5.694,101,181,176
438,codicioso,h6_w0.3,True,62,20.825,362,620,608
438,a_estrella,h6_w0.3,True,24,475.685,9339,15088,14523
438,codicioso,h6_w0.6,True,46,7.355,159,279,275
438,a_estrella,h6_w0.6,True,24,222.257,4808,7796,7567
438,codicioso,h6_w1.0,True,46,4.441,117,211,210
438,a_estrella,h6_w1.0,True,24,148.622,2779,4502,4405
439,codicioso,h1,True,54,57.713,1309,2193,2143
439,a_estrella,h1,True,28,4012.368,71671,109435,98800
439,codicioso,h2,True,48,17.976,261,437,434
439,a_estrella,h2,True,28,597.972,10489,16556,16024
439,codicioso,h3,True,50,10.757,146,244,243
439,a_estrella,h3,True,28,489.192,6076,9606,9375
439,codicioso,h4,True,44,16.028,117,195,195
439,a_estrella,h4,True,28,446.674,4678,7417,7248
439,codicioso,h5,True,28,1.761,34,62,62
439,a_estrella,h5,True,28,36.095,581,999,990
439,codicioso,h6_w0.3,True,56,18.245,366,608,602
439,a_estrella,h6_w0.3,True,28,2329.861,34617,54311,50857
439,codicioso,h6_w0.6,True,56,17.444,312,523,518
439,a_estrella,h6_w0.6,True,28,1077.634,18374,29075,27667
439,codicioso,h6_w1.0,True,48,11.48,261,437,434
439,a_estrella,h6_w1.0,True,28,605.918,10489,16556,16024
440,codicioso,h1,True,56,13.6,322,552,540
440,a_estrella,h1,True,18,54.104,1294,2169,2120
440,codicioso,h2,True,26,2.456,77,133,132
440,a_estrella,h2,True,18,7.203,215,354,351
440,codicioso,h3,True,26,4.604,49,87,87
440,a_estrella,h3,True,18,14.009,141,235,234
440,codicioso,h4,True,26,4.085,49,87,87
440,a_estrella,h4,True,18,8.936,109,184,183
440,codicioso,h5,True,18,1.144,21,38,38
440,a_estrella,h5,True,18,1.375,27,50,49
440,codicioso,h6_w0.3,True,36,5.667,127,221,218
440,a_estrella,h6_w0.3,True,18,28.857,562,933,917
440,codicioso,h6_w0.6,True,26,2.131,64,113,111
440,a_estrella,h6_w0.6,True,18,12.042,299,503,497
440,codicioso,h6_w1.0,True,26,4.298,77,133,132
440,a_estrella,h6_w1.0,True,18,13.1,215,354,351
441,codicioso,h1,True,49,33.035,611,1034,1007
441,a_estrella,h1,True,21,283.053,5538,9133,8880
441,codicioso,h2,True,37,7.837,100,180,179
441,a_estrella,h2,True,21,59.212,560,914,902
441,codicioso,h3,True,27,3.984,36,63,63
441,a_estrella,h3,True,21,23.035,273,446,441
441,codicioso,h4,True,27,4.105,49,83,83
441,a_estrella,h4,True,21,21.429,230,377,375
441,codicioso,h5,True,55,6.621,121,208,207
441,a_estrella,h5,True,21,1.561,40,73,73
441,codicioso,h6_w0.3,True,65,35.54,461,787,775
441,a_estrella,h6_w0.3,True,21,129.557,2043,3359,3277
441,codicioso,h6_w0.6,True,65,24.002,417,717,709
441,a_estrella,h6_w0.6,True,21,72.283,979,1585,1548
441,codicioso,h6_w1.0,True,37,5.075,100,180,179
441,a_estrella,h6_w1.0,True,21,32.128,560,914,902
442,codicioso,h1,True,48,28.133,443,749,736
442,a_estrella,h1,True,24,1059.82,18072,29341,28027
442,codicioso,h2,True,50,23.73,497,863,852
442,a_estrella,h2,True,24,97.423,1907,3072,3010
442,codicioso,h3,True,36,4.848,61,113,113
442,a_estrella,h3,True,24,76.438,1020,1673,1648
442,codicioso,h4,True,36,4.329,61,113,113
442,a_estrella,h4,True,24,84.463,967,1590,1568
442,codicioso,h5,True,30,2.932,35,65,65
442,a_estrella,h5,True,24,9.237,163,286,284
442,codicioso,h6_w0.3,True,62,10.485,186,315,310
442,a_estrella,h6_w0.3,True,24,401.435,6822,11226,10880
442,codicioso,h6_w0.6,True,48,20.645,387,665,660
442,a_estrella,h6_w0.6,True,24,170.49,3310,5363,5214
442,codicioso,h6_w1.0,True,50,24.202,497,863,852
442,a_estrella,h6_w1.0,True,24,94.383,1907,3072,3010
443,codicioso,h1,True,57,30.601,683,1148,1110
443,a_estrella,h1,True,21,308.333,5422,8921,8668
443,codicioso,h2,True,35,8.618,165,295,294
443,a_estrella,h2,True,21,35.352,707,1141,1124
443,codicioso,h3,True,41,9.003,95,165,165
443,a_estrella,h3,True,21,30.665,371,593,589
443,codicioso,h4,True,41,9.354,94,162,162
443,a_estrella,h4,True,21,32.021,228,364,363
443,codicioso,h5,True,21,1.454,23,41,41
443,a_estrella,h5,True,21,4.369,87,154,152
443,codicioso,h6_w0.3,True,69,26.849,417,707,699
443,a_estrella,h6_w0.3,True,21,116.166,2070,3399,3315
443,codicioso,h6_w0.6,True,53,21.955,363,615,610
443,a_estrella,h6_w0.6,True,21,75.147,1045,1700,1659
443,codicioso,h6_w1.0,True,35,13.239,165,295,294
443,a_estrella,h6_w1.0,True,21,53.43,707,1141,1124
444,codicioso,h1,True,57,98.09,1635,2719,2645
444,a_estrella,h1,True,21,362.629,5288,8720,8488
444,codicioso,h2,True,57,16.77,274,483,480
444,a_estrella,h2,True,21,28.099,495,805,794
444,codicioso,h3,True,43,7.044,90,151,150
444,a_estrella,h3,True,21,13.944,208,335,329
444,codicioso,h4,True,37,5.661,62,103,103
444,a_estrella,h4,True,21,9.854,114,185,181
444,codicioso,h5,True,33,5.582,87,149,148
444,a_estrella,h5,True,21,3.643,59,106,105
444,codicioso,h6_w0.3,True,57,21.44,363,612,604
444,a_estrella,h6_w0.3,True,21,121.077,1825,3013,2950
444,codicioso,h6_w0.6,True,43,8.782,145,250,246
444,a_estrella,h6_w0.6,True,21,59.111,834,1348,1322
444,codicioso,h6_w1.0,True,57,17.496,274,483,480
444,a_estrella,h6_w1.0,True,21,25.829,495,805,794
445,codicioso,h1,True,38,64.301,811,1359,1332
445,a_estrella,h1,True,18,152.932,1246,2098,2045
445,codicioso,h2,True,38,42.519,464,805,794
445,a_estrella,h2,True,18,11.363,129,220,218
445,codicioso,h3,True,42,17.881,120,205,204
445,a_estrella,h3,True,18,16.765,89,152,151
445,codicioso,h4,True,42,21.921,118,202,201
445,a_estrella,h4,True,18,12.269,87,149,148
445,codicioso,h5,True,18,2.228,20,38,38
445,a_estrella,h5,True,18,2.05,20,38,38
445,codicioso,h6_w0.3,True,38,49.944,483,828,817
445,a_estrella,h6_w0.3,True,18,40.1,441,739,721
445,codicioso,h6_w0.6,True,38,29.918,376,646,641
445,a_estrella,h6_w0.6,True,18,12.999,216,358,350
445,codicioso,h6_w1.0,True,38,41.554,464,805,794
445,a_estrella,h6_w1.0,True,18,13.5,129,220,218
446,codicioso,h1,True,80,72.987,971,1612,1566
446,a_estrella,h1,True,22,582.439,7585,12501,12081
446,codicioso,h2,True,66,41.404,556,959,947
446,a_estrella,h2,True,22,43.314,691,1138,1125
446,codicioso,h3,True,38,5.949,75,131,131
446,a_estrella,h3,True,22,31.719,288,480,475
446,codicioso,h4,True,42,12.905,121,203,203
446,a_estrella,h4,True,22,14.171,141,238,238
446,codicioso,h5,True,22,1.85,24,44,44
446,a_estrella,h5,True,22,1.97,35,65,65
446,codicioso,h6_w0.3,True,84,43.54,660,1118,1103
446,a_estrella,h6_w0.3,True,22,213.15,2721,4504,4387
446,codicioso,h6_w0.6,True,70,25.368,365,630,627
446,a_estrella,h6_w0.6,True,22,88.507,1264,2079,2032
446,codicioso,h6_w1.0,True,66,31.349,556,959,947
446,a_estrella,h6_w1.0,True,22,47.365,691,1138,1125
447,codicioso,h1,True,43,45.877,845,1409,1377
447,a_estrella,h1,True,25,2522.023,29851,47554,44763
447,codicioso,h2,True,41,35.096,325,562,556
447,a_estrella,h2,True,25,562.63,4264,6854,6690
447,codicioso,h3,True,43,11.88,89,157,157
447,a_estrella,h3,True,25,297.495,2113,3399,3339
447,codicioso,h4,True,43,10.262,89,157,157
447,a_estrella,h4,True,25,309.726,1539,2490,2453
447,codicioso,h5,True,25,5.967,30,59,59
447,a_estrella,h5,True,25,22.694,194,344,344
447,codicioso,h6_w0.3,True,49,40.36,271,456,451
447,a_estrella,h6_w0.3,True,25,1672.687,12850,20778,19933
447,codicioso,h6_w0.6,True,49,68.154,319,540,537
447,a_estrella,h6_w0.6,True,25,646.455,6701,10813,10445
447,codicioso,h6_w1.0,True,41,26.521,325,562,556
447,a_estrella,h6_w1.0,True,25,396.437,4264,6854,6690
448,codicioso,h1,True,52,29.404,478,794,776
448,a_estrella,h1,True,24,1490.346,20470,33127,31568
448,codicioso,h2,True,38,12.938,205,346,344
448,a_estrella,h2,True,24,56.256,786,1263,1239
448,codicioso,h3,True,34,5.685,58,105,105
448,a_estrella,h3,True,24,26.73,304,498,498
448,codicioso,h4,True,34,7.969,60,107,107
448,a_estrella,h4,True,24,16.021,172,287,287
448,codicioso,h5,True,36,5.134,67,124,124
448,a_estrella,h5,True,24,7.933,109,193,193
448,codicioso,h6_w0.3,True,52,23.416,323,547,542
448,a_estrella,h6_w0.3,True,24,523.61,6115,10021,9728
448,codicioso,h6_w0.6,True,52,60.839,326,556,551
448,a_estrella,h6_w0.6,True,24,507.943,2159,3499,3411
448,codicioso,h6_w1.0,True,38,25.13,205,346,344
448,a_estrella,h6_w1.0,True,24,104.79,786,1263,1239
449,codicioso,h1,True,23,12.406,74,135,135
449,a_estrella,h1,True,19,296.853,2048,3396,3321
449,codicioso,h2,True,29,9.614,88,157,156
449,a_estrella,h2,True,19,38.938,239,391,390
449,codicioso,h3,True,29,34.881,58,99,98
449,a_estrella,h3,True,19,56.93,159,265,264
449,codicioso,h4,True,19,7.234,21,38,38
449,a_estrella,h4,True,19,13.385,40,69,69
449,codicioso,h5,True,19,2.757,20,37,37
449,a_estrella,h5,True,19,6.183,40,76,76
449,codicioso,h6_w0.3,True,57,166.106,459,781,769
449,a_estrella,h6_w0.3,True,19,167.651,740,1216,1192
449,codicioso,h6_w0.6,True,57,87.986,405,695,687
449,a_estrella,h6_w0.6,True,19,71.405,359,590,580
449,codicioso,h6_w1.0,True,29,12.557,88,157,156
449,a_estrella,h6_w1.0,True,19,36.328,239,391,390
450,codicioso,h1,True,60,151.14,1001,1681,1641
450,a_estrella,h1,True,22,1306.635,7473,12291,11901
450,codicioso,h2,True,52,11.407,130,232,231
450,a_estrella,h2,True,22,108.311,506,825,817
450,codicioso,h3,True,24,13.367,45,80,80
450,a_estrella,h3,True,22,90.528,369,595,587
450,codicioso,h4,True,24,16.424,42,75,75
450,a_estrella,h4,True,22,40.848,305,492,487
450,codicioso,h5,True,22,2.733,23,45,45
450,a_estrella,h5,True,22,6.289,51,95,92
450,codicioso,h6_w0.3,True,80,62.82,382,652,640
450,a_estrella,h6_w0.3,True,22,364.653,2535,4163,4064
450,codicioso,h6_w0.6,True,64,27.115,226,387,382
450,a_estrella,h6_w0.6,True,22,179.243,1109,1814,1767
450,codicioso,h6_w1.0,True,52,20.044,130,232,231
450,a_estrella,h6_w1.0,True,22,32.782,506,825,817
451,codicioso,h1,True,51,90.746,1155,1933,1893
451,a_estrella,h1,True,25,2747.961,28902,45951,43225
451,codicioso,h2,True,49,23.174,351,610,603
451,a_estrella,h2,True,25,223.536,3499,5631,5498
451,codicioso,h3,True,35,4.648,71,123,123
451,a_estrella,h3,True,25,179.941,2193,3528,3462
451,codicioso,h4,True,43,7.358,77,136,136
451,a_estrella,h4,True,25,167.968,1678,2713,2661
451,codicioso,h5,True,43,5.738,102,179,179
451,a_estrella,h5,True,25,30.096,419,724,711
451,codicioso,h6_w0.3,True,49,30.175,415,706,701
451,a_estrella,h6_w0.3,True,25,1050.882,11940,19201,18395
451,codicioso,h6_w0.6,True,49,27.804,334,578,575
451,a_estrella,h6_w0.6,True,25,410.601,6037,9758,9415
451,codicioso,h6_w1.0,True,49,17.882,351,610,603
451,a_estrella,h6_w1.0,True,25,182.26,3499,5631,5498
452,codicioso,h1,True,58,65.938,1434,2401,2349
452,a_estrella,h1,True,24,1132.774,20866,33614,32055
452,codicioso,h2,True,48,16.405,325,563,559
452,a_estrella,h2,True,24,58.636,1179,1889,1852
452,codicioso,h3,True,34,6.828,88,154,154
452,a_estrella,h3,True,24,42.884,607,954,937
452,codicioso,h4,True,34,6.323,80,138,138
452,a_estrella,h4,True,24,40.464,490,774,768
452,codicioso,h5,True,38,3.709,53,98,98
452,a_estrella,h5,True,24,5.096,78,144,143
452,codicioso,h6_w0.3,True,48,21.077,385,651,646
452,a_estrella,h6_w0.3,True,24,496.018,7052,11462,11119
452,codicioso,h6_w0.6,True,48,16.175,281,485,482
452,a_estrella,h6_w0.6,True,24,168.359,2829,4552,4439
452,codicioso,h6_w1.0,True,48,18.655,325,563,559
452,a_estrella,h6_w1.0,True,24,68.823,1179,1889,1852
453,codicioso,h1,True,42,20.997,434,733,718
453,a_estrella,h1,True,24,1231.798,17037,27680,26490
453,codicioso,h2,True,32,6.223,142,240,238
453,a_estrella,h2,True,24,54.948,1011,1660,1641
453,codicioso,h3,True,26,2.378,35,63,63
453,a_estrella,h3,True,24,50.731,619,1023,1011
453,codicioso,h4,True,30,4.175,43,74,74
453,a_estrella,h4,True,24,23.766,318,530,527
453,codicioso,h5,True,30,2.804,41,73,73
453,a_estrella,h5,True,24,9.042,159,284,280
453,codicioso,h6_w0.3,True,32,6.498,134,224,222
453,a_estrella,h6_w0.3,True,24,354.328,5577,9106,8843
453,codicioso,h6_w0.6,True,32,6.492,147,249,247
453,a_estrella,h6_w0.6,True,24,108.763,2382,3857,3757
453,codicioso,h6_w1.0,True,32,5.753,142,240,238
453,a_estrella,h6_w1.0,True,24,48.498,1011,1660,1641
454,codicioso,h1,True,42,32.855,931,1595,1571
454,a_estrella,h1,True,22,468.794,7910,13034,12612
454,codicioso,h2,True,42,23.337,502,871,861
454,a_estrella,h2,True,22,45.179,928,1499,1465
454,codicioso,h3,True,34,4.183,62,113,113
454,a_estrella,h3,True,22,32.681,469,755,742
454,codicioso,h4,True,34,5.265,62,113,113
454,a_estrella,h4,True,22,33.525,403,649,637
454,codicioso,h5,True,40,4.299,99,164,163
454,a_estrella,h5,True,22,2.38,54,94,94
454,codicioso,h6_w0.3,True,52,20.477,463,777,768
454,a_estrella,h6_w0.3,True,22,176.341,3106,5112,4980
454,codicioso,h6_w0.6,True,52,17.117,355,610,605
454,a_estrella,h6_w0.6,True,22,87.47,1512,2479,2417
454,codicioso,h6_w1.0,True,42,24.652,502,871,861
454,a_estrella,h6_w1.0,True,22,47.761,928,1499,1465
455,codicioso,h1,True,56,48.357,1012,1706,1665
455,a_estrella,h1,True,24,923.904,16911,27468,26288
455,codicioso,h2,True,50,16.161,367,640,634
455,a_estrella,h2,True,24,36.911,830,1313,1277
455,codicioso,h3,True,56,8.879,150,253,252
455,a_estrella,h3,True,24,31.458,497,795,779
455,codicioso,h4,True,36,3.525,46,86,86
455,a_estrella,h4,True,24,24.573,375,607,596
455,codicioso,h5,True,26,0.954,30,54,54
455,a_estrella,h5,True,24,3.514,76,138,137
455,codicioso,h6_w0.3,True,68,19.18,428,724,719
455,a_estrella,h6_w0.3,True,24,278.48,5222,8543,8311
455,codicioso,h6_w0.6,True,68,17.919,359,618,615
455,a_estrella,h6_w0.6,True,24,96.22,1954,3151,3067
455,codicioso,h6_w1.0,True,50,19.563,367,640,634
455,a_estrella,h6_w1.0,True,24,41.45,830,1313,1277
456,codicioso,h1,True,37,19.986,496,832,816
456,a_estrella,h1,True,23,712.186,13216,21632,20816
456,codicioso,h2,True,57,13.444,274,483,480
456,a_estrella,h2,True,23,69.736,1338,2174,2142
456,codicioso,h3,True,49,9.061,107,186,185
456,a_estrella,h3,True,23,58.314,685,1121,1107
456,codicioso,h4,True,29,3.083,44,82,82
456,a_estrella,h4,True,23,42.166,522,864,855
456,codicioso,h5,True,23,2.252,45,80,80
456,a_estrella,h5,True,23,8.994,150,268,265
456,codicioso,h6_w0.3,True,71,21.858,370,632,620
456,a_estrella,h6_w0.3,True,23,279.95,4811,7919,7709
456,codicioso,h6_w0.6,True,55,13.698,242,408,403
456,a_estrella,h6_w0.6,True,23,154.442,2295,3745,3655
456,codicioso,h6_w1.0,True,57,14.544,274,483,480
456,a_estrella,h6_w1.0,True,23,81.173,1338,2174,2142
457,codicioso,h1,True,60,23.629,533,889,871
457,a_estrella,h1,True,24,1090.309,21698,34929,33238
457,codicioso,h2,True,60,20.908,527,909,898
457,a_estrella,h2,True,24,81.689,2099,3347,3280
457,codicioso,h3,True,24,1.836,32,59,59
457,a_estrella,h3,True,24,66.491,981,1587,1562
457,codicioso,h4,True,24,1.739,35,62,62
457,a_estrella,h4,True,24,38.054,540,861,854
457,codicioso,h5,True,28,1.69,29,56,56
457,a_estrella,h5,True,24,5.112,106,187,187
457,codicioso,h6_w0.3,True,60,9.991,210,351,347
457,a_estrella,h6_w0.3,True,24,488.355,8354,13608,13139
457,codicioso,h6_w0.6,True,86,19.695,397,682,676
457,a_estrella,h6_w0.6,True,24,214.906,4013,6487,6322
457,codicioso,h6_w1.0,True,60,30.858,527,909,898
457,a_estrella,h6_w1.0,True,24,115.597,2099,3347,3280
458,codicioso,h1,True,55,22.087,591,992,967
458,a_estrella,h1,True,23,617.799,12994,21265,20465
458,codicioso,h2,True,41,4.304,126,216,216
458,a_estrella,h2,True,23,50.978,1162,1878,1851
458,codicioso,h3,True,43,10.028,135,229,228
458,a_estrella,h3,True,23,31.697,479,759,754
458,codicioso,h4,True,39,4.804,68,119,119
458,a_estrella,h4,True,23,15.748,229,361,360
458,codicioso,h5,True,33,2.944,47,86,86
458,a_estrella,h5,True,23,1.301,34,62,62
458,codicioso,h6_w0.3,True,41,7.327,153,253,248
458,a_estrella,h6_w0.3,True,23,285.391,4754,7766,7543
458,codicioso,h6_w0.6,True,39,7.443,147,250,248
458,a_estrella,h6_w0.6,True,23,114.059,2218,3631,3543
458,codicioso,h6_w1.0,True,41,5.396,126,216,216
458,a_estrella,h6_w1.0,True,23,57.765,1162,1878,1851
459,codicioso,h1,True,64,58.267,1390,2341,2284
459,a_estrella,h1,True,24,831.891,17293,27937,26678
459,codicioso,h2,True,42,18.728,318,547,543
459,a_estrella,h2,True,24,69.402,1081,1755,1730
459,codicioso,h3,True,44,10.858,138,233,231
459,a_estrella,h3,True,24,46.381,734,1190,1178
459,codicioso,h4,True,44,8.271,78,138,138
459,a_estrella,h4,True,24,33.92,454,734,727
459,codicioso,h5,True,30,1.616,37,69,69
459,a_estrella,h5,True,24,7.091,150,265,263
459,codicioso,h6_w0.3,True,70,17.267,406,687,671
459,a_estrella,h6_w0.3,True,24,297.158,5911,9653,9362
459,codicioso,h6_w0.6,True,68,16.926,313,543,535
459,a_estrella,h6_w0.6,True,24,130.359,2487,4030,3921
459,codicioso,h6_w1.0,True,42,15.434,318,547,543
459,a_estrella,h6_w1.0,True,24,54.857,1081,1755,1730
460,codicioso,h1,True,55,42.17,954,1623,1588
460,a_estrella,h1,True,23,644.167,12762,20883,20099
460,codicioso,h2,True,47,4.862,125,210,208
460,a_estrella,h2,True,23,44.653,805,1297,1285
460,codicioso,h3,True,33,4.903,67,118,118
460,a_estrella,h3,True,23,32.582,476,774,762
460,codicioso,h4,True,31,5.182,70,118,118
460,a_estrella,h4,True,23,26.263,321,525,518
460,codicioso,h5,True,31,2.531,56,101,101
460,a_estrella,h5,True,23,6.435,98,172,170
460,codicioso,h6_w0.3,True,45,9.283,165,276,271
460,a_estrella,h6_w0.3,True,23,240.598,4240,6917,6740
460,codicioso,h6_w0.6,True,47,8.687,109,191,190
460,a_estrella,h6_w0.6,True,23,111.547,1760,2844,2767
460,codicioso,h6_w1.0,True,47,7.383,125,210,208
460,a_estrella,h6_w1.0,True,23,45.789,805,1297,1285
461,codicioso,h1,True,55,74.246,1455,2432,2378
461,a_estrella,h1,True,23,718.257,12971,21044,20187
461,codicioso,h2,True,41,17.659,316,546,542
461,a_estrella,h2,True,23,66.199,1260,2034,2010
461,codicioso,h3,True,31,6.949,87,151,151
461,a_estrella,h3,True,23,64.668,805,1293,1273
461,codicioso,h4,True,25,2.628,33,58,58
461,a_estrella,h4,True,23,38.64,484,780,771
461,codicioso,h5,True,25,2.053,26,48,48
461,a_estrella,h5,True,23,5.335,121,213,211
461,codicioso,h6_w0.3,True,41,22.362,378,639,634
461,a_estrella,h6_w0.3,True,23,314.437,4761,7734,7509
461,codicioso,h6_w0.6,True,41,13.151,273,470,467
461,a_estrella,h6_w0.6,True,23,154.257,2218,3591,3504
461,codicioso,h6_w1.0,True,41,25.678,316,546,542
461,a_estrella,h6_w1.0,True,23,96.954,1260,2034,2010
462,codicioso,h1,True,29,22.911,380,649,634
462,a_estrella,h1,True,23,916.296,12988,21200,20354
462,codicioso,h2,True,29,2.98,58,100,100
462,a_estrella,h2,True,23,82.054,1187,1936,1902
462,codicioso,h3,True,29,8.67,68,122,122
462,a_estrella,h3,True,23,87.743,705,1163,1147
462,codicioso,h4,True,29,11.744,63,114,114
462,a_estrella,h4,True,23,69.363,594,975,961
462,codicioso,h5,True,31,3.728,55,100,100
462,a_estrella,h5,True,23,7.892,117,209,207
462,codicioso,h6_w0.3,True,29,5.255,79,136,135
462,a_estrella,h6_w0.3,True,23,381.362,4713,7775,7555
462,codicioso,h6_w0.6,True,29,4.294,62,105,104
462,a_estrella,h6_w0.6,True,23,161.075,2148,3535,3447
462,codicioso,h6_w1.0,True,29,4.82,58,100,100
462,a_estrella,h6_w1.0,True,23,87.249,1187,1936,1902
463,codicioso,h1,True,46,22.553,379,640,627
463,a_estrella,h1,True,18,69.891,1238,2087,2039
463,codicioso,h2,True,52,30.223,507,877,867
463,a_estrella,h2,True,18,7.119,128,212,211
463,codicioso,h3,True,18,2.84,29,54,54
463,a_estrella,h3,True,18,9.107,90,149,148
463,codicioso,h4,True,30,6.221,58,101,101
463,a_estrella,h4,True,18,7.607,62,106,105
463,codicioso,h5,True,18,1.523,21,40,40
463,a_estrella,h5,True,18,3.205,34,61,61
463,codicioso,h6_w0.3,True,56,19.938,364,616,609
463,a_estrella,h6_w0.3,True,18,24.061,456,768,752
463,codicioso,h6_w0.6,True,56,23.006,346,593,588
463,a_estrella,h6_w0.6,True,18,13.844,212,353,351
463,codicioso,h6_w1.0,True,52,39.897,507,877,867
463,a_estrella,h6_w1.0,True,18,11.695,128,212,211
464,codicioso,h1,True,60,60.295,868,1455,1422
464,a_estrella,h1,True,24,1248.198,17339,28136,26930
464,codicioso,h2,True,36,4.2,60,101,101
464,a_estrella,h2,True,24,85.774,1206,1933,1902
464,codicioso,h3,True,34,5.932,76,129,129
464,a_estrella,h3,True,24,65.628,695,1123,1105
464,codicioso,h4,True,44,12.346,122,206,206
464,a_estrella,h4,True,24,69.745,642,1040,1029
464,codicioso,h5,True,38,3.689,78,140,140
464,a_estrella,h5,True,24,6.012,100,170,168
464,codicioso,h6_w0.3,True,92,31.833,447,752,747
464,a_estrella,h6_w0.3,True,24,448.12,5957,9685,9408
464,codicioso,h6_w0.6,True,76,26.503,378,647,642
464,a_estrella,h6_w0.6,True,24,158.138,2529,4136,4047
464,codicioso,h6_w1.0,True,36,3.1,60,101,101
464,a_estrella,h6_w1.0,True,24,71.408,1206,1933,1902
465,codicioso,h1,True,65,46.498,897,1510,1477
465,a_estrella,h1,True,29,7117.735,97512,145839,128945
465,codicioso,h2,True,71,45.568,658,1130,1115
465,a_estrella,h2,True,29,629.752,7203,11327,11086
465,codicioso,h3,True,47,11.867,130,219,217
465,a_estrella,h3,True,29,415.379,4285,6793,6680
465,codicioso,h4,True,55,10.203,98,168,168
465,a_estrella,h4,True,29,211.745,2180,3462,3421
465,codicioso,h5,True,37,2.912,45,82,82
465,a_estrella,h5,True,29,52.942,575,1018,1007
465,codicioso,h6_w0.3,True,65,44.584,517,879,867
465,a_estrella,h6_w0.3,True,29,3428.798,45454,70981,66310
465,codicioso,h6_w0.6,True,65,20.932,404,685,680
465,a_estrella,h6_w0.6,True,29,1281.786,19841,31273,29859
465,codicioso,h6_w1.0,True,71,27.423,658,1130,1115
465,a_estrella,h6_w1.0,True,29,321.486,7203,11327,11086
466,codicioso,h1,True,52,21.92,578,970,950
466,a_estrella,h1,True,28,3403.748,72087,110307,99861
466,codicioso,h2,True,56,29.654,549,949,936
466,a_estrella,h2,True,28,582.004,8944,14177,13793
466,codicioso,h3,True,52,9.476,106,186,186
466,a_estrella,h3,True,28,512.678,4964,7916,7739
466,codicioso,h4,True,52,11.067,108,189,189
466,a_estrella,h4,True,28,407.401,3395,5441,5339
466,codicioso,h5,True,40,4.176,54,97,97
466,a_estrella,h5,True,28,70.676,767,1354,1340
466,codicioso,h6_w0.3,True,64,13.795,167,285,281
466,a_estrella,h6_w0.3,True,28,2924.702,33489,52711,49529
466,codicioso,h6_w0.6,True,64,10.777,141,242,241
466,a_estrella,h6_w0.6,True,28,1364.03,16929,26870,25673
466,codicioso,h6_w1.0,True,56,38.06,549,949,936
466,a_estrella,h6_w1.0,True,28,715.17,8944,14177,13793
467,codicioso,h1,True,44,20.124,294,501,494
467,a_estrella,h1,True,24,1565.172,18936,30708,29262
467,codicioso,h2,True,50,41.637,533,923,912
467,a_estrella,h2,True,24,235.712,2677,4302,4188
467,codicioso,h3,True,30,4.295,38,67,67
467,a_estrella,h3,True,24,149.147,1385,2235,2189
467,codicioso,h4,True,24,3.491,28,51,51
467,a_estrella,h4,True,24,146.262,1219,1954,1914
467,codicioso,h5,True,32,2.816,54,94,94
467,a_estrella,h5,True,24,11.299,167,299,299
467,codicioso,h6_w0.3,True,48,14.489,186,311,308
467,a_estrella,h6_w0.3,True,24,675.309,8092,13236,12765
467,codicioso,h6_w0.6,True,38,9.819,125,216,215
467,a_estrella,h6_w0.6,True,24,378.192,4258,6942,6729
467,codicioso,h6_w1.0,True,50,53.084,533,923,912
467,a_estrella,h6_w1.0,True,24,237.17,2677,4302,4188
468,codicioso,h1,True,23,9.428,118,204,201
468,a_estrella,h1,True,17,71.44,924,1560,1524
468,codicioso,h2,True,17,3.143,30,57,57
468,a_estrella,h2,True,17,12.174,153,255,253
468,codicioso,h3,True,17,3.382,28,54,54
468,a_estrella,h3,True,17,16.416,125,209,207
468,codicioso,h4,True,17,3.223,28,54,54
468,a_estrella,h4,True,17,16.824,112,187,185
468,codicioso,h5,True,17,1.656,18,36,36
468,a_estrella,h5,True,17,2.251,20,39,39
468,codicioso,h6_w0.3,True,23,8.774,68,121,120
468,a_estrella,h6_w0.3,True,17,38.986,390,652,642
468,codicioso,h6_w0.6,True,23,6.596,55,96,95
468,a_estrella,h6_w0.6,True,17,22.361,211,351,346
468,codicioso,h6_w1.0,True,17,2.975,30,57,57
468,a_estrella,h6_w1.0,True,17,14.655,153,255,253
469,codicioso,h1,True,41,57.732,700,1171,1144
469,a_estrella,h1,True,13,10.88,152,258,257
469,codicioso,h2,True,23,3.835,51,87,86
469,a_estrella,h2,True,13,3.009,41,70,70
469,codicioso,h3,True,13,1.945,17,30,30
469,a_estrella,h3,True,13,3.781,29,49,49
469,codicioso,h4,True,13,2.168,17,30,30
469,a_estrella,h4,True,13,2.828,29,49,49
469,codicioso,h5,True,13,1.005,15,28,28
469,a_estrella,h5,True,13,2.204,20,38,38
469,codicioso,h6_w0.3,True,41,33.583,384,658,650
469,a_estrella,h6_w0.3,True,13,7.098,74,129,129
469,codicioso,h6_w0.6,True,41,32.41,392,676,668
469,a_estrella,h6_w0.6,True,13,4.82,48,82,82
469,codicioso,h6_w1.0,True,23,4.783,51,87,86
469,a_estrella,h6_w1.0,True,13,3.87,41,70,70
470,codicioso,h1,True,42,37.284,472,796,779
470,a_estrella,h1,True,22,626.93,7827,13031,12606
470,codicioso,h2,True,44,8.41,121,201,199
470,a_estrella,h2,True,22,59.64,773,1260,1239
470,codicioso,h3,True,30,7.791,66,114,114
470,a_estrella,h3,True,22,52.998,455,756,747
470,codicioso,h4,True,30,8.511,66,114,114
470,a_estrella,h4,True,22,59.887,424,700,691
470,codicioso,h5,True,22,2.166,26,47,47
470,a_estrella,h5,True,22,3.501,43,80,80
470,codicioso,h6_w0.3,True,44,6.782,89,156,155
470,a_estrella,h6_w0.3,True,22,305.871,2945,4883,4758
470,codicioso,h6_w0.6,True,44,7.961,90,158,157
470,a_estrella,h6_w0.6,True,22,141.857,1407,2315,2255
470,codicioso,h6_w1.0,True,44,11.023,121,201,199
470,a_estrella,h6_w1.0,True,22,71.015,773,1260,1239
471,codicioso,h1,True,62,36.474,499,834,814
471,a_estrella,h1,True,24,1431.758,17150,27934,26702
471,codicioso,h2,True,52,22.8,347,595,591
471,a_estrella,h2,True,24,65.618,869,1399,1376
471,codicioso,h3,True,54,12.459,122,211,210
471,a_estrella,h3,True,24,39.566,388,643,638
471,codicioso,h4,True,48,9.066,84,147,147
471,a_estrella,h4,True,24,36.769,323,536,533
471,codicioso,h5,True,38,3.043,48,89,89
471,a_estrella,h5,True,24,5.21,55,106,105
471,codicioso,h6_w0.3,True,54,11.569,150,264,260
471,a_estrella,h6_w0.3,True,24,482.208,5469,9005,8743
471,codicioso,h6_w0.6,True,54,9.728,121,212,211
471,a_estrella,h6_w0.6,True,24,182.193,2169,3554,3468
471,codicioso,h6_w1.0,True,52,26.962,347,595,591
471,a_estrella,h6_w1.0,True,24,78.269,869,1399,1376
472,codicioso,h1,True,39,34.006,453,756,738
472,a_estrella,h1,True,19,217.209,2779,4637,4521
472,codicioso,h2,True,25,33.377,459,800,791
472,a_estrella,h2,True,19,71.967,814,1331,1308
472,codicioso,h3,True,27,8.711,70,121,120
472,a_estrella,h3,True,19,60.638,495,800,788
472,codicioso,h4,True,21,7.43,47,81,81
472,a_estrella,h4,True,19,58.81,445,719,709
472,codicioso,h5,True,27,4.532,45,81,81
472,a_estrella,h5,True,19,18.184,201,340,337
472,codicioso,h6_w0.3,True,39,27.199,307,523,518
472,a_estrella,h6_w0.3,True,19,157.982,1485,2472,2417
472,codicioso,h6_w0.6,True,39,28.346,309,529,524
472,a_estrella,h6_w0.6,True,19,79.875,919,1517,1485
472,codicioso,h6_w1.0,True,25,36.173,459,800,791
472,a_estrella,h6_w1.0,True,19,68.941,814,1331,1308
473,codicioso,h1,True,57,73.424,980,1629,1593
473,a_estrella,h1,True,23,1028.16,13054,21376,20589
473,codicioso,h2,True,39,36.179,476,826,813
473,a_estrella,h2,True,23,95.761,1242,2011,1977
473,codicioso,h3,True,23,3.59,25,44,44
473,a_estrella,h3,True,23,83.095,651,1046,1032
473,codicioso,h4,True,23,4.237,25,44,44
473,a_estrella,h4,True,23,61.94,405,654,649
473,codicioso,h5,True,23,2.435,24,43,43
473,a_estrella,h5,True,23,13.715,160,282,281
473,codicioso,h6_w0.3,True,55,29.293,416,707,702
473,a_estrella,h6_w0.3,True,23,415.126,4766,7780,7572
473,codicioso,h6_w0.6,True,55,36.633,347,601,598
473,a_estrella,h6_w0.6,True,23,182.89,2178,3550,3465
473,codicioso,h6_w1.0,True,39,38.718,476,826,813
473,a_estrella,h6_w1.0,True,23,100.552,1242,2011,1977
474,codicioso,h1,True,52,15.941,242,416,403
474,a_estrella,h1,True,20,299.8,4153,6910,6715
474,codicioso,h2,True,64,37.431,482,834,827
474,a_estrella,h2,True,20,44.964,558,911,894
474,codicioso,h3,True,30,8.242,62,110,110
474,a_estrella,h3,True,20,36.222,321,524,516
474,codicioso,h4,True,30,7.75,62,110,110
474,a_estrella,h4,True,20,39.805,313,509,501
474,codicioso,h5,True,38,7.409,88,149,148
474,a_estrella,h5,True,20,5.866,80,138,137
474,codicioso,h6_w0.3,True,44,10.91,152,263,261
474,a_estrella,h6_w0.3,True,20,131.705,1611,2689,2627
474,codicioso,h6_w0.6,True,68,32.693,398,680,675
474,a_estrella,h6_w0.6,True,20,73.551,842,1380,1348
474,codicioso,h6_w1.0,True,64,27.158,482,834,827
474,a_estrella,h6_w1.0,True,20,35.569,558,911,894
475,codicioso,h1,True,3,0.236,4,9,9
475,a_estrella,h1,True,3,0.219,4,9,9
475,codicioso,h2,True,3,0.33,4,9,9
475,a_estrella,h2,True,3,0.255,4,9,9
475,codicioso,h3,True,3,0.533,4,9,9
475,a_estrella,h3,True,3,0.362,4,9,9
475,codicioso,h4,True,3,0.441,4,9,9
475,a_estrella,h4,True,3,0.742,4,9,9
475,codicioso,h5,True,3,0.31,4,9,9
475,a_estrella,h5,True,3,0.2,4,9,9
475,codicioso,h6_w0.3,True,3,0.27,4,9,9
475,a_estrella,h6_w0.3,True,3,0.289,4,9,9
475,codicioso,h6_w0.6,True,3,0.203,4,9,9
475,a_estrella,h6_w0.6,True,3,0.174,4,9,9
475,codicioso,h6_w1.0,True,3,0.192,4,9,9
475,a_estrella,h6_w1.0,True,3,0.178,4,9,9
476,codicioso,h1,True,58,37.712,536,897,878
476,a_estrella,h1,True,24,1127.84,17463,28442,27190
476,codicioso,h2,True,56,28.104,375,645,640
476,a_estrella,h2,True,24,103.717,1378,2214,2176
476,codicioso,h3,True,36,4.677,45,80,80
476,a_estrella,h3,True,24,97.467,785,1285,1271
476,codicioso,h4,True,36,11.74,73,129,129
476,a_estrella,h4,True,24,68.762,577,946,936
476,codicioso,h5,True,32,3.384,52,94,94
476,a_estrella,h5,True,24,8.574,98,180,179
476,codicioso,h6_w0.3,True,56,29.578,418,706,695
476,a_estrella,h6_w0.3,True,24,479.242,5965,9744,9455
476,codicioso,h6_w0.6,True,56,19.398,288,490,484
476,a_estrella,h6_w0.6,True,24,195.754,2608,4231,4118
476,codicioso,h6_w1.0,True,56,27.179,375,645,640
476,a_estrella,h6_w1.0,True,24,100.459,1378,2214,2176
477,codicioso,h1,True,45,13.42,245,418,411
477,a_estrella,h1,True,25,2209.526,29040,46470,43882
477,codicioso,h2,True,49,11.301,195,337,335
477,a_estrella,h2,True,25,156.96,2305,3712,3644
477,codicioso,h3,True,39,7.052,70,124,124
477,a_estrella,h3,True,25,162.544,1466,2385,2341
477,codicioso,h4,True,35,10.271,65,119,119
477,a_estrella,h4,True,25,134.91,1135,1845,1812
477,codicioso,h5,True,45,6.066,100,169,168
477,a_estrella,h5,True,25,15.849,230,389,386
477,codicioso,h6_w0.3,True,45,9.267,139,239,237
477,a_estrella,h6_w0.3,True,25,894.453,10831,17612,16994
477,codicioso,h6_w0.6,True,75,30.294,388,661,655
477,a_estrella,h6_w0.6,True,25,367.164,4770,7726,7514
477,codicioso,h6_w1.0,True,49,11.374,195,337,335
477,a_estrella,h6_w1.0,True,25,167.69,2305,3712,3644
478,codicioso,h1,True,47,36.69,703,1176,1151
478,a_estrella,h1,True,21,314.796,5310,8848,8604
478,codicioso,h2,True,35,4.575,67,122,122
478,a_estrella,h2,True,21,26.838,432,708,698
478,codicioso,h3,True,25,6.163,45,81,81
478,a_estrella,h3,True,21,30.73,304,513,508
478,codicioso,h4,True,25,5.87,51,89,89
478,a_estrella,h4,True,21,25.175,224,382,378
478,codicioso,h5,True,27,2.819,35,63,63
478,a_estrella,h5,True,21,1.909,28,52,52
478,codicioso,h6_w0.3,True,35,12.111,143,245,242
478,a_estrella,h6_w0.3,True,21,135.009,1769,2933,2867
478,codicioso,h6_w0.6,True,35,7.497,108,184,182
478,a_estrella,h6_w0.6,True,21,64.126,793,1316,1290
478,codicioso,h6_w1.0,True,35,5.823,67,122,122
478,a_estrella,h6_w1.0,True,21,37.428,432,708,698
479,codicioso,h1,True,55,18.84,284,482,468
479,a_estrella,h1,True,23,943.517,13212,21524,20694
479,codicioso,h2,True,29,4.444,74,129,128
479,a_estrella,h2,True,23,93.316,1352,2183,2141
479,codicioso,h3,True,29,5.577,55,93,92
479,a_estrella,h3,True,23,81.949,697,1128,1110
479,codicioso,h4,True,41,11.162,90,151,151
479,a_estrella,h4,True,23,50.556,530,862,852
479,codicioso,h5,True,23,2.118,25,47,47
479,a_estrella,h5,True,23,8.423,120,205,205
479,codicioso,h6_w0.3,True,53,13.93,233,402,393
479,a_estrella,h6_w0.3,True,23,373.014,4912,8055,7824
479,codicioso,h6_w0.6,True,63,27.715,455,783,772
479,a_estrella,h6_w0.6,True,23,155.881,2306,3760,3673
479,codicioso,h6_w1.0,True,29,3.107,74,129,128
479,a_estrella,h6_w1.0,True,23,81.591,1352,2183,2141
480,codicioso,h1,True,44,65.299,1294,2169,2119
480,a_estrella,h1,True,22,591.514,9683,15741,15128
480,codicioso,h2,True,56,35.255,575,985,973
480,a_estrella,h2,True,22,74.933,1147,1863,1829
480,codicioso,h3,True,28,4.601,51,94,94
480,a_estrella,h3,True,22,69.353,712,1164,1145
480,codicioso,h4,True,42,10.948,149,255,253
480,a_estrella,h4,True,22,56.414,533,865,853
480,codicioso,h5,True,26,3.95,76,133,132
480,a_estrella,h5,True,22,9.462,131,235,235
480,codicioso,h6_w0.3,True,44,26.257,391,660,651
480,a_estrella,h6_w0.3,True,22,247.752,3768,6163,5980
480,codicioso,h6_w0.6,True,44,18.614,286,488,483
480,a_estrella,h6_w0.6,True,22,119.556,1908,3111,3035
480,codicioso,h6_w1.0,True,56,35.903,575,985,973
480,a_estrella,h6_w1.0,True,22,68.001,1147,1863,1829
481,codicioso,h1,True,41,55.838,1113,1877,1839
481,a_estrella,h1,True,19,153.069,2394,4026,3922
481,codicioso,h2,True,39,20.796,320,551,547
481,a_estrella,h2,True,19,27.038,327,542,530
481,codicioso,h3,True,39,15.712,119,204,204
481,a_estrella,h3,True,19,24.7,194,324,322
481,codicioso,h4,True,39,17.068,118,202,202
481,a_estrella,h4,True,19,16.843,146,249,247
481,codicioso,h5,True,19,2.336,22,43,43
481,a_estrella,h5,True,19,4.744,36,68,67
481,codicioso,h6_w0.3,True,41,10.818,127,226,222
481,a_estrella,h6_w0.3,True,19,88.359,983,1639,1604
481,codicioso,h6_w0.6,True,41,6.449,96,171,170
481,a_estrella,h6_w0.6,True,19,41.297,486,815,800
481,codicioso,h6_w1.0,True,39,21.589,320,551,547
481,a_estrella,h6_w1.0,True,19,27.58,327,542,530
482,codicioso,h1,True,42,59.708,887,1486,1451
482,a_estrella,h1,True,24,1165.494,18246,29632,28289
482,codicioso,h2,True,54,24.132,362,624,620
482,a_estrella,h2,True,24,112.335,1730,2799,2748
482,codicioso,h3,True,34,11.41,114,193,191
482,a_estrella,h3,True,24,105.128,1077,1739,1703
482,codicioso,h4,True,34,11.889,114,193,191
482,a_estrella,h4,True,24,110.917,1046,1686,1652
482,codicioso,h5,True,28,2.674,38,69,69
482,a_estrella,h5,True,24,8.546,134,235,234
482,codicioso,h6_w0.3,True,80,21.058,297,502,493
482,a_estrella,h6_w0.3,True,24,558.807,6980,11395,11031
482,codicioso,h6_w0.6,True,58,28.654,351,594,588
482,a_estrella,h6_w0.6,True,24,251.311,3280,5334,5193
482,codicioso,h6_w1.0,True,54,23.832,362,624,620
482,a_estrella,h6_w1.0,True,24,135.259,1730,2799,2748
483,codicioso,h1,True,37,7.908,138,240,235
483,a_estrella,h1,True,21,390.126,6278,10387,10044
483,codicioso,h2,True,33,8.833,105,180,178
483,a_estrella,h2,True,21,75.73,1132,1876,1839
483,codicioso,h3,True,31,5.728,51,94,94
483,a_estrella,h3,True,21,78.833,729,1211,1187
483,codicioso,h4,True,31,5.539,51,94,94
483,a_estrella,h4,True,21,84.399,701,1163,1140
483,codicioso,h5,True,21,3.129,44,81,81
483,a_estrella,h5,True,21,10.891,119,217,215
483,codicioso,h6_w0.3,True,33,7.427,77,139,138
483,a_estrella,h6_w0.3,True,21,255.184,2858,4733,4605
483,codicioso,h6_w0.6,True,33,6.057,78,141,140
483,a_estrella,h6_w0.6,True,21,121.411,1625,2698,2627
483,codicioso,h6_w1.0,True,33,7.625,105,180,178
483,a_estrella,h6_w1.0,True,21,82.604,1132,1876,1839
484,codicioso,h1,True,48,14.511,282,481,473
484,a_estrella,h1,True,24,1483.038,21325,34328,32669
484,codicioso,h2,True,46,5.632,97,162,161
484,a_estrella,h2,True,24,100.966,1511,2423,2382
484,codicioso,h3,True,26,4.288,39,68,68
484,a_estrella,h3,True,24,93.943,867,1431,1416
484,codicioso,h4,True,30,4.217,43,78,78
484,a_estrella,h4,True,24,57.897,563,929,920
484,codicioso,h5,True,24,1.893,35,66,66
484,a_estrella,h5,True,24,6.531,83,155,154
484,codicioso,h6_w0.3,True,42,4.454,70,120,119
484,a_estrella,h6_w0.3,True,24,626.616,7443,12095,11710
484,codicioso,h6_w0.6,True,42,6.441,72,124,123
484,a_estrella,h6_w0.6,True,24,263.01,3173,5144,5008
484,codicioso,h6_w1.0,True,46,7.394,97,162,161
484,a_estrella,h6_w1.0,True,24,113.379,1511,2423,2382
485,codicioso,h1,True,29,12.498,173,294,289
485,a_estrella,h1,True,17,49.878,843,1410,1383
485,codicioso,h2,True,17,1.402,25,47,47
485,a_estrella,h2,True,17,8.715,137,228,228
485,codicioso,h3,True,17,3.166,25,47,47
485,a_estrella,h3,True,17,8.841,103,173,172
485,codicioso,h4,True,17,3.583,25,47,47
485,a_estrella,h4,True,17,5.535,61,105,105
485,codicioso,h5,True,17,2.21,20,39,39
485,a_estrella,h5,True,17,3.295,42,76,76
485,codicioso,h6_w0.3,True,29,16.383,205,340,337
485,a_estrella,h6_w0.3,True,17,21.615,330,548,538
485,codicioso,h6_w0.6,True,29,14.791,203,340,337
485,a_estrella,h6_w0.6,True,17,11.959,181,301,298
485,codicioso,h6_w1.0,True,17,1.487,25,47,47
485,a_estrella,h6_w1.0,True,17,8.893,137,228,228
486,codicioso,h1,True,31,34.668,572,972,954
486,a_estrella,h1,True,17,65.609,1123,1897,1859
486,codicioso,h2,True,25,4.528,83,142,140
486,a_estrella,h2,True,17,17.926,310,512,504
486,codicioso,h3,True,31,5.903,59,103,103
486,a_estrella,h3,True,17,25.173,221,371,367
486,codicioso,h4,True,31,5.425,59,103,103
486,a_estrella,h4,True,17,19.267,198,331,327
486,codicioso,h5,True,17,3.659,40,71,71
486,a_estrella,h5,True,17,6.93,93,160,158
486,codicioso,h6_w0.3,True,39,25.407,348,595,590
486,a_estrella,h6_w0.3,True,17,48.231,575,964,947
486,codicioso,h6_w0.6,True,25,3.271,60,108,107
486,a_estrella,h6_w0.6,True,17,18.184,363,608,597
486,codicioso,h6_w1.0,True,25,4.095,83,142,140
486,a_estrella,h6_w1.0,True,17,20.443,310,512,504
487,codicioso,h1,True,10,2.827,36,64,63
487,a_estrella,h1,True,10,1.922,31,57,57
487,codicioso,h2,True,10,0.483,11,19,19
487,a_estrella,h2,True,10,0.552,11,19,19
487,codicioso,h3,True,10,1.305,11,19,19
487,a_estrella,h3,True,10,0.757,11,19,19
487,codicioso,h4,True,10,0.82,11,19,19
487,a_estrella,h4,True,10,1.023,11,19,19
487,codicioso,h5,True,10,1.132,11,19,19
487,a_estrella,h5,True,10,1.411,11,19,19
487,codicioso,h6_w0.3,True,10,1.017,11,19,19
487,a_estrella,h6_w0.3,True,10,2.361,15,30,30
487,codicioso,h6_w0.6,True,10,1.321,11,19,19
487,a_estrella,h6_w0.6,True,10,0.888,11,19,19
487,codicioso,h6_w1.0,True,10,1.084,11,19,19
487,a_estrella,h6_w1.0,True,10,2.232,11,19,19
488,codicioso,h1,True,24,10.543,160,277,275
488,a_estrella,h1,True,16,40.833,572,968,948
488,codicioso,h2,True,24,3.509,52,94,94
488,a_estrella,h2,True,16,9.21,122,207,207
488,codicioso,h3,True,24,9.276,67,119,119
488,a_estrella,h3,True,16,12.696,86,149,149
488,codicioso,h4,True,24,8.979,61,109,109
488,a_estrella,h4,True,16,11.475,77,134,134
488,codicioso,h5,True,16,2.036,17,30,30
488,a_estrella,h5,True,16,3.218,33,61,60
488,codicioso,h6_w0.3,True,56,34.304,497,848,837
488,a_estrella,h6_w0.3,True,16,17.019,257,437,429
488,codicioso,h6_w0.6,True,24,4.99,70,120,119
488,a_estrella,h6_w0.6,True,16,8.813,157,268,265
488,codicioso,h6_w1.0,True,24,3.712,52,94,94
488,a_estrella,h6_w1.0,True,16,7.021,122,207,207
489,codicioso,h1,True,39,15.928,233,394,385
489,a_estrella,h1,True,11,2.139,51,91,91
489,codicioso,h2,True,11,0.965,12,21,21
489,a_estrella,h2,True,11,0.928,12,21,21
489,codicioso,h3,True,11,1.131,12,21,21
489,a_estrella,h3,True,11,1.509,12,21,21
489,codicioso,h4,True,11,1.329,12,21,21
489,a_estrella,h4,True,11,0.875,12,21,21
489,codicioso,h5,True,11,0.701,12,21,21
489,a_estrella,h5,True,11,1.094,12,21,21
489,codicioso,h6_w0.3,True,11,0.93,12,21,21
489,a_estrella,h6_w0.3,True,11,2.289,24,42,42
489,codicioso,h6_w0.6,True,11,0.843,12,21,21
489,a_estrella,h6_w0.6,True,11,0.616,13,24,24
489,codicioso,h6_w1.0,True,11,0.989,12,21,21
489,a_estrella,h6_w1.0,True,11,0.857,12,21,21
490,codicioso,h1,True,44,12.529,223,379,375
490,a_estrella,h1,True,28,4457.068,72013,109872,99249
490,codicioso,h2,True,86,30.258,712,1229,1210
490,a_estrella,h2,True,28,470.131,9676,15330,14860
490,codicioso,h3,True,42,9.107,114,198,198
490,a_estrella,h3,True,28,400.708,5204,8280,8051
490,codicioso,h4,True,32,5.67,54,98,98
490,a_estrella,h4,True,28,363.468,3781,6020,5875
490,codicioso,h5,True,44,7.097,93,159,158
490,a_estrella,h5,True,28,30.968,410,742,738
490,codicioso,h6_w0.3,True,76,11.971,217,366,360
490,a_estrella,h6_w0.3,True,28,2487.431,34207,53881,50497
490,codicioso,h6_w0.6,True,76,8.494,175,300,298
490,a_estrella,h6_w0.6,True,28,1332.571,17695,28125,26806
490,codicioso,h6_w1.0,True,86,42.156,712,1229,1210
490,a_estrella,h6_w1.0,True,28,556.227,9676,15330,14860
491,codicioso,h1,True,53,34.6,717,1208,1187
491,a_estrella,h1,True,21,293.185,5731,9431,9147
491,codicioso,h2,True,39,13.202,231,392,389
491,a_estrella,h2,True,21,44.972,892,1466,1442
491,codicioso,h3,True,45,8.013,90,156,156
491,a_estrella,h3,True,21,33.716,411,665,656
491,codicioso,h4,True,45,7.507,91,157,157
491,a_estrella,h4,True,21,43.195,503,841,835
491,codicioso,h5,True,27,2.529,29,56,56
491,a_estrella,h5,True,21,3.88,60,106,106
491,codicioso,h6_w0.3,True,61,23.183,386,653,648
491,a_estrella,h6_w0.3,True,21,125.554,2391,3934,3845
491,codicioso,h6_w0.6,True,61,18.339,325,557,554
491,a_estrella,h6_w0.6,True,21,64.546,1269,2093,2055
491,codicioso,h6_w1.0,True,39,11.423,231,392,389
491,a_estrella,h6_w1.0,True,21,43.989,892,1466,1442
492,codicioso,h1,True,62,13.061,319,542,526
492,a_estrella,h1,True,24,838.023,18442,29893,28548
492,codicioso,h2,True,46,16.468,512,882,871
492,a_estrella,h2,True,24,70.537,2094,3377,3315
492,codicioso,h3,True,50,5.886,92,159,159
492,a_estrella,h3,True,24,55.905,1042,1669,1651
492,codicioso,h4,True,50,5.459,93,160,160
492,a_estrella,h4,True,24,34.607,662,1073,1066
492,codicioso,h5,True,36,3.494,102,175,174
492,a_estrella,h5,True,24,3.713,96,173,173
492,codicioso,h6_w0.3,True,68,20.579,581,986,975
492,a_estrella,h6_w0.3,True,24,309.502,7406,12069,11667
492,codicioso,h6_w0.6,True,66,18.669,285,478,473
492,a_estrella,h6_w0.6,True,24,212.809,3709,6040,5885
492,codicioso,h6_w1.0,True,46,27.972,512,882,871
492,a_estrella,h6_w1.0,True,24,130.871,2094,3377,3315
493,codicioso,h1,True,47,34.244,420,709,699
493,a_estrella,h1,True,23,779.133,13832,22562,21648
493,codicioso,h2,True,73,26.247,651,1124,1104
493,a_estrella,h2,True,23,67.09,1967,3183,3104
493,codicioso,h3,True,35,3.271,56,102,102
493,a_estrella,h3,True,23,66.712,988,1591,1569
493,codicioso,h4,True,35,3.965,53,97,97
493,a_estrella,h4,True,23,49.199,719,1169,1153
493,codicioso,h5,True,23,3.344,65,119,118
493,a_estrella,h5,True,23,6.123,164,281,281
493,codicioso,h6_w0.3,True,47,6.207,194,329,326
493,a_estrella,h6_w0.3,True,23,230.753,5720,9339,9047
493,codicioso,h6_w0.6,True,37,3.841,115,200,199
493,a_estrella,h6_w0.6,True,23,110.585,3025,4924,4775
493,codicioso,h6_w1.0,True,73,22.001,651,1124,1104
493,a_estrella,h6_w1.0,True,23,65.652,1967,3183,3104
494,codicioso,h1,True,52,33.692,1101,1827,1791
494,a_estrella,h1,True,26,1665.874,36788,58129,54319
494,codicioso,h2,True,46,14.684,358,616,612
494,a_estrella,h2,True,26,137.807,2100,3379,3321
494,codicioso,h3,True,54,14.221,101,179,179
494,a_estrella,h3,True,26,91.574,1284,2072,2036
494,codicioso,h4,True,56,7.865,98,176,176
494,a_estrella,h4,True,26,45.05,637,1015,1001
494,codicioso,h5,True,32,2.43,50,90,90
494,a_estrella,h5,True,26,12.604,248,438,434
494,codicioso,h6_w0.3,True,48,7.394,193,321,317
494,a_estrella,h6_w0.3,True,26,725.173,13197,21247,20424
494,codicioso,h6_w0.6,True,38,2.806,77,134,133
494,a_estrella,h6_w0.6,True,26,260.261,5378,8691,8425
494,codicioso,h6_w1.0,True,46,13.571,358,616,612
494,a_estrella,h6_w1.0,True,26,99.282,2100,3379,3321
495,codicioso,h1,True,37,21.362,232,399,390
495,a_estrella,h1,True,23,932.653,13297,21662,20813
495,codicioso,h2,True,51,18.148,359,620,614
495,a_estrella,h2,True,23,61.945,1419,2294,2243
495,codicioso,h3,True,27,3.294,50,88,88
495,a_estrella,h3,True,23,57.12,709,1155,1136
495,codicioso,h4,True,45,10.017,159,271,269
495,a_estrella,h4,True,23,47.86,507,826,811
495,codicioso,h5,True,27,2.528,33,61,61
495,a_estrella,h5,True,23,9.369,139,241,238
495,codicioso,h6_w0.3,True,55,34.356,242,418,409
495,a_estrella,h6_w0.3,True,23,312.221,5092,8343,8098
495,codicioso,h6_w0.6,True,45,9.798,234,396,391
495,a_estrella,h6_w0.6,True,23,123.572,2484,4071,3963
495,codicioso,h6_w1.0,True,51,17.343,359,620,614
495,a_estrella,h6_w1.0,True,23,87.816,1419,2294,2243
496,codicioso,h1,True,44,7.955,230,387,379
496,a_estrella,h1,True,24,857.791,17255,28076,26873
496,codicioso,h2,True,54,12.424,381,646,643
496,a_estrella,h2,True,24,45.508,1411,2279,2243
496,codicioso,h3,True,28,2.993,56,102,102
496,a_estrella,h3,True,24,39.871,842,1399,1383
496,codicioso,h4,True,40,4.858,81,145,145
496,a_estrella,h4,True,24,26.806,497,836,831
496,codicioso,h5,True,24,1.151,27,51,51
496,a_estrella,h5,True,24,3.733,103,190,190
496,codicioso,h6_w0.3,True,46,4.797,146,251,249
496,a_estrella,h6_w0.3,True,24,244.548,5899,9646,9368
496,codicioso,h6_w0.6,True,72,16.154,400,681,675
496,a_estrella,h6_w0.6,True,24,173.061,2632,4267,4164
496,codicioso,h6_w1.0,True,54,22.418,381,646,643
496,a_estrella,h6_w1.0,True,24,92.136,1411,2279,2243
497,codicioso,h1,True,32,7.796,175,294,291
497,a_estrella,h1,True,16,37.741,808,1368,1336
497,codicioso,h2,True,40,17.569,337,589,582
497,a_estrella,h2,True,16,14.951,260,434,428
497,codicioso,h3,True,28,4.757,47,88,88
497,a_estrella,h3,True,16,15.455,185,310,309
497,codicioso,h4,True,28,4.204,47,88,88
497,a_estrella,h4,True,16,13.849,169,285,284
497,codicioso,h5,True,16,0.929,17,32,32
497,a_estrella,h5,True,16,1.056,20,36,36
497,codicioso,h6_w0.3,True,38,11.669,224,388,379
497,a_estrella,h6_w0.3,True,16,20.623,435,731,717
497,codicioso,h6_w0.6,True,56,22.466,449,770,759
497,a_estrella,h6_w0.6,True,16,15.862,296,496,488
497,codicioso,h6_w1.0,True,40,13.825,337,589,582
497,a_estrella,h6_w1.0,True,16,13.541,260,434,428
498,codicioso,h1,True,42,10.922,255,430,421
498,a_estrella,h1,True,22,571.412,9961,16274,15666
498,codicioso,h2,True,42,5.691,119,199,197
498,a_estrella,h2,True,22,60.674,1364,2222,2185
498,codicioso,h3,True,24,2.375,43,79,79
498,a_estrella,h3,True,22,52.209,849,1402,1374
498,codicioso,h4,True,24,3.592,43,79,79
498,a_estrella,h4,True,22,51.792,694,1145,1121
498,codicioso,h5,True,22,1.928,27,51,51
498,a_estrella,h5,True,22,6.131,118,209,208
498,codicioso,h6_w0.3,True,42,7.24,137,239,234
498,a_estrella,h6_w0.3,True,22,242.355,4072,6651,6444
498,codicioso,h6_w0.6,True,42,6.009,103,178,177
498,a_estrella,h6_w0.6,True,22,128.518,2095,3423,3333
498,codicioso,h6_w1.0,True,42,6.004,119,199,197
498,a_estrella,h6_w1.0,True,22,70.471,1364,2222,2185
499,codicioso,h1,True,67,40.517,780,1317,1295
499,a_estrella,h1,True,25,1720.858,29040,46426,43763
499,codicioso,h2,True,59,16.406,294,496,493
499,a_estrella,h2,True,25,231.685,3565,5706,5569
499,codicioso,h3,True,29,4.999,56,100,100
499,a_estrella,h3,True,25,201.273,2167,3490,3411
499,codicioso,h4,True,29,3.674,51,92,92
499,a_estrella,h4,True,25,307.75,1659,2690,2632
499,codicioso,h5,True,35,7.346,63,114,114
499,a_estrella,h5,True,25,56.765,405,710,702
499,codicioso,h6_w0.3,True,79,59.234,453,772,766
499,a_estrella,h6_w0.3,True,25,1562.701,11896,19224,18425
499,codicioso,h6_w0.6,True,79,165.984,394,680,677
499,a_estrella,h6_w0.6,True,25,1913.311,6011,9675,9330
499,codicioso,h6_w1.0,True,59,28.792,294,496,493
499,a_estrella,h6_w1.0,True,25,378.974,3565,5706,5569
500,codicioso,h1,True,34,7.294,212,357,349
500,a_estrella,h1,True,22,712.382,8036,13381,12943
500,codicioso,h2,True,34,28.594,233,411,409
500,a_estrella,h2,True,22,133.252,1120,1814,1774
500,codicioso,h3,True,22,46.241,56,98,98
500,a_estrella,h3,True,22,155.235,743,1214,1189
500,codicioso,h4,True,22,9.802,56,98,98
500,a_estrella,h4,True,22,110.834,720,1175,1150
500,codicioso,h5,True,34,5.712,81,137,136
500,a_estrella,h5,True,22,11.532,187,322,317
500,codicioso,h6_w0.3,True,34,7.302,136,233,231
500,a_estrella,h6_w0.3,True,22,400.997,3217,5310,5158
500,codicioso,h6_w0.6,True,58,35.644,377,642,636
500,a_estrella,h6_w0.6,True,22,185.264,1695,2784,2709
500,codicioso,h6_w1.0,True,34,34.171,233,411,409
500,a_estrella,h6_w1.0,True,22,185.458,1120,1814,1774
501,codicioso,h1,True,63,98.607,857,1429,1394
501,a_estrella,h1,True,23,1492.954,12004,19638,18887
501,codicioso,h2,True,73,85.737,659,1138,1123
501,a_estrella,h2,True,23,43.16,358,582,571
501,codicioso,h3,True,37,15.68,81,144,144
501,a_estrella,h3,True,23,31.827,220,371,367
501,codicioso,h4,True,37,29.789,80,143,143
501,a_estrella,h4,True,23,25.427,126,215,212
501,codicioso,h5,True,23,2.537,25,48,48
501,a_estrella,h5,True,23,3.721,25,48,48
501,codicioso,h6_w0.3,True,53,23.864,169,289,287
501,a_estrella,h6_w0.3,True,23,367.43,3361,5508,5360
501,codicioso,h6_w0.6,True,85,51.204,474,813,802
501,a_estrella,h6_w0.6,True,23,98.752,1156,1862,1819
501,codicioso,h6_w1.0,True,73,61.76,659,1138,1123
501,a_estrella,h6_w1.0,True,23,49.621,358,582,571
502,codicioso,h1,True,28,9.31,175,305,299
502,a_estrella,h1,True,22,1036.722,9173,15047,14535
502,codicioso,h2,True,46,11.365,133,227,226
502,a_estrella,h2,True,22,64.14,631,1020,1006
502,codicioso,h3,True,32,6.28,48,89,89
502,a_estrella,h3,True,22,61.533,353,568,558
502,codicioso,h4,True,32,9.309,48,89,89
502,a_estrella,h4,True,22,40.875,241,389,383
502,codicioso,h5,True,24,1.947,26,50,50
502,a_estrella,h5,True,22,4.517,51,96,94
502,codicioso,h6_w0.3,True,38,19.171,184,316,313
502,a_estrella,h6_w0.3,True,22,374.971,3021,4948,4816
502,codicioso,h6_w0.6,True,46,12.19,124,218,217
502,a_estrella,h6_w0.6,True,22,202.585,1287,2115,2073
502,codicioso,h6_w1.0,True,46,15.079,133,227,226
502,a_estrella,h6_w1.0,True,22,80.326,631,1020,1006
503,codicioso,h1,True,51,129.495,1093,1862,1819
503,a_estrella,h1,True,27,7039.201,57280,88891,81564
503,codicioso,h2,True,53,48.574,522,904,894
503,a_estrella,h2,True,27,651.989,5915,9433,9239
503,codicioso,h3,True,37,10.996,51,90,90
503,a_estrella,h3,True,27,556.918,3454,5575,5468
503,codicioso,h4,True,49,19.739,137,236,235
503,a_estrella,h4,True,27,454.398,2785,4493,4418
503,codicioso,h5,True,45,8.812,98,167,166
503,a_estrella,h5,True,27,55.179,461,814,808
503,codicioso,h6_w0.3,True,53,58.851,519,889,878
503,a_estrella,h6_w0.3,True,27,3057.96,24406,38918,36952
503,codicioso,h6_w0.6,True,53,39.223,402,690,685
503,a_estrella,h6_w0.6,True,27,1338.741,11589,18411,17685
503,codicioso,h6_w1.0,True,53,53.589,522,904,894
503,a_estrella,h6_w1.0,True,27,632.279,5915,9433,9239
504,codicioso,h1,True,66,112.519,1199,2007,1953
504,a_estrella,h1,True,28,8416.576,80785,122116,109206
504,codicioso,h2,True,54,35.421,413,711,707
504,a_estrella,h2,True,28,1354.173,14949,23420,22564
504,codicioso,h3,True,34,11.078,113,187,185
504,a_estrella,h3,True,28,1109.448,8405,13388,13023
504,codicioso,h4,True,32,16.605,97,164,163
504,a_estrella,h4,True,28,1077.9,7154,11391,11075
504,codicioso,h5,True,32,5.397,75,131,130
504,a_estrella,h5,True,28,97.861,1220,2108,2080
504,codicioso,h6_w0.3,True,66,68.758,657,1103,1080
504,a_estrella,h6_w0.3,True,28,5125.329,41892,64932,60035
504,codicioso,h6_w0.6,True,54,51.755,419,708,695
504,a_estrella,h6_w0.6,True,28,2690.262,24145,37699,35460
504,codicioso,h6_w1.0,True,54,34.731,413,711,707
504,a_estrella,h6_w1.0,True,28,1759.402,14949,23420,22564
505,codicioso,h1,True,56,112.59,1155,1940,1897
505,a_estrella,h1,True,20,376.794,3364,5622,5474
505,codicioso,h2,True,42,63.453,488,846,835
505,a_estrella,h2,True,20,48.307,496,815,801
505,codicioso,h3,True,30,8.329,79,137,137
505,a_estrella,h3,True,20,42.192,232,385,381
505,codicioso,h4,True,30,17.946,73,127,127
505,a_estrella,h4,True,20,36.151,187,317,314
505,codicioso,h5,True,44,6.416,67,124,124
505,a_estrella,h5,True,20,7.93,36,67,66
505,codicioso,h6_w0.3,True,70,38.306,427,727,722
505,a_estrella,h6_w0.3,True,20,153.311,1397,2312,2264
505,codicioso,h6_w0.6,True,40,31.095,379,650,645
505,a_estrella,h6_w0.6,True,20,53.651,748,1228,1205
505,codicioso,h6_w1.0,True,42,33.362,488,846,835
505,a_estrella,h6_w1.0,True,20,41.873,496,815,801
506,codicioso,h1,True,50,33.483,542,927,913
506,a_estrella,h1,True,22,638.731,7653,12670,12288
506,codicioso,h2,True,40,13.889,373,644,641
506,a_estrella,h2,True,22,23.321,663,1078,1062
506,codicioso,h3,True,28,5.292,99,172,172
506,a_estrella,h3,True,22,27.937,456,746,737
506,codicioso,h4,True,30,5.869,62,109,109
506,a_estrella,h4,True,22,37.066,383,630,622
506,codicioso,h5,True,24,3.239,52,91,91
506,a_estrella,h5,True,22,3.76,64,115,113
506,codicioso,h6_w0.3,True,90,39.168,598,1014,1000
506,a_estrella,h6_w0.3,True,22,342.14,2676,4404,4299
506,codicioso,h6_w0.6,True,48,30.719,303,523,520
506,a_estrella,h6_w0.6,True,22,91.302,1213,1985,1939
506,codicioso,h6_w1.0,True,40,18.329,373,644,641
506,a_estrella,h6_w1.0,True,22,49.645,663,1078,1062
507,codicioso,h1,True,44,55.593,938,1590,1563
507,a_estrella,h1,True,20,233.495,3228,5412,5276
507,codicioso,h2,True,56,24.406,366,635,628
507,a_estrella,h2,True,20,25.225,349,570,561
507,codicioso,h3,True,40,15.439,115,199,199
507,a_estrella,h3,True,20,29.405,233,389,385
507,codicioso,h4,True,40,10.752,114,197,197
507,a_estrella,h4,True,20,26.31,194,325,321
507,codicioso,h5,True,28,2.671,43,77,77
507,a_estrella,h5,True,20,3.434,69,121,119
507,codicioso,h6_w0.3,True,68,37.453,440,751,745
507,a_estrella,h6_w0.3,True,20,98.851,1175,1948,1899
507,codicioso,h6_w0.6,True,68,26.83,365,632,629
507,a_estrella,h6_w0.6,True,20,43.408,571,936,911
507,codicioso,h6_w1.0,True,56,23.115,366,635,628
507,a_estrella,h6_w1.0,True,20,22.375,349,570,561
508,codicioso,h1,True,39,49.182,830,1417,1378
508,a_estrella,h1,True,19,172.289,2440,4068,3968
508,codicioso,h2,True,25,3.798,72,128,127
508,a_estrella,h2,True,19,26.867,383,619,606
508,codicioso,h3,True,37,13.642,96,166,165
508,a_estrella,h3,True,19,23.053,276,452,448
508,codicioso,h4,True,27,7.118,60,105,105
508,a_estrella,h4,True,19,24.476,228,374,370
508,codicioso,h5,True,19,1.143,22,43,43
508,a_estrella,h5,True,19,2.603,60,108,108
508,codicioso,h6_w0.3,True,25,16.917,164,281,274
508,a_estrella,h6_w0.3,True,19,105.059,1035,1713,1675
508,codicioso,h6_w0.6,True,25,10.173,108,190,187
508,a_estrella,h6_w0.6,True,19,41.227,569,925,906
508,codicioso,h6_w1.0,True,25,4.003,72,128,127
508,a_estrella,h6_w1.0,True,19,24.589,383,619,606
509,codicioso,h1,True,29,22.79,311,519,510
509,a_estrella,h1,True,17,70.067,920,1558,1521
509,codicioso,h2,True,35,8.629,113,192,190
509,a_estrella,h2,True,17,10.209,115,194,193
509,codicioso,h3,True,27,6.086,53,96,96
509,a_estrella,h3,True,17,4.621,68,117,116
509,codicioso,h4,True,33,5.277,59,108,108
509,a_estrella,h4,True,17,7.191,68,117,116
509,codicioso,h5,True,17,1.406,18,34,34
509,a_estrella,h5,True,17,2.481,24,45,45
509,codicioso,h6_w0.3,True,69,37.778,502,848,836
509,a_estrella,h6_w0.3,True,17,23.665,384,646,633
509,codicioso,h6_w0.6,True,69,28.045,352,592,589
509,a_estrella,h6_w0.6,True,17,8.083,194,330,328
509,codicioso,h6_w1.0,True,35,10.4,113,192,190
509,a_estrella,h6_w1.0,True,17,6.851,115,194,193
510,codicioso,h1,True,43,37.135,506,851,832
510,a_estrella,h1,True,25,2736.513,27544,43954,41509
510,codicioso,h2,True,61,30.756,289,512,509
510,a_estrella,h2,True,25,114.51,1301,2087,2057
510,codicioso,h3,True,41,9.595,81,139,139
510,a_estrella,h3,True,25,91.402,818,1307,1285
510,codicioso,h4,True,39,7.297,66,119,119
510,a_estrella,h4,True,25,57.748,438,706,699
510,codicioso,h5,True,37,2.657,45,83,83
510,a_estrella,h5,True,25,13.832,133,235,231
510,codicioso,h6_w0.3,True,67,46.221,554,944,937
510,a_estrella,h6_w0.3,True,25,974.35,9374,15177,14663
510,codicioso,h6_w0.6,True,61,28.945,289,485,480
510,a_estrella,h6_w0.6,True,25,355.337,3695,5955,5795
510,codicioso,h6_w1.0,True,61,28.229,289,512,509
510,a_estrella,h6_w1.0,True,25,109.013,1301,2087,2057
511,codicioso,h1,True,52,40.366,543,902,883
511,a_estrella,h1,True,22,780.601,8713,14318,13822
511,codicioso,h2,True,44,25.825,262,463,460
511,a_estrella,h2,True,22,161.739,1768,2902,2845
511,codicioso,h3,True,24,10.62,63,109,108
511,a_estrella,h3,True,22,130.489,855,1373,1353
511,codicioso,h4,True,24,10.763,61,106,105
511,a_estrella,h4,True,22,106.844,712,1151,1137
511,codicioso,h5,True,30,5.923,57,106,106
511,a_estrella,h5,True,22,20.766,157,275,275
511,codicioso,h6_w0.3,True,44,53.217,237,398,393
511,a_estrella,h6_w0.3,True,22,376.187,4078,6675,6479
511,codicioso,h6_w0.6,True,44,20.31,228,384,379
511,a_estrella,h6_w0.6,True,22,193.143,2332,3810,3706
511,codicioso,h6_w1.0,True,44,20.565,262,463,460
511,a_estrella,h6_w1.0,True,22,179.285,1768,2902,2845
512,codicioso,h1,True,62,173.994,2241,3790,3709
512,a_estrella,h1,True,24,1598.012,17601,28668,27358
512,codicioso,h2,True,46,5.629,150,253,252
512,a_estrella,h2,True,24,162.438,1704,2759,2701
512,codicioso,h3,True,32,6.523,58,105,105
512,a_estrella,h3,True,24,151.844,1039,1712,1679
512,codicioso,h4,True,32,13.319,58,105,105
512,a_estrella,h4,True,24,112.089,742,1214,1190
512,codicioso,h5,True,30,14.404,76,131,130
512,a_estrella,h5,True,24,44.777,280,477,474
512,codicioso,h6_w0.3,True,62,53.469,472,791,781
512,a_estrella,h6_w0.3,True,24,713.217,6448,10572,10225
512,codicioso,h6_w0.6,True,62,42.008,367,629,624
512,a_estrella,h6_w0.6,True,24,356.586,2992,4893,4756
512,codicioso,h6_w1.0,True,46,14.604,150,253,252
512,a_estrella,h6_w1.0,True,24,152.636,1704,2759,2701
513,codicioso,h1,True,41,21.921,278,468,457
513,a_estrella,h1,True,23,1268.821,12680,20748,19939
513,codicioso,h2,True,43,30.414,332,573,567
513,a_estrella,h2,True,23,61.263,802,1286,1266
513,codicioso,h3,True,25,4.58,55,95,95
513,a_estrella,h3,True,23,43.828,507,828,818
513,codicioso,h4,True,25,5.1,56,97,97
513,a_estrella,h4,True,23,45.486,365,593,584
513,codicioso,h5,True,35,2.253,46,82,82
513,a_estrella,h5,True,23,3.623,63,115,115
513,codicioso,h6_w0.3,True,41,9.549,146,251,249
513,a_estrella,h6_w0.3,True,23,373.003,4174,6885,6696
513,codicioso,h6_w0.6,True,67,28.332,394,670,664
513,a_estrella,h6_w0.6,True,23,144.727,1769,2890,2819
513,codicioso,h6_w1.0,True,43,18.37,332,573,567
513,a_estrella,h6_w1.0,True,23,64.206,802,1286,1266
514,codicioso,h1,True,43,65.033,982,1665,1624
514,a_estrella,h1,True,25,2269.648,28914,46169,43503
514,codicioso,h2,True,57,22.855,374,644,637
514,a_estrella,h2,True,25,193.0,3118,5009,4897
514,codicioso,h3,True,35,7.935,59,107,107
514,a_estrella,h3,True,25,181.716,1800,2903,2848
514,codicioso,h4,True,33,3.913,63,111,111
514,a_estrella,h4,True,25,128.842,1368,2225,2186
514,codicioso,h5,True,27,3.81,32,61,61
514,a_estrella,h5,True,25,21.071,265,479,475
514,codicioso,h6_w0.3,True,69,32.514,457,780,774
514,a_estrella,h6_w0.3,True,25,1180.903,11604,18773,18014
514,codicioso,h6_w0.6,True,69,38.529,375,647,644
514,a_estrella,h6_w0.6,True,25,557.802,5605,9059,8759
514,codicioso,h6_w1.0,True,57,43.672,374,644,637
514,a_estrella,h6_w1.0,True,25,339.146,3118,5009,4897
515,codicioso,h1,True,63,224.977,2345,3960,3872
515,a_estrella,h1,True,21,485.803,5683,9377,9078
515,codicioso,h2,True,41,13.356,141,239,238
515,a_estrella,h2,True,21,62.013,717,1166,1143
515,codicioso,h3,True,21,2.21,34,60,60
515,a_estrella,h3,True,21,29.668,360,596,590
515,codicioso,h4,True,21,2.76,34,60,60
515,a_estrella,h4,True,21,38.322,296,490,485
515,codicioso,h5,True,29,3.19,43,80,80
515,a_estrella,h5,True,21,5.994,60,108,108
515,codicioso,h6_w0.3,True,67,34.298,472,793,783
515,a_estrella,h6_w0.3,True,21,196.953,2215,3658,3574
515,codicioso,h6_w0.6,True,57,17.521,150,256,254
515,a_estrella,h6_w0.6,True,21,63.057,1091,1804,1764
515,codicioso,h6_w1.0,True,41,6.999,141,239,238
515,a_estrella,h6_w1.0,True,21,48.529,717,1166,1143
516,codicioso,h1,True,53,68.776,635,1068,1042
516,a_estrella,h1,True,25,3913.03,29601,47223,44481
516,codicioso,h2,True,51,33.91,297,504,501
516,a_estrella,h2,True,25,448.098,3669,5906,5770
516,codicioso,h3,True,35,9.187,70,117,117
516,a_estrella,h3,True,25,271.613,1552,2490,2452
516,codicioso,h4,True,35,7.6,71,118,118
516,a_estrella,h4,True,25,254.948,1104,1787,1766
516,codicioso,h5,True,25,2.584,34,65,65
516,a_estrella,h5,True,25,73.028,317,572,568
516,codicioso,h6_w0.3,True,61,81.474,359,599,592
516,a_estrella,h6_w0.3,True,25,1569.433,12504,20162,19320
516,codicioso,h6_w0.6,True,61,62.45,352,592,587
516,a_estrella,h6_w0.6,True,25,848.717,6315,10191,9858
516,codicioso,h6_w1.0,True,51,33.059,297,504,501
516,a_estrella,h6_w1.0,True,25,631.599,3669,5906,5770
517,codicioso,h1,True,44,50.127,674,1128,1106
517,a_estrella,h1,True,22,1122.501,9514,15608,15057
517,codicioso,h2,True,44,28.102,358,614,608
517,a_estrella,h2,True,22,114.203,1079,1760,1732
517,codicioso,h3,True,38,15.605,121,206,206
517,a_estrella,h3,True,22,98.512,637,1051,1035
517,codicioso,h4,True,38,27.449,119,203,203
517,a_estrella,h4,True,22,60.593,462,762,750
517,codicioso,h5,True,26,2.264,34,59,59
517,a_estrella,h5,True,22,6.829,108,190,190
517,codicioso,h6_w0.3,True,74,29.508,417,706,701
517,a_estrella,h6_w0.3,True,22,420.757,3536,5799,5658
517,codicioso,h6_w0.6,True,56,32.868,330,558,555
517,a_estrella,h6_w0.6,True,22,194.441,1705,2795,2722
517,codicioso,h6_w1.0,True,44,56.71,358,614,608
517,a_estrella,h6_w1.0,True,22,123.274,1079,1760,1732
518,codicioso,h1,True,55,41.982,579,979,958
518,a_estrella,h1,True,19,234.325,2328,3909,3817
518,codicioso,h2,True,33,5.857,98,172,171
518,a_estrella,h2,True,19,17.917,265,432,428
518,codicioso,h3,True,39,17.86,84,147,147
518,a_estrella,h3,True,19,26.27,117,198,197
518,codicioso,h4,True,39,7.029,83,145,145
518,a_estrella,h4,True,19,17.698,97,164,163
518,codicioso,h5,True,19,1.624,20,39,39
518,a_estrella,h5,True,19,5.221,40,72,71
518,codicioso,h6_w0.3,True,67,36.507,361,603,596
518,a_estrella,h6_w0.3,True,19,90.819,897,1488,1456
518,codicioso,h6_w0.6,True,33,15.735,144,249,245
518,a_estrella,h6_w0.6,True,19,47.858,458,759,747
518,codicioso,h6_w1.0,True,33,10.111,98,172,171
518,a_estrella,h6_w1.0,True,19,23.338,265,432,428
519,codicioso,h1,True,56,79.089,842,1423,1391
519,a_estrella,h1,True,26,4378.379,37830,60014,56173
519,codicioso,h2,True,66,43.92,398,691,684
519,a_estrella,h2,True,26,421.888,3394,5412,5299
519,codicioso,h3,True,48,13.867,107,188,188
519,a_estrella,h3,True,26,252.121,1872,3044,2999
519,codicioso,h4,True,48,16.446,107,188,188
519,a_estrella,h4,True,26,282.194,1397,2274,2241
519,codicioso,h5,True,32,5.089,40,75,75
519,a_estrella,h5,True,26,33.378,232,410,405
519,codicioso,h6_w0.3,True,76,52.356,550,935,923
519,a_estrella,h6_w0.3,True,26,1744.984,14402,23260,22354
519,codicioso,h6_w0.6,True,76,47.685,441,748,743
519,a_estrella,h6_w0.6,True,26,856.572,6593,10606,10270
519,codicioso,h6_w1.0,True,66,40.239,398,691,684
519,a_estrella,h6_w1.0,True,26,336.681,3394,5412,5299
520,codicioso,h1,True,38,77.872,1077,1799,1747
520,a_estrella,h1,True,14,15.289,260,447,440
520,codicioso,h2,True,38,33.123,491,847,835
520,a_estrella,h2,True,14,7.722,108,180,178
520,codicioso,h3,True,14,7.593,80,135,134
520,a_estrella,h3,True,14,7.412,76,127,125
520,codicioso,h4,True,14,11.739,80,135,134
520,a_estrella,h4,True,14,7.567,76,127,125
520,codicioso,h5,True,14,0.908,15,27,27
520,a_estrella,h5,True,14,0.688,15,27,27
520,codicioso,h6_w0.3,True,38,24.886,383,646,639
520,a_estrella,h6_w0.3,True,14,17.331,161,269,265
520,codicioso,h6_w0.6,True,38,44.032,374,631,624
520,a_estrella,h6_w0.6,True,14,8.627,111,185,183
520,codicioso,h6_w1.0,True,38,54.404,491,847,835
520,a_estrella,h6_w1.0,True,14,6.708,108,180,178
521,codicioso,h1,True,34,10.517,211,359,351
521,a_estrella,h1,True,16,53.146,568,954,933
521,codicioso,h2,True,24,5.094,42,73,73
521,a_estrella,h2,True,16,22.113,129,219,219
521,codicioso,h3,True,24,11.787,41,71,71
521,a_estrella,h3,True,16,13.593,106,183,183
521,codicioso,h4,True,24,7.383,41,71,71
521,a_estrella,h4,True,16,15.4,105,181,181
521,codicioso,h5,True,18,2.803,29,55,55
521,a_estrella,h5,True,16,3.657,33,61,61
521,codicioso,h6_w0.3,True,32,38.459,396,670,665
521,a_estrella,h6_w0.3,True,16,42.035,264,446,438
521,codicioso,h6_w0.6,True,32,25.109,265,454,451
521,a_estrella,h6_w0.6,True,16,12.04,168,287,283
521,codicioso,h6_w1.0,True,24,1.904,42,73,73
521,a_estrella,h6_w1.0,True,16,6.496,129,219,219
522,codicioso,h1,True,46,47.585,782,1307,1277
522,a_estrella,h1,True,20,427.04,3917,6508,6321
522,codicioso,h2,True,48,13.803,158,268,267
522,a_estrella,h2,True,20,45.505,406,675,669
522,codicioso,h3,True,32,9.047,69,124,124
522,a_estrella,h3,True,20,50.406,293,483,480
522,codicioso,h4,True,32,4.868,68,122,122
522,a_estrella,h4,True,20,32.691,235,393,391
522,codicioso,h5,True,24,6.029,34,65,65
522,a_estrella,h5,True,20,10.04,72,129,129
522,codicioso,h6_w0.3,True,48,23.306,139,241,238
522,a_estrella,h6_w0.3,True,20,317.498,1441,2388,2335
522,codicioso,h6_w0.6,True,48,23.848,111,197,196
522,a_estrella,h6_w0.6,True,20,142.015,685,1126,1108
522,codicioso,h6_w1.0,True,48,16.273,158,268,267
522,a_estrella,h6_w1.0,True,20,49.458,406,675,669
523,codicioso,h1,True,56,19.169,246,429,416
523,a_estrella,h1,True,24,2234.547,21462,34652,33025
523,codicioso,h2,True,68,36.883,487,843,836
523,a_estrella,h2,True,24,85.015,1525,2446,2403
523,codicioso,h3,True,34,5.993,67,119,119
523,a_estrella,h3,True,24,75.977,895,1450,1430
523,codicioso,h4,True,34,5.994,67,119,119
523,a_estrella,h4,True,24,70.219,704,1139,1123
523,codicioso,h5,True,42,6.017,92,157,156
523,a_estrella,h5,True,24,11.328,178,302,298
523,codicioso,h6_w0.3,True,48,9.877,157,272,270
523,a_estrella,h6_w0.3,True,24,558.088,7506,12269,11891
523,codicioso,h6_w0.6,True,72,30.911,403,689,684
523,a_estrella,h6_w0.6,True,24,253.218,3209,5208,5078
523,codicioso,h6_w1.0,True,68,19.742,487,843,836
523,a_estrella,h6_w1.0,True,24,117.073,1525,2446,2403
524,codicioso,h1,True,30,9.268,130,220,215
524,a_estrella,h1,True,18,96.221,1509,2558,2499
524,codicioso,h2,True,30,5.987,91,151,149
524,a_estrella,h2,True,18,26.13,360,590,579
524,codicioso,h3,True,24,7.381,58,101,101
524,a_estrella,h3,True,18,21.323,240,400,394
524,codicioso,h4,True,24,6.803,58,101,101
524,a_estrella,h4,True,18,19.448,225,375,369
524,codicioso,h5,True,24,1.623,35,65,65
524,a_estrella,h5,True,18,5.262,79,140,140
524,codicioso,h6_w0.3,True,30,4.986,82,142,140
524,a_estrella,h6_w0.3,True,18,46.095,736,1212,1184
524,codicioso,h6_w0.6,True,30,5.269,75,130,129
524,a_estrella,h6_w0.6,True,18,35.141,453,748,729
524,codicioso,h6_w1.0,True,30,4.436,91,151,149
524,a_estrella,h6_w1.0,True,18,25.857,360,590,579
525,codicioso,h1,True,43,96.322,1708,2873,2810
525,a_estrella,h1,True,19,121.938,2407,4030,3943
525,codicioso,h2,True,27,1.858,56,99,98
525,a_estrella,h2,True,19,30.395,461,755,740
525,codicioso,h3,True,33,4.958,55,101,101
525,a_estrella,h3,True,19,22.14,243,403,398
525,codicioso,h4,True,33,5.511,53,98,98
525,a_estrella,h4,True,19,17.685,219,358,354
525,codicioso,h5,True,19,3.083,24,42,42
525,a_estrella,h5,True,19,4.499,62,105,104
525,codicioso,h6_w0.3,True,55,29.755,541,928,917
525,a_estrella,h6_w0.3,True,19,62.451,1043,1728,1688
525,codicioso,h6_w0.6,True,55,13.795,393,678,673
525,a_estrella,h6_w0.6,True,19,26.84,608,983,957
525,codicioso,h6_w1.0,True,27,2.734,56,99,98
525,a_estrella,h6_w1.0,True,19,35.831,461,755,740
526,codicioso,h1,True,67,28.359,735,1234,1206
526,a_estrella,h1,True,27,5371.356,56754,88065,80893
526,codicioso,h2,True,35,14.771,204,346,344
526,a_estrella,h2,True,27,347.455,4534,7230,7096
526,codicioso,h3,True,31,3.722,58,101,101
526,a_estrella,h3,True,27,309.338,2470,3943,3885
526,codicioso,h4,True,55,17.797,144,247,246
526,a_estrella,h4,True,27,209.512,1398,2246,2224
526,codicioso,h5,True,37,7.622,86,148,147
526,a_estrella,h5,True,27,47.666,437,764,758
526,codicioso,h6_w0.3,True,43,33.384,285,479,474
526,a_estrella,h6_w0.3,True,27,2387.767,23008,36660,34930
526,codicioso,h6_w0.6,True,43,29.465,279,471,466
526,a_estrella,h6_w0.6,True,27,1093.569,9976,16024,15479
526,codicioso,h6_w1.0,True,35,10.952,204,346,344
526,a_estrella,h6_w1.0,True,27,481.613,4534,7230,7096
527,codicioso,h1,True,76,117.529,1701,2830,2767
527,a_estrella,h1,True,26,3076.324,38378,60675,56599
527,codicioso,h2,True,50,36.653,393,684,678
527,a_estrella,h2,True,26,418.576,3950,6321,6169
527,codicioso,h3,True,46,11.698,123,207,206
527,a_estrella,h3,True,26,291.286,2174,3542,3467
527,codicioso,h4,True,40,9.772,94,158,158
527,a_estrella,h4,True,26,224.654,1863,3032,2971
527,codicioso,h5,True,50,7.762,101,174,173
527,a_estrella,h5,True,26,17.288,317,546,535
527,codicioso,h6_w0.3,True,58,44.864,427,721,709
527,a_estrella,h6_w0.3,True,26,1464.096,15769,25431,24333
527,codicioso,h6_w0.6,True,72,26.385,386,660,654
527,a_estrella,h6_w0.6,True,26,620.053,7630,12318,11893
527,codicioso,h6_w1.0,True,50,29.457,393,684,678
527,a_estrella,h6_w1.0,True,26,381.738,3950,6321,6169
528,codicioso,h1,True,54,38.353,498,844,830
528,a_estrella,h1,True,24,1395.237,18149,29447,28137
528,codicioso,h2,True,58,40.31,624,1076,1057
528,a_estrella,h2,True,24,172.816,1863,2995,2936
528,codicioso,h3,True,38,11.097,65,112,112
528,a_estrella,h3,True,24,81.413,833,1333,1309
528,codicioso,h4,True,24,5.972,77,127,127
528,a_estrella,h4,True,24,74.333,522,841,832
528,codicioso,h5,True,32,4.42,54,97,97
528,a_estrella,h5,True,24,11.116,148,260,259
528,codicioso,h6_w0.3,True,62,49.036,585,1003,992
528,a_estrella,h6_w0.3,True,24,645.875,6939,11359,11013
528,codicioso,h6_w0.6,True,64,30.914,389,665,660
528,a_estrella,h6_w0.6,True,24,228.731,3281,5308,5172
528,codicioso,h6_w1.0,True,58,62.566,624,1076,1057
528,a_estrella,h6_w1.0,True,24,189.261,1863,2995,2936
529,codicioso,h1,True,47,18.088,279,473,466
529,a_estrella,h1,True,27,6142.517,58047,89870,82294
529,codicioso,h2,True,57,26.221,288,507,504
529,a_estrella,h2,True,27,860.497,8240,13027,12627
529,codicioso,h3,True,47,10.361,88,156,156
529,a_estrella,h3,True,27,494.598,4121,6587,6441
529,codicioso,h4,True,47,11.494,87,155,155
529,a_estrella,h4,True,27,354.496,2998,4799,4695
529,codicioso,h5,True,43,8.57,96,163,162
529,a_estrella,h5,True,27,32.67,398,680,672
529,codicioso,h6_w0.3,True,39,10.155,153,260,258
529,a_estrella,h6_w0.3,True,27,2801.387,26819,42453,40035
529,codicioso,h6_w0.6,True,61,43.001,430,738,732
529,a_estrella,h6_w0.6,True,27,1406.583,14188,22558,21541
529,codicioso,h6_w1.0,True,57,26.835,288,507,504
529,a_estrella,h6_w1.0,True,27,869.508,8240,13027,12627
530,codicioso,h1,True,37,30.281,437,733,717
530,a_estrella,h1,True,19,144.622,2279,3838,3745
530,codicioso,h2,True,37,12.994,137,232,231
530,a_estrella,h2,True,19,19.869,283,467,461
530,codicioso,h3,True,33,8.197,63,113,113
530,a_estrella,h3,True,19,16.095,191,319,315
530,codicioso,h4,True,33,9.01,63,113,113
530,a_estrella,h4,True,19,27.516,175,291,287
530,codicioso,h5,True,23,2.446,28,51,51
530,a_estrella,h5,True,19,2.271,26,48,48
530,codicioso,h6_w0.3,True,51,17.003,239,411,402
530,a_estrella,h6_w0.3,True,19,52.266,874,1477,1447
530,codicioso,h6_w0.6,True,57,5.588,152,259,257
530,a_estrella,h6_w0.6,True,19,33.603,461,775,764
530,codicioso,h6_w1.0,True,37,20.639,137,232,231
530,a_estrella,h6_w1.0,True,19,23.354,283,467,461
531,codicioso,h1,True,46,77.918,938,1583,1551
531,a_estrella,h1,True,20,271.5,3127,5169,5039
531,codicioso,h2,True,44,22.926,253,425,422
531,a_estrella,h2,True,20,37.923,423,697,691
531,codicioso,h3,True,22,7.171,50,90,90
531,a_estrella,h3,True,20,22.213,207,340,339
531,codicioso,h4,True,22,3.94,50,90,90
531,a_estrella,h4,True,20,20.041,140,234,233
531,codicioso,h5,True,20,1.525,22,41,41
531,a_estrella,h5,True,20,3.219,45,83,82
531,codicioso,h6_w0.3,True,46,40.688,484,826,819
531,a_estrella,h6_w0.3,True,20,102.373,1205,2004,1965
531,codicioso,h6_w0.6,True,52,17.531,309,518,513
531,a_estrella,h6_w0.6,True,20,50.436,628,1033,1014
531,codicioso,h6_w1.0,True,44,16.1,253,425,422
531,a_estrella,h6_w1.0,True,20,17.928,423,697,691
532,codicioso,h1,True,47,8.581,296,498,489
532,a_estrella,h1,True,25,2124.888,28340,45433,42927
532,codicioso,h2,True,49,30.45,369,632,626
532,a_estrella,h2,True,25,122.657,2098,3384,3323
532,codicioso,h3,True,49,12.227,123,215,215
532,a_estrella,h3,True,25,122.865,1118,1840,1818
532,codicioso,h4,True,31,5.832,55,100,100
532,a_estrella,h4,True,25,86.309,759,1242,1229
532,codicioso,h5,True,31,2.262,45,85,85
532,a_estrella,h5,True,25,7.717,110,199,199
532,codicioso,h6_w0.3,True,57,37.806,447,758,749
532,a_estrella,h6_w0.3,True,25,832.459,10070,16341,15761
532,codicioso,h6_w0.6,True,57,27.98,336,567,564
532,a_estrella,h6_w0.6,True,25,312.715,4364,7071,6861
532,codicioso,h6_w1.0,True,49,22.845,369,632,626
532,a_estrella,h6_w1.0,True,25,134.697,2098,3384,3323
533,codicioso,h1,True,61,28.925,560,932,911
533,a_estrella,h1,True,19,117.19,2068,3451,3373
533,codicioso,h2,True,35,2.834,63,108,107
533,a_estrella,h2,True,19,10.066,209,343,342
533,codicioso,h3,True,39,4.808,65,116,116
533,a_estrella,h3,True,19,10.495,93,155,154
533,codicioso,h4,True,39,6.475,59,105,105
533,a_estrella,h4,True,19,4.509,45,77,77
533,codicioso,h5,True,19,0.984,20,37,37
533,a_estrella,h5,True,19,1.301,22,42,42
533,codicioso,h6_w0.3,True,59,18.758,309,526,514
533,a_estrella,h6_w0.3,True,19,44.2,718,1186,1162
533,codicioso,h6_w0.6,True,39,5.144,72,126,125
533,a_estrella,h6_w0.6,True,19,17.924,342,567,558
533,codicioso,h6_w1.0,True,35,5.597,63,108,107
533,a_estrella,h6_w1.0,True,19,8.405,209,343,342
534,codicioso,h1,True,47,30.275,519,879,861
534,a_estrella,h1,True,23,896.566,13076,21386,20563
534,codicioso,h2,True,51,19.342,298,514,511
534,a_estrella,h2,True,23,60.147,1051,1694,1666
534,codicioso,h3,True,39,10.719,107,184,184
534,a_estrella,h3,True,23,35.815,347,552,542
534,codicioso,h4,True,25,5.95,64,106,106
534,a_estrella,h4,True,23,18.098,206,340,340
534,codicioso,h5,True,25,2.879,36,65,65
534,a_estrella,h5,True,23,3.225,67,119,119
534,codicioso,h6_w0.3,True,77,42.629,640,1088,1073
534,a_estrella,h6_w0.3,True,23,362.136,4687,7666,7445
534,codicioso,h6_w0.6,True,63,28.158,330,556,551
534,a_estrella,h6_w0.6,True,23,180.17,2095,3440,3359
534,codicioso,h6_w1.0,True,51,21.232,298,514,511
534,a_estrella,h6_w1.0,True,23,66.399,1051,1694,1666
535,codicioso,h1,True,30,15.799,258,429,422
535,a_estrella,h1,True,22,460.386,7303,12107,11729
535,codicioso,h2,True,54,20.709,372,633,627
535,a_estrella,h2,True,22,24.218,656,1070,1054
535,codicioso,h3,True,30,5.961,52,93,93
535,a_estrella,h3,True,22,37.723,405,671,667
535,codicioso,h4,True,30,6.231,52,93,93
535,a_estrella,h4,True,22,26.247,233,402,402
535,codicioso,h5,True,44,6.521,91,156,155
535,a_estrella,h5,True,22,6.412,114,200,200
535,codicioso,h6_w0.3,True,68,34.401,509,858,846
535,a_estrella,h6_w0.3,True,22,190.133,2493,4139,4038
535,codicioso,h6_w0.6,True,68,22.597,355,594,591
535,a_estrella,h6_w0.6,True,22,94.879,1137,1879,1823
535,codicioso,h6_w1.0,True,54,28.998,372,633,627
535,a_estrella,h6_w1.0,True,22,48.775,656,1070,1054
536,codicioso,h1,True,36,31.633,566,968,944
536,a_estrella,h1,True,20,177.496,3588,6011,5851
536,codicioso,h2,True,54,25.002,373,643,635
536,a_estrella,h2,True,20,44.587,685,1121,1100
536,codicioso,h3,True,34,11.3,110,187,187
536,a_estrella,h3,True,20,37.27,415,684,674
536,codicioso,h4,True,34,10.487,109,185,185
536,a_estrella,h4,True,20,34.974,325,539,533
536,codicioso,h5,True,34,2.872,43,79,79
536,a_estrella,h5,True,20,6.69,61,108,108
536,codicioso,h6_w0.3,True,60,38.995,462,788,780
536,a_estrella,h6_w0.3,True,20,122.418,1617,2688,2624
536,codicioso,h6_w0.6,True,60,23.626,354,610,607
536,a_estrella,h6_w0.6,True,20,54.779,928,1527,1490
536,codicioso,h6_w1.0,True,54,13.708,373,643,635
536,a_estrella,h6_w1.0,True,20,51.752,685,1121,1100
537,codicioso,h1,True,56,33.636,524,873,853
537,a_estrella,h1,True,16,33.028,598,1009,990
537,codicioso,h2,True,52,30.269,520,896,886
537,a_estrella,h2,True,16,8.634,128,216,214
537,codicioso,h3,True,20,2.365,47,79,78
537,a_estrella,h3,True,16,9.497,100,171,170
537,codicioso,h4,True,20,2.912,45,76,75
537,a_estrella,h4,True,16,12.402,100,171,170
537,codicioso,h5,True,20,1.395,26,47,47
537,a_estrella,h5,True,16,1.795,31,57,56
537,codicioso,h6_w0.3,True,64,25.167,368,623,616
537,a_estrella,h6_w0.3,True,16,16.297,275,462,456
537,codicioso,h6_w0.6,True,64,18.884,348,597,592
537,a_estrella,h6_w0.6,True,16,11.729,158,269,268
537,codicioso,h6_w1.0,True,52,35.454,520,896,886
537,a_estrella,h6_w1.0,True,16,8.819,128,216,214
538,codicioso,h1,True,58,149.862,2113,3516,3416
538,a_estrella,h1,True,22,665.976,9046,14866,14349
538,codicioso,h2,True,50,21.333,374,650,644
538,a_estrella,h2,True,22,28.039,428,682,676
538,codicioso,h3,True,46,11.909,122,207,206
538,a_estrella,h3,True,22,21.564,219,363,363
538,codicioso,h4,True,40,12.311,93,158,158
538,a_estrella,h4,True,22,17.537,159,268,268
538,codicioso,h5,True,22,2.659,26,49,49
538,a_estrella,h5,True,22,3.114,36,65,65
538,codicioso,h6_w0.3,True,58,34.631,443,747,735
538,a_estrella,h6_w0.3,True,22,202.813,2783,4576,4464
538,codicioso,h6_w0.6,True,72,36.731,392,669,663
538,a_estrella,h6_w0.6,True,22,104.008,1096,1795,1757
538,codicioso,h6_w1.0,True,50,38.821,374,650,644
538,a_estrella,h6_w1.0,True,22,46.73,428,682,676
539,codicioso,h1,True,80,66.856,784,1319,1296
539,a_estrella,h1,True,22,554.774,6864,11306,10951
539,codicioso,h2,True,44,15.513,199,353,351
539,a_estrella,h2,True,22,17.111,273,442,438
539,codicioso,h3,True,36,3.915,55,93,93
539,a_estrella,h3,True,22,11.173,122,193,191
539,codicioso,h4,True,40,9.45,123,205,203
539,a_estrella,h4,True,22,19.062,160,259,258
539,codicioso,h5,True,32,3.477,42,76,76
539,a_estrella,h5,True,22,3.85,45,78,78
539,codicioso,h6_w0.3,True,68,27.614,346,577,572
539,a_estrella,h6_w0.3,True,22,153.347,1908,3092,3014
539,codicioso,h6_w0.6,True,68,25.796,326,550,545
539,a_estrella,h6_w0.6,True,22,43.837,711,1136,1112
539,codicioso,h6_w1.0,True,44,9.789,199,353,351
539,a_estrella,h6_w1.0,True,22,17.944,273,442,438
540,codicioso,h1,True,31,13.314,227,385,376
540,a_estrella,h1,True,21,359.035,5196,8621,8370
540,codicioso,h2,True,31,4.571,57,98,98
540,a_estrella,h2,True,21,29.404,409,667,662
540,codicioso,h3,True,31,4.16,48,83,83
540,a_estrella,h3,True,21,25.074,272,456,451
540,codicioso,h4,True,31,6.943,48,83,83
540,a_estrella,h4,True,21,24.807,232,391,387
540,codicioso,h5,True,21,1.815,23,43,43
540,a_estrella,h5,True,21,3.285,58,98,98
540,codicioso,h6_w0.3,True,31,5.562,84,144,143
540,a_estrella,h6_w0.3,True,21,108.662,1739,2899,2824
540,codicioso,h6_w0.6,True,31,5.669,61,103,102
540,a_estrella,h6_w0.6,True,21,56.748,793,1306,1270
540,codicioso,h6_w1.0,True,31,4.113,57,98,98
540,a_estrella,h6_w1.0,True,21,27.424,409,667,662
541,codicioso,h1,True,55,43.542,830,1387,1354
541,a_estrella,h1,True,27,4837.958,56279,87341,80275
541,codicioso,h2,True,43,4.543,82,139,138
541,a_estrella,h2,True,27,302.832,4608,7293,7163
541,codicioso,h3,True,45,9.591,93,161,161
541,a_estrella,h3,True,27,228.589,2464,3915,3850
541,codicioso,h4,True,33,6.157,67,114,114
541,a_estrella,h4,True,27,196.026,2040,3264,3217
541,codicioso,h5,True,29,3.433,33,61,61
541,a_estrella,h5,True,27,8.016,148,275,272
541,codicioso,h6_w0.3,True,73,46.895,626,1070,1058
541,a_estrella,h6_w0.3,True,27,2161.477,22762,36284,34536
541,codicioso,h6_w0.6,True,49,6.631,115,202,200
541,a_estrella,h6_w0.6,True,27,861.516,10081,16070,15475
541,codicioso,h6_w1.0,True,43,3.075,82,139,138
541,a_estrella,h6_w1.0,True,27,384.991,4608,7293,7163
542,codicioso,h1,True,60,65.949,1060,1800,1757
542,a_estrella,h1,True,24,1596.067,21586,34841,33141
542,codicioso,h2,True,40,35.428,470,814,803
542,a_estrella,h2,True,24,148.516,2082,3377,3316
542,codicioso,h3,True,32,9.401,69,121,121
542,a_estrella,h3,True,24,122.97,1291,2124,2089
542,codicioso,h4,True,32,6.293,69,121,121
542,a_estrella,h4,True,24,124.947,1177,1928,1893
542,codicioso,h5,True,24,2.471,30,55,55
542,a_estrella,h5,True,24,19.619,232,404,402
542,codicioso,h6_w0.3,True,40,29.021,470,801,794
542,a_estrella,h6_w0.3,True,24,674.015,8075,13173,12727
542,codicioso,h6_w0.6,True,40,25.778,344,594,589
542,a_estrella,h6_w0.6,True,24,266.556,3787,6146,5960
542,codicioso,h6_w1.0,True,40,29.505,470,814,803
542,a_estrella,h6_w1.0,True,24,122.213,2082,3377,3316
543,codicioso,h1,True,56,69.588,1198,2002,1941
543,a_estrella,h1,True,20,224.685,3778,6320,6156
543,codicioso,h2,True,26,1.981,49,89,89
543,a_estrella,h2,True,20,8.248,207,340,335
543,codicioso,h3,True,26,1.971,30,57,57
543,a_estrella,h3,True,20,11.407,132,219,217
543,codicioso,h4,True,26,2.428,29,55,55
543,a_estrella,h4,True,20,13.32,121,201,199
543,codicioso,h5,True,20,3.434,21,38,38
543,a_estrella,h5,True,20,1.93,30,55,55
543,codicioso,h6_w0.3,True,40,11.719,157,269,266
543,a_estrella,h6_w0.3,True,20,84.077,1157,1922,1874
543,codicioso,h6_w0.6,True,46,8.848,120,212,211
543,a_estrella,h6_w0.6,True,20,26.499,504,823,806
543,codicioso,h6_w1.0,True,26,2.653,49,89,89
543,a_estrella,h6_w1.0,True,20,12.519,207,340,335
544,codicioso,h1,True,43,17.218,306,521,508
544,a_estrella,h1,True,25,2303.488,29758,47249,44310
544,codicioso,h2,True,55,10.199,150,253,251
544,a_estrella,h2,True,25,393.334,4438,7090,6902
544,codicioso,h3,True,37,12.008,103,174,173
544,a_estrella,h3,True,25,293.103,2474,3975,3883
544,codicioso,h4,True,37,9.002,101,171,170
544,a_estrella,h4,True,25,202.637,1954,3146,3074
544,codicioso,h5,True,31,2.191,42,78,78
544,a_estrella,h5,True,25,34.159,427,740,737
544,codicioso,h6_w0.3,True,55,12.998,158,274,269
544,a_estrella,h6_w0.3,True,25,1051.199,13091,21104,20188
544,codicioso,h6_w0.6,True,55,5.466,119,204,203
544,a_estrella,h6_w0.6,True,25,586.64,6995,11287,10891
544,codicioso,h6_w1.0,True,55,8.954,150,253,251
544,a_estrella,h6_w1.0,True,25,415.81,4438,7090,6902
545,codicioso,h1,True,51,31.574,451,754,736
545,a_estrella,h1,True,17,59.158,1039,1738,1701
545,codicioso,h2,True,35,10.355,189,338,336
545,a_estrella,h2,True,17,21.149,311,522,517
545,codicioso,h3,True,23,4.095,43,75,75
545,a_estrella,h3,True,17,22.158,183,303,301
545,codicioso,h4,True,23,4.62,42,73,73
545,a_estrella,h4,True,17,17.994,164,272,270
545,codicioso,h5,True,23,5.345,43,73,73
545,a_estrella,h5,True,17,3.74,44,81,81
545,codicioso,h6_w0.3,True,51,23.683,308,525,520
545,a_estrella,h6_w0.3,True,17,38.479,553,921,899
545,codicioso,h6_w0.6,True,51,21.473,312,535,530
545,a_estrella,h6_w0.6,True,17,23.177,357,596,587
545,codicioso,h6_w1.0,True,35,12.529,189,338,336
545,a_estrella,h6_w1.0,True,17,22.035,311,522,517
546,codicioso,h1,True,65,89.44,1517,2533,2479
546,a_estrella,h1,True,25,2358.46,28149,44793,42148
546,codicioso,h2,True,51,28.036,373,642,638
546,a_estrella,h2,True,25,200.929,2400,3859,3775
546,codicioso,h3,True,43,10.315,124,217,217
546,a_estrella,h3,True,25,173.49,1625,2627,2582
546,codicioso,h4,True,51,13.435,99,173,173
546,a_estrella,h4,True,25,128.796,1081,1768,1747
546,codicioso,h5,True,47,7.865,100,174,174
546,a_estrella,h5,True,25,24.849,299,505,499
546,codicioso,h6_w0.3,True,47,32.536,439,739,731
546,a_estrella,h6_w0.3,True,25,1054.857,10818,17454,16782
546,codicioso,h6_w0.6,True,47,26.553,323,550,547
546,a_estrella,h6_w0.6,True,25,373.044,4911,7898,7639
546,codicioso,h6_w1.0,True,51,16.007,373,642,638
546,a_estrella,h6_w1.0,True,25,175.661,2400,3859,3775
547,codicioso,h1,True,56,125.165,2298,3880,3794
547,a_estrella,h1,True,24,1295.863,17632,28596,27267
547,codicioso,h2,True,40,15.928,225,404,402
547,a_estrella,h2,True,24,139.802,1841,2983,2914
547,codicioso,h3,True,32,6.172,68,123,123
547,a_estrella,h3,True,24,77.109,1002,1614,1589
547,codicioso,h4,True,42,6.836,73,129,129
547,a_estrella,h4,True,24,87.735,843,1362,1340
547,codicioso,h5,True,44,9.914,93,159,158
547,a_estrella,h5,True,24,10.844,154,262,259
547,codicioso,h6_w0.3,True,60,31.225,465,781,771
547,a_estrella,h6_w0.3,True,24,537.261,6767,11050,10679
547,codicioso,h6_w0.6,True,60,14.697,362,622,617
547,a_estrella,h6_w0.6,True,24,212.417,3170,5147,4995
547,codicioso,h6_w1.0,True,40,17.319,225,404,402
547,a_estrella,h6_w1.0,True,24,148.688,1841,2983,2914
548,codicioso,h1,True,46,15.899,497,817,801
548,a_estrella,h1,True,24,1276.37,17074,27834,26658
548,codicioso,h2,True,68,10.297,153,273,272
548,a_estrella,h2,True,24,39.029,643,1037,1022
548,codicioso,h3,True,34,5.235,55,98,98
548,a_estrella,h3,True,24,32.875,352,573,561
548,codicioso,h4,True,52,17.805,141,241,240
548,a_estrella,h4,True,24,27.333,254,428,423
548,codicioso,h5,True,32,3.866,59,101,101
548,a_estrella,h5,True,24,4.805,64,121,121
548,codicioso,h6_w0.3,True,68,14.808,245,412,408
548,a_estrella,h6_w0.3,True,24,378.298,5260,8667,8421
548,codicioso,h6_w0.6,True,68,12.597,196,340,336
548,a_estrella,h6_w0.6,True,24,171.339,1934,3156,3085
548,codicioso,h6_w1.0,True,68,13.04,153,273,272
548,a_estrella,h6_w1.0,True,24,54.052,643,1037,1022
549,codicioso,h1,True,58,110.006,1091,1824,1774
549,a_estrella,h1,True,18,91.779,1407,2408,2358
549,codicioso,h2,True,54,24.399,380,655,649
549,a_estrella,h2,True,18,9.352,179,299,297
549,codicioso,h3,True,26,4.042,36,67,67
549,a_estrella,h3,True,18,8.786,98,167,167
549,codicioso,h4,True,26,4.218,36,67,67
549,a_estrella,h4,True,18,8.684,96,163,163
549,codicioso,h5,True,18,1.238,20,39,39
549,a_estrella,h5,True,18,2.206,24,45,45
549,codicioso,h6_w0.3,True,58,24.706,344,586,573
549,a_estrella,h6_w0.3,True,18,36.114,566,938,917
549,codicioso,h6_w0.6,True,56,20.411,302,523,514
549,a_estrella,h6_w0.6,True,18,21.72,297,498,488
549,codicioso,h6_w1.0,True,54,25.698,380,655,649
549,a_estrella,h6_w1.0,True,18,11.33,179,299,297
550,codicioso,h1,True,46,43.89,709,1195,1168
550,a_estrella,h1,True,20,186.839,3185,5272,5141
550,codicioso,h2,True,42,30.148,478,823,811
550,a_estrella,h2,True,20,32.913,495,811,800
550,codicioso,h3,True,32,4.94,57,99,99
550,a_estrella,h3,True,20,23.938,267,446,443
550,codicioso,h4,True,32,6.043,58,100,100
550,a_estrella,h4,True,20,19.306,192,322,321
550,codicioso,h5,True,20,1.128,25,46,46
550,a_estrella,h5,True,20,3.586,63,113,112
550,codicioso,h6_w0.3,True,28,4.326,65,117,117
550,a_estrella,h6_w0.3,True,20,78.058,1284,2118,2072
550,codicioso,h6_w0.6,True,40,13.352,359,617,612
550,a_estrella,h6_w0.6,True,20,45.526,703,1166,1148
550,codicioso,h6_w1.0,True,42,29.49,478,823,811
550,a_estrella,h6_w1.0,True,20,31.236,495,811,800
551,codicioso,h1,True,35,10.494,218,372,365
551,a_estrella,h1,True,25,2198.836,28060,45000,42536
551,codicioso,h2,True,47,22.692,361,621,615
551,a_estrella,h2,True,25,105.819,1545,2496,2460
551,codicioso,h3,True,35,8.009,83,146,146
551,a_estrella,h3,True,25,76.628,865,1426,1412
551,codicioso,h4,True,35,6.097,81,142,142
551,a_estrella,h4,True,25,66.657,602,1003,992
551,codicioso,h5,True,29,2.625,41,74,74
551,a_estrella,h5,True,25,15.117,231,405,404
551,codicioso,h6_w0.3,True,35,14.684,219,365,363
551,a_estrella,h6_w0.3,True,25,858.149,9602,15677,15148
551,codicioso,h6_w0.6,True,35,15.907,217,365,363
551,a_estrella,h6_w0.6,True,25,343.831,3777,6112,5956
551,codicioso,h6_w1.0,True,47,26.777,361,621,615
551,a_estrella,h6_w1.0,True,25,127.338,1545,2496,2460
552,codicioso,h1,True,65,65.761,913,1536,1502
552,a_estrella,h1,True,25,2385.638,28824,46141,43594
552,codicioso,h2,True,51,33.776,564,973,963
552,a_estrella,h2,True,25,211.806,2633,4245,4170
552,codicioso,h3,True,51,18.257,94,169,169
552,a_estrella,h3,True,25,143.23,1261,2029,2000
552,codicioso,h4,True,53,9.966,158,264,263
552,a_estrella,h4,True,25,84.15,803,1311,1297
552,codicioso,h5,True,29,3.086,38,71,71
552,a_estrella,h5,True,25,11.701,158,273,273
552,codicioso,h6_w0.3,True,35,10.39,162,271,269
552,a_estrella,h6_w0.3,True,25,1059.04,10918,17671,17044
552,codicioso,h6_w0.6,True,79,12.771,186,317,315
552,a_estrella,h6_w0.6,True,25,417.527,5057,8192,7960
552,codicioso,h6_w1.0,True,51,42.123,564,973,963
552,a_estrella,h6_w1.0,True,25,194.224,2633,4245,4170
553,codicioso,h1,True,25,31.643,415,702,690
553,a_estrella,h1,True,21,369.029,5964,9939,9651
553,codicioso,h2,True,27,28.708,297,512,510
553,a_estrella,h2,True,21,70.309,952,1550,1506
553,codicioso,h3,True,27,5.519,50,87,87
553,a_estrella,h3,True,21,58.852,617,1019,999
553,codicioso,h4,True,27,4.05,50,87,87
553,a_estrella,h4,True,21,65.744,603,999,980
553,codicioso,h5,True,41,3.902,95,167,166
553,a_estrella,h5,True,21,7.953,181,308,304
553,codicioso,h6_w0.3,True,25,7.065,209,349,346
553,a_estrella,h6_w0.3,True,21,212.962,2509,4149,4041
553,codicioso,h6_w0.6,True,25,16.608,207,349,346
553,a_estrella,h6_w0.6,True,21,95.785,1340,2218,2162
553,codicioso,h6_w1.0,True,27,22.313,297,512,510
553,a_estrella,h6_w1.0,True,21,79.641,952,1550,1506
554,codicioso,h1,True,51,11.395,265,452,439
554,a_estrella,h1,True,21,408.958,5392,8904,8626
554,codicioso,h2,True,23,6.101,65,115,114
554,a_estrella,h2,True,21,47.712,569,928,910
554,codicioso,h3,True,23,4.437,51,88,87
554,a_estrella,h3,True,21,45.579,350,575,564
554,codicioso,h4,True,23,6.269,51,88,87
554,a_estrella,h4,True,21,38.697,342,562,551
554,codicioso,h5,True,21,1.641,23,43,43
554,a_estrella,h5,True,21,6.241,65,117,116
554,codicioso,h6_w0.3,True,23,11.338,164,280,272
554,a_estrella,h6_w0.3,True,21,145.342,1856,3048,2964
554,codicioso,h6_w0.6,True,23,8.081,110,192,189
554,a_estrella,h6_w0.6,True,21,63.783,927,1509,1473
554,codicioso,h6_w1.0,True,23,4.34,65,115,114
554,a_estrella,h6_w1.0,True,21,22.607,569,928,910
555,codicioso,h1,True,42,31.365,308,520,508
555,a_estrella,h1,True,24,1804.553,21731,34950,33251
555,codicioso,h2,True,42,18.718,321,557,551
555,a_estrella,h2,True,24,129.922,2199,3543,3485
555,codicioso,h3,True,32,6.414,89,147,146
555,a_estrella,h3,True,24,89.879,977,1550,1530
555,codicioso,h4,True,38,7.961,58,102,102
555,a_estrella,h4,True,24,96.701,835,1352,1348
555,codicioso,h5,True,34,6.58,97,166,165
555,a_estrella,h5,True,24,10.423,157,278,277
555,codicioso,h6_w0.3,True,42,15.851,239,401,396
555,a_estrella,h6_w0.3,True,24,592.649,8370,13517,13040
555,codicioso,h6_w0.6,True,42,15.118,231,392,387
555,a_estrella,h6_w0.6,True,24,274.654,4041,6516,6323
555,codicioso,h6_w1.0,True,42,23.289,321,557,551
555,a_estrella,h6_w1.0,True,24,144.576,2199,3543,3485
556,codicioso,h1,True,33,24.478,409,681,666
556,a_estrella,h1,True,23,889.39,13271,21591,20711
556,codicioso,h2,True,53,27.599,386,658,652
556,a_estrella,h2,True,23,92.117,1345,2178,2139
556,codicioso,h3,True,33,6.28,59,103,103
556,a_estrella,h3,True,23,84.75,747,1229,1212
556,codicioso,h4,True,33,4.771,59,103,103
556,a_estrella,h4,True,23,60.712,527,870,861
556,codicioso,h5,True,33,4.631,67,121,121
556,a_estrella,h5,True,23,18.579,180,325,323
556,codicioso,h6_w0.3,True,67,36.296,517,874,862
556,a_estrella,h6_w0.3,True,23,449.827,5000,8161,7907
556,codicioso,h6_w0.6,True,67,28.088,367,616,613
556,a_estrella,h6_w0.6,True,23,198.89,2429,3981,3885
556,codicioso,h6_w1.0,True,53,23.879,386,658,652
556,a_estrella,h6_w1.0,True,23,121.166,1345,2178,2139
557,codicioso,h1,True,48,32.562,793,1313,1281
557,a_estrella,h1,True,26,4006.783,45264,70856,65612
557,codicioso,h2,True,34,5.326,76,133,132
557,a_estrella,h2,True,26,471.196,5498,8797,8602
557,codicioso,h3,True,38,12.227,106,177,176
557,a_estrella,h3,True,26,355.947,2984,4807,4713
557,codicioso,h4,True,38,13.03,106,177,176
557,a_estrella,h4,True,26,343.843,2404,3881,3808
557,codicioso,h5,True,32,6.33,43,77,77
557,a_estrella,h5,True,26,14.696,164,310,310
557,codicioso,h6_w0.3,True,44,12.515,154,265,263
557,a_estrella,h6_w0.3,True,26,1843.035,19607,31306,29806
557,codicioso,h6_w0.6,True,82,43.844,478,818,807
557,a_estrella,h6_w0.6,True,26,991.099,9915,15955,15383
557,codicioso,h6_w1.0,True,34,4.157,76,133,132
557,a_estrella,h6_w1.0,True,26,471.64,5498,8797,8602
558,codicioso,h1,True,54,48.675,864,1455,1419
558,a_estrella,h1,True,22,804.072,10241,16806,16191
558,codicioso,h2,True,54,41.605,526,908,896
558,a_estrella,h2,True,22,125.503,1714,2778,2717
558,codicioso,h3,True,34,7.285,68,120,120
558,a_estrella,h3,True,22,129.171,993,1628,1606
558,codicioso,h4,True,36,6.645,52,96,96
558,a_estrella,h4,True,22,76.1,683,1125,1112
558,codicioso,h5,True,26,2.411,31,58,58
558,a_estrella,h5,True,22,21.001,231,408,405
558,codicioso,h6_w0.3,True,86,19.824,254,432,426
558,a_estrella,h6_w0.3,True,22,389.152,4398,7181,6981
558,codicioso,h6_w0.6,True,60,24.313,319,547,544
558,a_estrella,h6_w0.6,True,22,250.634,2457,4026,3925
558,codicioso,h6_w1.0,True,54,52.742,526,908,896
558,a_estrella,h6_w1.0,True,22,146.218,1714,2778,2717
559,codicioso,h1,True,48,44.799,422,711,696
559,a_estrella,h1,True,20,206.998,3254,5436,5309
559,codicioso,h2,True,30,7.785,100,175,174
559,a_estrella,h2,True,20,35.428,413,677,667
559,codicioso,h3,True,38,12.136,118,202,200
559,a_estrella,h3,True,20,23.223,226,376,374
559,codicioso,h4,True,38,11.729,118,202,200
559,a_estrella,h4,True,20,19.015,150,249,249
559,codicioso,h5,True,20,1.459,22,42,42
559,a_estrella,h5,True,20,1.677,24,45,45
559,codicioso,h6_w0.3,True,44,20.487,280,469,463
559,a_estrella,h6_w0.3,True,20,113.414,1315,2175,2123
559,codicioso,h6_w0.6,True,44,23.976,276,465,459
559,a_estrella,h6_w0.6,True,20,60.259,690,1127,1101
559,codicioso,h6_w1.0,True,30,6.632,100,175,174
559,a_estrella,h6_w1.0,True,20,39.165,413,677,667
560,codicioso,h1,True,59,76.321,992,1668,1634
560,a_estrella,h1,True,25,2515.699,28373,45395,42893
560,codicioso,h2,True,55,37.516,515,891,881
560,a_estrella,h2,True,25,145.786,2038,3290,3233
560,codicioso,h3,True,53,14.638,139,240,239
560,a_estrella,h3,True,25,132.987,1308,2128,2090
560,codicioso,h4,True,53,15.758,124,214,214
560,a_estrella,h4,True,25,107.486,895,1464,1442
560,codicioso,h5,True,37,4.508,51,89,89
560,a_estrella,h5,True,25,23.922,311,557,550
560,codicioso,h6_w0.3,True,69,26.547,439,740,735
560,a_estrella,h6_w0.3,True,25,879.664,10159,16506,15931
560,codicioso,h6_w0.6,True,55,25.759,393,674,669
560,a_estrella,h6_w0.6,True,25,408.393,4435,7161,6948
560,codicioso,h6_w1.0,True,55,44.623,515,891,881
560,a_estrella,h6_w1.0,True,25,170.538,2038,3290,3233
561,codicioso,h1,True,58,69.328,1241,2074,2033
561,a_estrella,h1,True,26,4055.721,45361,70770,65431
561,codicioso,h2,True,54,18.988,287,506,503
561,a_estrella,h2,True,26,583.661,6270,9939,9662
561,codicioso,h3,True,32,8.815,105,178,178
561,a_estrella,h3,True,26,337.244,3355,5305,5199
561,codicioso,h4,True,36,6.444,48,90,90
561,a_estrella,h4,True,26,277.416,2321,3679,3618
561,codicioso,h5,True,38,4.158,59,105,105
561,a_estrella,h5,True,26,48.349,491,846,836
561,codicioso,h6_w0.3,True,68,39.695,499,847,842
561,a_estrella,h6_w0.3,True,26,2022.084,20068,31922,30284
561,codicioso,h6_w0.6,True,54,25.659,289,483,478
561,a_estrella,h6_w0.6,True,26,1027.745,10424,16604,15936
561,codicioso,h6_w1.0,True,54,18.78,287,506,503
561,a_estrella,h6_w1.0,True,26,546.331,6270,9939,9662
562,codicioso,h1,True,54,51.233,831,1386,1349
562,a_estrella,h1,True,24,1929.278,22428,35988,34108
562,codicioso,h2,True,54,9.151,143,238,237
562,a_estrella,h2,True,24,176.829,2399,3845,3753
562,codicioso,h3,True,46,11.024,131,223,222
562,a_estrella,h3,True,24,123.946,1209,1945,1910
562,codicioso,h4,True,46,11.303,131,223,222
562,a_estrella,h4,True,24,129.747,1156,1854,1821
562,codicioso,h5,True,28,3.426,36,69,69
562,a_estrella,h5,True,24,6.12,67,125,124
562,codicioso,h6_w0.3,True,78,36.877,416,712,699
562,a_estrella,h6_w0.3,True,24,868.85,9126,14872,14362
562,codicioso,h6_w0.6,True,54,25.423,348,596,591
562,a_estrella,h6_w0.6,True,24,456.872,4509,7338,7136
562,codicioso,h6_w1.0,True,54,10.931,143,238,237
562,a_estrella,h6_w1.0,True,24,235.154,2399,3845,3753
563,codicioso,h1,True,43,20.587,492,824,804
563,a_estrella,h1,True,25,2813.53,29062,46489,43898
563,codicioso,h2,True,47,34.743,499,864,854
563,a_estrella,h2,True,25,192.322,2689,4333,4248
563,codicioso,h3,True,31,7.689,50,92,92
563,a_estrella,h3,True,25,157.146,1489,2431,2400
563,codicioso,h4,True,31,6.144,58,104,104
563,a_estrella,h4,True,25,131.525,1230,2005,1978
563,codicioso,h5,True,29,4.689,49,89,89
563,a_estrella,h5,True,25,14.684,197,347,344
563,codicioso,h6_w0.3,True,47,37.241,556,951,938
563,a_estrella,h6_w0.3,True,25,988.773,10996,17857,17216
563,codicioso,h6_w0.6,True,47,49.99,403,689,684
563,a_estrella,h6_w0.6,True,25,521.903,5120,8299,8047
563,codicioso,h6_w1.0,True,47,35.406,499,864,854
563,a_estrella,h6_w1.0,True,25,184.022,2689,4333,4248
564,codicioso,h1,True,29,8.025,109,182,177
564,a_estrella,h1,True,17,72.35,1050,1771,1733
564,codicioso,h2,True,25,1.862,51,88,87
564,a_estrella,h2,True,17,15.056,273,454,449
564,codicioso,h3,True,29,4.824,52,93,93
564,a_estrella,h3,True,17,14.338,160,272,270
564,codicioso,h4,True,29,9.651,50,89,89
564,a_estrella,h4,True,17,15.761,147,249,247
564,codicioso,h5,True,17,1.238,19,37,37
564,a_estrella,h5,True,17,2.464,40,72,72
564,codicioso,h6_w0.3,True,29,6.919,66,116,115
564,a_estrella,h6_w0.3,True,17,37.552,528,878,860
564,codicioso,h6_w0.6,True,29,3.758,60,106,105
564,a_estrella,h6_w0.6,True,17,22.684,345,578,570
564,codicioso,h6_w1.0,True,25,3.056,51,88,87
564,a_estrella,h6_w1.0,True,17,24.861,273,454,449
565,codicioso,h1,True,64,89.975,1371,2276,2222
565,a_estrella,h1,True,20,258.711,3348,5574,5412
565,codicioso,h2,True,40,38.901,498,861,851
565,a_estrella,h2,True,20,33.761,452,735,724
565,codicioso,h3,True,28,6.723,75,134,134
565,a_estrella,h3,True,20,26.555,257,416,410
565,codicioso,h4,True,28,12.9,73,130,130
565,a_estrella,h4,True,20,22.813,213,344,339
565,codicioso,h5,True,22,0.816,24,47,47
565,a_estrella,h5,True,20,4.673,46,85,83
565,codicioso,h6_w0.3,True,56,32.444,423,714,702
565,a_estrella,h6_w0.3,True,20,117.107,1412,2370,2320
565,codicioso,h6_w0.6,True,58,34.784,432,734,729
565,a_estrella,h6_w0.6,True,20,66.615,731,1210,1184
565,codicioso,h6_w1.0,True,40,54.759,498,861,851
565,a_estrella,h6_w1.0,True,20,56.5,452,735,724
566,codicioso,h1,True,43,115.165,1555,2616,2556
566,a_estrella,h1,True,19,199.23,2497,4175,4075
566,codicioso,h2,True,41,28.938,364,625,620
566,a_estrella,h2,True,19,27.142,409,669,658
566,codicioso,h3,True,43,11.975,93,163,163
566,a_estrella,h3,True,19,31.705,245,403,399
566,codicioso,h4,True,41,6.553,87,153,153
566,a_estrella,h4,True,19,23.95,193,321,320
566,codicioso,h5,True,21,1.586,23,45,45
566,a_estrella,h5,True,19,4.233,42,83,83
566,codicioso,h6_w0.3,True,45,38.299,427,726,721
566,a_estrella,h6_w0.3,True,19,106.68,1093,1797,1760
566,codicioso,h6_w0.6,True,39,32.659,311,529,526
566,a_estrella,h6_w0.6,True,19,46.612,585,956,937
566,codicioso,h6_w1.0,True,41,30.366,364,625,620
566,a_estrella,h6_w1.0,True,19,34.396,409,669,658
567,codicioso,h1,True,34,5.791,90,160,157
567,a_estrella,h1,True,20,307.885,3311,5578,5442
567,codicioso,h2,True,32,11.341,99,173,172
567,a_estrella,h2,True,20,33.127,388,624,615
567,codicioso,h3,True,20,6.866,44,75,75
567,a_estrella,h3,True,20,33.122,267,425,417
567,codicioso,h4,True,20,6.226,44,75,75
567,a_estrella,h4,True,20,30.962,248,393,386
567,codicioso,h5,True,20,4.123,38,70,70
567,a_estrella,h5,True,20,2.379,56,104,102
567,codicioso,h6_w0.3,True,60,40.4,415,701,693
567,a_estrella,h6_w0.3,True,20,122.937,1266,2102,2053
567,codicioso,h6_w0.6,True,32,13.929,145,250,246
567,a_estrella,h6_w0.6,True,20,57.368,632,1043,1017
567,codicioso,h6_w1.0,True,32,6.974,99,173,172
567,a_estrella,h6_w1.0,True,20,33.816,388,624,615
568,codicioso,h1,True,37,14.634,255,438,431
568,a_estrella,h1,True,25,2435.412,28431,45525,43029
568,codicioso,h2,True,49,17.561,258,452,449
568,a_estrella,h2,True,25,142.145,1815,2916,2870
568,codicioso,h3,True,37,10.939,75,130,130
568,a_estrella,h3,True,25,122.427,980,1599,1570
568,codicioso,h4,True,37,8.735,72,124,124
568,a_estrella,h4,True,25,89.728,697,1133,1120
568,codicioso,h5,True,35,4.322,52,97,97
568,a_estrella,h5,True,25,5.168,80,139,136
568,codicioso,h6_w0.3,True,37,9.683,125,219,218
568,a_estrella,h6_w0.3,True,25,906.478,10032,16300,15747
568,codicioso,h6_w0.6,True,73,33.491,403,689,683
568,a_estrella,h6_w0.6,True,25,388.508,4178,6741,6547
568,codicioso,h6_w1.0,True,49,16.513,258,452,449
568,a_estrella,h6_w1.0,True,25,155.707,1815,2916,2870
569,codicioso,h1,True,71,159.746,2347,3901,3789
569,a_estrella,h1,True,23,1156.091,13586,22223,21319
569,codicioso,h2,True,43,25.139,366,628,624
569,a_estrella,h2,True,23,167.123,1854,3016,2957
569,codicioso,h3,True,33,16.332,103,177,177
569,a_estrella,h3,True,23,132.432,995,1628,1603
569,codicioso,h4,True,33,11.517,81,142,142
569,a_estrella,h4,True,23,112.651,901,1487,1466
569,codicioso,h5,True,31,3.609,37,70,70
569,a_estrella,h5,True,23,10.088,173,304,302
569,codicioso,h6_w0.3,True,53,12.045,154,267,262
569,a_estrella,h6_w0.3,True,23,517.622,5578,9110,8822
569,codicioso,h6_w0.6,True,53,12.217,117,201,200
569,a_estrella,h6_w0.6,True,23,259.815,2901,4753,4632
569,codicioso,h6_w1.0,True,43,38.939,366,628,624
569,a_estrella,h6_w1.0,True,23,166.043,1854,3016,2957
570,codicioso,h1,True,60,82.903,1167,1966,1929
570,a_estrella,h1,True,24,1424.768,17015,27698,26531
570,codicioso,h2,True,36,17.233,261,445,442
570,a_estrella,h2,True,24,82.28,1046,1670,1641
570,codicioso,h3,True,24,1.473,25,42,42
570,a_estrella,h3,True,24,62.479,622,1000,983
570,codicioso,h4,True,24,2.031,25,42,42
570,a_estrella,h4,True,24,42.63,368,597,591
570,codicioso,h5,True,24,4.165,25,42,42
570,a_estrella,h5,True,24,9.756,141,251,250
570,codicioso,h6_w0.3,True,40,15.146,228,379,374
570,a_estrella,h6_w0.3,True,24,434.426,5460,8910,8655
570,codicioso,h6_w0.6,True,40,11.964,222,372,367
570,a_estrella,h6_w0.6,True,24,167.775,2239,3625,3533
570,codicioso,h6_w1.0,True,36,17.952,261,445,442
570,a_estrella,h6_w1.0,True,24,58.382,1046,1670,1641
571,codicioso,h1,True,36,73.849,1095,1847,1815
571,a_estrella,h1,True,18,86.497,1291,2172,2120
571,codicioso,h2,True,42,4.61,106,178,177
571,a_estrella,h2,True,18,17.492,217,362,359
571,codicioso,h3,True,22,7.269,49,86,86
571,a_estrella,h3,True,18,14.972,141,241,237
571,codicioso,h4,True,22,6.298,49,86,86
571,a_estrella,h4,True,18,15.213,137,234,230
571,codicioso,h5,True,22,1.315,28,51,51
571,a_estrella,h5,True,18,2.091,60,105,104
571,codicioso,h6_w0.3,True,42,13.864,202,340,334
571,a_estrella,h6_w0.3,True,18,32.367,552,927,911
571,codicioso,h6_w0.6,True,42,6.325,98,173,172
571,a_estrella,h6_w0.6,True,18,20.193,299,500,492
571,codicioso,h6_w1.0,True,42,7.292,106,178,177
571,a_estrella,h6_w1.0,True,18,14.58,217,362,359
572,codicioso,h1,True,58,64.569,1151,1931,1889
572,a_estrella,h1,True,24,1308.63,17451,28254,27031
572,codicioso,h2,True,64,38.941,535,921,911
572,a_estrella,h2,True,24,72.38,996,1604,1580
572,codicioso,h3,True,56,12.817,119,208,208
572,a_estrella,h3,True,24,56.547,577,943,931
572,codicioso,h4,True,30,4.361,58,100,100
572,a_estrella,h4,True,24,33.13,317,515,511
572,codicioso,h5,True,24,1.438,25,46,46
572,a_estrella,h5,True,24,8.74,94,160,160
572,codicioso,h6_w0.3,True,72,28.908,438,733,726
572,a_estrella,h6_w0.3,True,24,451.125,5921,9663,9385
572,codicioso,h6_w0.6,True,72,28.468,420,706,699
572,a_estrella,h6_w0.6,True,24,215.652,2421,3926,3827
572,codicioso,h6_w1.0,True,64,48.47,535,921,911
572,a_estrella,h6_w1.0,True,24,75.639,996,1604,1580
573,codicioso,h1,True,33,27.919,444,745,727
573,a_estrella,h1,True,19,177.851,2594,4358,4243
573,codicioso,h2,True,33,35.701,456,790,779
573,a_estrella,h2,True,19,41.899,590,963,943
573,codicioso,h3,True,23,4.303,44,81,81
573,a_estrella,h3,True,19,41.567,422,689,676
573,codicioso,h4,True,23,3.683,44,81,81
573,a_estrella,h4,True,19,46.339,422,689,676
573,codicioso,h5,True,19,1.487,21,40,40
573,a_estrella,h5,True,19,3.496,73,130,129
573,codicioso,h6_w0.3,True,33,21.384,308,523,518
573,a_estrella,h6_w0.3,True,19,93.407,1209,2014,1964
573,codicioso,h6_w0.6,True,33,22.448,311,532,527
573,a_estrella,h6_w0.6,True,19,56.488,753,1250,1221
573,codicioso,h6_w1.0,True,33,37.076,456,790,779
573,a_estrella,h6_w1.0,True,19,44.387,590,963,943
574,codicioso,h1,True,40,88.814,957,1622,1594
574,a_estrella,h1,True,20,225.356,3145,5271,5149
574,codicioso,h2,True,64,35.485,468,812,805
574,a_estrella,h2,True,20,11.475,244,402,398
574,codicioso,h3,True,42,6.421,67,120,120
574,a_estrella,h3,True,20,19.942,153,263,261
574,codicioso,h4,True,42,5.501,67,120,120
574,a_estrella,h4,True,20,15.366,139,242,241
574,codicioso,h5,True,20,1.597,23,46,46
574,a_estrella,h5,True,20,5.717,37,70,68
574,codicioso,h6_w0.3,True,68,43.932,407,690,684
574,a_estrella,h6_w0.3,True,20,98.69,1115,1851,1814
574,codicioso,h6_w0.6,True,68,31.91,393,669,664
574,a_estrella,h6_w0.6,True,20,34.996,489,819,801
574,codicioso,h6_w1.0,True,64,35.222,468,812,805
574,a_estrella,h6_w1.0,True,20,20.521,244,402,398
575,codicioso,h1,True,71,115.737,1749,2913,2837
575,a_estrella,h1,True,21,347.596,5236,8655,8412
575,codicioso,h2,True,39,26.616,362,626,619
575,a_estrella,h2,True,21,20.273,340,549,543
575,codicioso,h3,True,31,5.676,63,107,107
575,a_estrella,h3,True,21,21.4,225,368,365
575,codicioso,h4,True,31,7.62,63,107,107
575,a_estrella,h4,True,21,17.609,176,290,287
575,codicioso,h5,True,21,2.989,27,50,50
575,a_estrella,h5,True,21,1.761,37,66,66
575,codicioso,h6_w0.3,True,39,29.271,375,630,618
575,a_estrella,h6_w0.3,True,21,125.593,1692,2783,2724
575,codicioso,h6_w0.6,True,39,21.943,314,533,525
575,a_estrella,h6_w0.6,True,21,57.074,728,1178,1148
575,codicioso,h6_w1.0,True,39,26.412,362,626,619
575,a_estrella,h6_w1.0,True,21,28.138,340,549,543
576,codicioso,h1,True,72,115.47,1673,2792,2729
576,a_estrella,h1,True,26,2965.886,37329,58824,54887
576,codicioso,h2,True,52,23.868,344,595,591
576,a_estrella,h2,True,26,244.514,3790,6049,5905
576,codicioso,h3,True,50,12.72,123,214,214
576,a_estrella,h3,True,26,235.535,2485,3969,3881
576,codicioso,h4,True,46,8.965,81,145,145
576,a_estrella,h4,True,26,187.729,1656,2665,2618
576,codicioso,h5,True,32,3.355,63,112,112
576,a_estrella,h5,True,26,37.803,524,911,900
576,codicioso,h6_w0.3,True,48,21.228,403,676,671
576,a_estrella,h6_w0.3,True,26,1336.294,14933,23942,22867
576,codicioso,h6_w0.6,True,48,30.89,295,506,503
576,a_estrella,h6_w0.6,True,26,697.415,7115,11417,11011
576,codicioso,h6_w1.0,True,52,27.479,344,595,591
576,a_estrella,h6_w1.0,True,26,362.355,3790,6049,5905
577,codicioso,h1,True,24,15.445,194,333,326
577,a_estrella,h1,True,22,706.252,8675,14327,13828
577,codicioso,h2,True,42,13.701,213,379,377
577,a_estrella,h2,True,22,142.049,1618,2634,2575
577,codicioso,h3,True,24,5.135,44,81,81
577,a_estrella,h3,True,22,238.404,1056,1730,1698
577,codicioso,h4,True,24,8.746,44,81,81
577,a_estrella,h4,True,22,248.246,996,1627,1596
577,codicioso,h5,True,24,4.127,30,57,57
577,a_estrella,h5,True,22,28.273,187,326,325
577,codicioso,h6_w0.3,True,24,36.891,204,339,337
577,a_estrella,h6_w0.3,True,22,590.455,3939,6517,6336
577,codicioso,h6_w0.6,True,24,25.445,202,339,337
577,a_estrella,h6_w0.6,True,22,277.653,2216,3632,3537
577,codicioso,h6_w1.0,True,42,34.86,213,379,377
577,a_estrella,h6_w1.0,True,22,175.672,1618,2634,2575
578,codicioso,h1,True,40,41.768,511,859,841
578,a_estrella,h1,True,22,715.129,7512,12402,12000
578,codicioso,h2,True,32,11.406,113,194,193
578,a_estrella,h2,True,22,48.22,666,1088,1074
578,codicioso,h3,True,32,11.596,59,103,103
578,a_estrella,h3,True,22,34.195,343,567,562
578,codicioso,h4,True,32,6.956,60,104,104
578,a_estrella,h4,True,22,30.624,233,383,381
578,codicioso,h5,True,22,2.588,24,47,47
578,a_estrella,h5,True,22,4.761,63,118,117
578,codicioso,h6_w0.3,True,56,12.871,181,306,301
578,a_estrella,h6_w0.3,True,22,260.404,2646,4383,4279
578,codicioso,h6_w0.6,True,56,9.134,149,253,251
578,a_estrella,h6_w0.6,True,22,139.988,1202,1946,1907
578,codicioso,h6_w1.0,True,32,10.3,113,194,193
578,a_estrella,h6_w1.0,True,22,77.145,666,1088,1074
579,codicioso,h1,True,55,62.875,810,1351,1319
579,a_estrella,h1,True,25,2550.237,27902,44585,42112
579,codicioso,h2,True,75,62.127,550,938,926
579,a_estrella,h2,True,25,145.376,1679,2675,2621
579,codicioso,h3,True,45,11.854,123,207,206
579,a_estrella,h3,True,25,105.556,777,1234,1215
579,codicioso,h4,True,59,44.187,127,226,226
579,a_estrella,h4,True,25,39.408,334,533,526
579,codicioso,h5,True,25,2.869,29,52,52
579,a_estrella,h5,True,25,8.342,137,241,239
579,codicioso,h6_w0.3,True,75,24.399,414,695,688
579,a_estrella,h6_w0.3,True,25,898.831,9428,15294,14811
579,codicioso,h6_w0.6,True,75,35.827,405,680,673
579,a_estrella,h6_w0.6,True,25,383.018,3780,6126,5960
579,codicioso,h6_w1.0,True,75,57.775,550,938,926
579,a_estrella,h6_w1.0,True,25,142.558,1679,2675,2621
580,codicioso,h1,True,64,101.706,1632,2704,2634
580,a_estrella,h1,True,24,1906.193,17971,28967,27595
580,codicioso,h2,True,44,41.204,494,855,845
580,a_estrella,h2,True,24,218.905,2420,3884,3795
580,codicioso,h3,True,48,7.535,83,145,145
580,a_estrella,h3,True,24,167.572,1249,1998,1970
580,codicioso,h4,True,46,9.818,86,146,146
580,a_estrella,h4,True,24,125.452,845,1352,1337
580,codicioso,h5,True,28,5.192,49,85,85
580,a_estrella,h5,True,24,29.468,327,562,556
580,codicioso,h6_w0.3,True,64,31.786,420,710,702
580,a_estrella,h6_w0.3,True,24,823.341,7243,11778,11371
580,codicioso,h6_w0.6,True,52,31.036,359,617,612
580,a_estrella,h6_w0.6,True,24,371.776,3664,5921,5740
580,codicioso,h6_w1.0,True,44,52.936,494,855,845
580,a_estrella,h6_w1.0,True,24,262.296,2420,3884,3795
581,codicioso,h1,True,72,59.546,873,1452,1415
581,a_estrella,h1,True,22,838.646,9436,15592,15046
581,codicioso,h2,True,44,9.288,116,196,195
581,a_estrella,h2,True,22,56.957,690,1120,1107
581,codicioso,h3,True,24,3.367,43,78,78
581,a_estrella,h3,True,22,90.912,431,711,703
581,codicioso,h4,True,24,18.242,43,78,78
581,a_estrella,h4,True,22,66.895,421,696,688
581,codicioso,h5,True,24,2.286,30,55,55
581,a_estrella,h5,True,22,9.887,69,124,124
581,codicioso,h6_w0.3,True,50,15.594,169,289,287
581,a_estrella,h6_w0.3,True,22,306.652,3201,5271,5127
581,codicioso,h6_w0.6,True,82,39.7,473,810,799
581,a_estrella,h6_w0.6,True,22,126.751,1403,2305,2250
581,codicioso,h6_w1.0,True,44,11.314,116,196,195
581,a_estrella,h6_w1.0,True,22,43.764,690,1120,1107
582,codicioso,h1,True,42,17.615,253,432,424
582,a_estrella,h1,True,22,699.8,8051,13296,12887
582,codicioso,h2,True,82,64.424,713,1229,1210
582,a_estrella,h2,True,22,79.605,1043,1686,1655
582,codicioso,h3,True,26,5.559,58,101,101
582,a_estrella,h3,True,22,60.715,574,926,912
582,codicioso,h4,True,26,5.777,54,95,95
582,a_estrella,h4,True,22,62.477,507,814,802
582,codicioso,h5,True,22,1.479,29,55,55
582,a_estrella,h5,True,22,5.581,51,97,97
582,codicioso,h6_w0.3,True,72,18.762,209,352,346
582,a_estrella,h6_w0.3,True,22,294.45,3133,5168,5031
582,codicioso,h6_w0.6,True,72,10.087,172,295,293
582,a_estrella,h6_w0.6,True,22,160.263,1597,2602,2546
582,codicioso,h6_w1.0,True,82,57.923,713,1229,1210
582,a_estrella,h6_w1.0,True,22,78.73,1043,1686,1655
583,codicioso,h1,True,52,67.041,1082,1828,1790
583,a_estrella,h1,True,26,3434.681,37827,59687,55765
583,codicioso,h2,True,40,8.424,111,198,197
583,a_estrella,h2,True,26,292.965,3728,5944,5817
583,codicioso,h3,True,36,12.727,124,211,211
583,a_estrella,h3,True,26,213.884,2009,3176,3123
583,codicioso,h4,True,32,12.212,81,136,136
583,a_estrella,h4,True,26,136.165,990,1563,1548
583,codicioso,h5,True,32,3.798,55,96,96
583,a_estrella,h5,True,26,35.539,359,612,604
583,codicioso,h6_w0.3,True,68,41.685,472,807,795
583,a_estrella,h6_w0.3,True,26,1389.112,15208,24425,23395
583,codicioso,h6_w0.6,True,68,34.358,428,737,729
583,a_estrella,h6_w0.6,True,26,602.66,7229,11566,11176
583,codicioso,h6_w1.0,True,40,8.574,111,198,197
583,a_estrella,h6_w1.0,True,26,339.034,3728,5944,5817
584,codicioso,h1,True,62,70.372,871,1451,1416
584,a_estrella,h1,True,24,1474.376,17276,28178,26980
584,codicioso,h2,True,34,24.744,342,590,586
584,a_estrella,h2,True,24,89.42,1250,2011,1987
584,codicioso,h3,True,38,11.635,63,116,116
584,a_estrella,h3,True,24,75.761,684,1122,1113
584,codicioso,h4,True,38,7.377,63,116,116
584,a_estrella,h4,True,24,79.242,646,1062,1055
584,codicioso,h5,True,32,2.475,37,68,68
584,a_estrella,h5,True,24,11.487,126,225,224
584,codicioso,h6_w0.3,True,52,39.542,432,732,727
584,a_estrella,h6_w0.3,True,24,487.257,5834,9491,9195
584,codicioso,h6_w0.6,True,52,38.246,336,576,573
584,a_estrella,h6_w0.6,True,24,252.733,2547,4158,4053
584,codicioso,h6_w1.0,True,34,26.475,342,590,586
584,a_estrella,h6_w1.0,True,24,102.95,1250,2011,1987
585,codicioso,h1,True,44,51.318,720,1223,1194
585,a_estrella,h1,True,18,103.425,1428,2377,2320
585,codicioso,h2,True,40,25.866,329,569,565
585,a_estrella,h2,True,18,23.823,283,463,458
585,codicioso,h3,True,32,8.517,109,184,182
585,a_estrella,h3,True,18,19.1,177,292,290
585,codicioso,h4,True,32,9.873,109,184,182
585,a_estrella,h4,True,18,21.093,170,281,280
585,codicioso,h5,True,44,16.693,99,168,167
585,a_estrella,h5,True,18,3.615,27,51,51
585,codicioso,h6_w0.3,True,56,61.9,397,667,660
585,a_estrella,h6_w0.3,True,18,94.223,657,1096,1076
585,codicioso,h6_w0.6,True,44,47.442,254,434,429
585,a_estrella,h6_w0.6,True,18,47.193,375,620,611
585,codicioso,h6_w1.0,True,40,45.795,329,569,565
585,a_estrella,h6_w1.0,True,18,32.893,283,463,458
586,codicioso,h1,True,60,109.086,1003,1686,1649
586,a_estrella,h1,True,24,2806.349,21454,34685,33006
586,codicioso,h2,True,48,21.785,134,225,224
586,a_estrella,h2,True,24,201.156,1486,2404,2370
586,codicioso,h3,True,38,14.998,76,132,132
586,a_estrella,h3,True,24,189.1,825,1360,1344
586,codicioso,h4,True,32,16.663,58,104,104
586,a_estrella,h4,True,24,143.751,668,1104,1094
586,codicioso,h5,True,26,5.641,31,59,59
586,a_estrella,h5,True,24,18.195,132,239,239
586,codicioso,h6_w0.3,True,56,20.744,157,267,264
586,a_estrella,h6_w0.3,True,24,1119.322,7607,12405,11983
586,codicioso,h6_w0.6,True,48,18.134,108,187,186
586,a_estrella,h6_w0.6,True,24,455.942,3239,5266,5128
586,codicioso,h6_w1.0,True,48,13.094,134,225,224
586,a_estrella,h6_w1.0,True,24,210.084,1486,2404,2370
587,codicioso,h1,True,82,135.025,972,1615,1569
587,a_estrella,h1,True,20,552.236,4219,6984,6801
587,codicioso,h2,True,32,8.761,82,141,140
587,a_estrella,h2,True,20,100.947,610,992,970
587,codicioso,h3,True,30,14.083,63,112,112
587,a_estrella,h3,True,20,75.863,349,570,563
587,codicioso,h4,True,30,15.712,63,112,112
587,a_estrella,h4,True,20,57.637,244,398,393
587,codicioso,h5,True,30,6.831,58,103,103
587,a_estrella,h5,True,20,11.311,71,131,129
587,codicioso,h6_w0.3,True,86,108.55,662,1122,1106
587,a_estrella,h6_w0.3,True,20,239.755,1729,2871,2811
587,codicioso,h6_w0.6,True,32,10.906,100,177,175
587,a_estrella,h6_w0.6,True,20,115.969,929,1519,1483
587,codicioso,h6_w1.0,True,32,11.414,82,141,140
587,a_estrella,h6_w1.0,True,20,93.749,610,992,970
588,codicioso,h1,True,57,156.987,1196,1977,1936
588,a_estrella,h1,True,27,7534.546,56472,87788,80821
588,codicioso,h2,True,47,36.51,321,551,547
588,a_estrella,h2,True,27,526.958,3442,5481,5371
588,codicioso,h3,True,59,20.49,109,193,193
588,a_estrella,h3,True,27,501.821,2018,3238,3186
588,codicioso,h4,True,49,24.728,79,140,140
588,a_estrella,h4,True,27,300.05,1011,1626,1603
588,codicioso,h5,True,27,4.716,32,61,61
588,a_estrella,h5,True,27,36.222,151,272,270
588,codicioso,h6_w0.3,True,53,34.902,196,327,322
588,a_estrella,h6_w0.3,True,27,3619.456,22019,35178,33632
588,codicioso,h6_w0.6,True,47,32.77,280,477,474
588,a_estrella,h6_w0.6,True,27,1324.737,9112,14607,14135
588,codicioso,h6_w1.0,True,47,38.562,321,551,547
588,a_estrella,h6_w1.0,True,27,518.059,3442,5481,5371
589,codicioso,h1,True,35,17.464,171,291,290
589,a_estrella,h1,True,19,225.757,2152,3585,3509
589,codicioso,h2,True,39,18.228,223,376,373
589,a_estrella,h2,True,19,32.946,276,455,453
589,codicioso,h3,True,19,6.529,33,58,58
589,a_estrella,h3,True,19,34.457,166,274,271
589,codicioso,h4,True,19,6.306,33,58,58
589,a_estrella,h4,True,19,21.525,95,159,159
589,codicioso,h5,True,19,3.107,24,45,45
589,a_estrella,h5,True,19,12.869,62,112,112
589,codicioso,h6_w0.3,True,31,30.355,207,343,340
589,a_estrella,h6_w0.3,True,19,100.107,817,1344,1318
589,codicioso,h6_w0.6,True,31,22.863,205,343,340
589,a_estrella,h6_w0.6,True,19,45.787,430,709,698
589,codicioso,h6_w1.0,True,39,22.685,223,376,373
589,a_estrella,h6_w1.0,True,19,31.852,276,455,453
590,codicioso,h1,True,49,34.254,334,567,556
590,a_estrella,h1,True,25,3291.892,27945,44743,42258
590,codicioso,h2,True,49,18.708,120,205,203
590,a_estrella,h2,True,25,189.71,1285,2053,2018
590,codicioso,h3,True,41,10.802,62,112,112
590,a_estrella,h3,True,25,123.023,724,1187,1170
590,codicioso,h4,True,41,14.309,61,111,111
590,a_estrella,h4,True,25,84.172,424,701,690
590,codicioso,h5,True,29,4.581,46,87,87
590,a_estrella,h5,True,25,15.598,126,231,229
590,codicioso,h6_w0.3,True,49,12.981,102,178,176
590,a_estrella,h6_w0.3,True,25,1464.218,9268,15116,14603
590,codicioso,h6_w0.6,True,49,9.531,95,166,165
590,a_estrella,h6_w0.6,True,25,482.837,3558,5749,5600
590,codicioso,h6_w1.0,True,49,11.059,120,205,203
590,a_estrella,h6_w1.0,True,25,159.989,1285,2053,2018
591,codicioso,h1,True,62,177.113,1477,2468,2414
591,a_estrella,h1,True,28,10035.667,70941,108513,98321
591,codicioso,h2,True,52,52.589,356,618,611
591,a_estrella,h2,True,28,864.216,6577,10469,10230
591,codicioso,h3,True,40,18.397,87,146,145
591,a_estrella,h3,True,28,840.72,3913,6218,6089
591,codicioso,h4,True,28,13.145,52,88,88
591,a_estrella,h4,True,28,428.157,2196,3497,3435
591,codicioso,h5,True,30,7.314,36,66,66
591,a_estrella,h5,True,28,87.193,590,1028,1013
591,codicioso,h6_w0.3,True,52,60.545,418,712,707
591,a_estrella,h6_w0.3,True,28,5248.665,31517,49800,46955
591,codicioso,h6_w0.6,True,52,51.013,337,584,581
591,a_estrella,h6_w0.6,True,28,2357.067,14664,23276,22313
591,codicioso,h6_w1.0,True,52,63.629,356,618,611
591,a_estrella,h6_w1.0,True,28,919.245,6577,10469,10230
592,codicioso,h1,True,72,156.065,1282,2146,2105
592,a_estrella,h1,True,28,12125.402,81567,123493,110592
592,codicioso,h2,True,56,37.412,287,484,481
592,a_estrella,h2,True,28,1194.405,9868,15510,15079
592,codicioso,h3,True,38,12.233,75,131,131
592,a_estrella,h3,True,28,923.09,5077,8024,7878
592,codicioso,h4,True,38,12.647,69,122,122
592,a_estrella,h4,True,28,621.415,3178,5050,4983
592,codicioso,h5,True,44,11.542,91,158,157
592,a_estrella,h5,True,28,57.988,531,933,931
592,codicioso,h6_w0.3,True,68,69.196,592,1003,996
592,a_estrella,h6_w0.3,True,28,6014.148,38827,60581,56569
592,codicioso,h6_w0.6,True,64,45.239,340,571,566
592,a_estrella,h6_w0.6,True,28,3062.157,19368,30594,29123
592,codicioso,h6_w1.0,True,56,59.306,287,484,481
592,a_estrella,h6_w1.0,True,28,1505.15,9868,15510,15079
593,codicioso,h1,True,46,121.589,904,1510,1473
593,a_estrella,h1,True,24,2341.342,17752,28807,27507
593,codicioso,h2,True,34,9.377,123,208,207
593,a_estrella,h2,True,24,224.898,1539,2472,2422
593,codicioso,h3,True,32,13.383,62,110,110
593,a_estrella,h3,True,24,195.515,905,1471,1441
593,codicioso,h4,True,32,18.077,60,106,106
593,a_estrella,h4,True,24,152.797,611,983,967
593,codicioso,h5,True,32,13.341,58,103,103
593,a_estrella,h5,True,24,19.73,139,242,240
593,codicioso,h6_w0.3,True,52,85.835,492,837,826
593,a_estrella,h6_w0.3,True,24,1007.197,6479,10631,10295
593,codicioso,h6_w0.6,True,52,67.134,339,577,574
593,a_estrella,h6_w0.6,True,24,411.055,2899,4711,4592
593,codicioso,h6_w1.0,True,34,15.454,123,208,207
593,a_estrella,h6_w1.0,True,24,225.238,1539,2472,2422
594,codicioso,h1,True,61,129.385,1046,1767,1727
594,a_estrella,h1,True,25,4268.133,29639,47253,44502
594,codicioso,h2,True,55,37.799,276,489,486
594,a_estrella,h2,True,25,497.533,4269,6823,6646
594,codicioso,h3,True,39,16.829,77,135,135
594,a_estrella,h3,True,25,376.032,2176,3489,3432
594,codicioso,h4,True,39,14.012,76,134,134
594,a_estrella,h4,True,25,335.94,1695,2726,2693
594,codicioso,h5,True,31,4.275,53,96,96
594,a_estrella,h5,True,25,32.722,230,393,392
594,codicioso,h6_w0.3,True,63,28.203,280,470,464
594,a_estrella,h6_w0.3,True,25,2091.951,12660,20408,19553
594,codicioso,h6_w0.6,True,53,34.97,252,426,421
594,a_estrella,h6_w0.6,True,25,1161.44,6721,10828,10442
594,codicioso,h6_w1.0,True,55,32.595,276,489,486
594,a_estrella,h6_w1.0,True,25,661.198,4269,6823,6646
595,codicioso,h1,True,27,19.065,150,258,253
595,a_estrella,h1,True,23,2060.115,13175,21600,20769
595,codicioso,h2,True,41,17.489,112,188,187
595,a_estrella,h2,True,23,128.194,1001,1632,1603
595,codicioso,h3,True,25,12.945,38,66,66
595,a_estrella,h3,True,23,153.035,559,928,913
595,codicioso,h4,True,25,9.892,38,66,66
595,a_estrella,h4,True,23,116.064,494,818,806
595,codicioso,h5,True,25,18.741,45,81,81
595,a_estrella,h5,True,23,42.61,140,236,234
595,codicioso,h6_w0.3,True,41,18.42,90,158,157
595,a_estrella,h6_w0.3,True,23,840.056,4674,7712,7511
595,codicioso,h6_w0.6,True,41,17.087,91,160,159
595,a_estrella,h6_w0.6,True,23,353.597,2083,3406,3327
595,codicioso,h6_w1.0,True,41,15.112,112,188,187
595,a_estrella,h6_w1.0,True,23,155.041,1001,1632,1603
596,codicioso,h1,True,48,112.018,723,1210,1184
596,a_estrella,h1,True,24,3048.559,17014,27671,26457
596,codicioso,h2,True,60,52.52,378,647,644
596,a_estrella,h2,True,24,135.961,884,1433,1419
596,codicioso,h3,True,40,28.869,101,178,178
596,a_estrella,h3,True,24,108.767,555,905,900
596,codicioso,h4,True,30,6.282,41,77,77
596,a_estrella,h4,True,24,79.046,389,638,635
596,codicioso,h5,True,24,5.08,25,46,46
596,a_estrella,h5,True,24,15.901,152,268,264
596,codicioso,h6_w0.3,True,60,20.18,212,349,343
596,a_estrella,h6_w0.3,True,24,728.855,5474,8972,8710
596,codicioso,h6_w0.6,True,60,24.178,162,274,272
596,a_estrella,h6_w0.6,True,24,312.128,2117,3467,3378
596,codicioso,h6_w1.0,True,60,76.811,378,647,644
596,a_estrella,h6_w1.0,True,24,162.95,884,1433,1419
597,codicioso,h1,True,46,35.895,216,374,367
597,a_estrella,h1,True,24,2581.882,17924,29142,27868
597,codicioso,h2,True,42,24.067,135,227,226
597,a_estrella,h2,True,24,293.4,1848,2972,2907
597,codicioso,h3,True,50,30.3,103,182,182
597,a_estrella,h3,True,24,312.142,1175,1930,1900
597,codicioso,h4,True,28,14.027,37,70,70
597,a_estrella,h4,True,24,299.805,908,1502,1481
597,codicioso,h5,True,24,2.865,26,49,49
597,a_estrella,h5,True,24,21.673,171,301,297
597,codicioso,h6_w0.3,True,52,14.544,140,240,237
597,a_estrella,h6_w0.3,True,24,979.935,6772,11072,10741
597,codicioso,h6_w0.6,True,58,20.888,149,253,251
597,a_estrella,h6_w0.6,True,24,484.1,3205,5219,5094
597,codicioso,h6_w1.0,True,42,17.256,135,227,226
597,a_estrella,h6_w1.0,True,24,245.293,1848,2972,2907
598,codicioso,h1,True,47,57.005,457,797,781
598,a_estrella,h1,True,27,9505.297,56510,87751,80662
598,codicioso,h2,True,35,10.544,122,207,205
598,a_estrella,h2,True,27,457.97,3609,5768,5652
598,codicioso,h3,True,35,11.217,59,109,109
598,a_estrella,h3,True,27,455.137,2014,3294,3246
598,codicioso,h4,True,35,20.738,59,109,109
598,a_estrella,h4,True,27,348.323,1381,2262,2233
598,codicioso,h5,True,27,3.193,35,64,64
598,a_estrella,h5,True,27,39.995,249,422,418
598,codicioso,h6_w0.3,True,37,28.663,162,270,265
598,a_estrella,h6_w0.3,True,27,3645.446,21922,35033,33452
598,codicioso,h6_w0.6,True,53,23.051,187,322,319
598,a_estrella,h6_w0.6,True,27,1432.539,9089,14535,14056
598,codicioso,h6_w1.0,True,35,18.581,122,207,205
598,a_estrella,h6_w1.0,True,27,635.108,3609,5768,5652
599,codicioso,h1,True,74,153.07,1248,2084,2043
599,a_estrella,h1,True,24,2238.301,18105,29289,27925
599,codicioso,h2,True,44,23.461,100,168,167
599,a_estrella,h2,True,24,284.893,1818,2935,2879
599,codicioso,h3,True,36,13.166,72,126,126
599,a_estrella,h3,True,24,215.201,1089,1766,1739
599,codicioso,h4,True,36,15.637,72,126,126
599,a_estrella,h4,True,24,157.568,719,1174,1157
599,codicioso,h5,True,24,2.686,29,52,52
599,a_estrella,h5,True,24,23.305,182,330,325
599,codicioso,h6_w0.3,True,70,75.107,555,943,936
599,a_estrella,h6_w0.3,True,24,1112.446,7035,11527,11164
599,codicioso,h6_w0.6,True,64,44.276,291,486,481
599,a_estrella,h6_w0.6,True,24,454.954,3303,5350,5202
599,codicioso,h6_w1.0,True,44,10.24,100,168,167
599,a_estrella,h6_w1.0,True,24,247.085,1818,2935,2879
600,codicioso,h1,True,59,119.285,941,1576,1539
600,a_estrella,h1,True,25,3810.178,29189,46598,43964
600,codicioso,h2,True,63,42.237,405,706,699
600,a_estrella,h2,True,25,360.05,2716,4354,4270
600,codicioso,h3,True,47,17.935,111,195,195
600,a_estrella,h3,True,25,280.36,1419,2311,2282
600,codicioso,h4,True,47,25.374,131,227,227
600,a_estrella,h4,True,25,281.129,1155,1900,1878
600,codicioso,h5,True,27,2.264,36,68,68
600,a_estrella,h5,True,25,30.886,245,442,438
600,codicioso,h6_w0.3,True,55,18.905,178,298,293
600,a_estrella,h6_w0.3,True,25,1778.171,11382,18479,17817
600,codicioso,h6_w0.6,True,55,15.419,145,248,246
600,a_estrella,h6_w0.6,True,25,827.263,5283,8581,8340
600,codicioso,h6_w1.0,True,63,61.714,405,706,699
600,a_estrella,h6_w1.0,True,25,413.846,2716,4354,4270
601,codicioso,h1,True,57,52.789,471,808,790
601,a_estrella,h1,True,23,1771.916,13358,21851,21003
601,codicioso,h2,True,47,47.98,359,613,610
601,a_estrella,h2,True,23,157.317,1358,2214,2182
601,codicioso,h3,True,27,10.747,68,121,121
601,a_estrella,h3,True,23,164.036,882,1454,1434
601,codicioso,h4,True,33,12.463,76,135,135
601,a_estrella,h4,True,23,175.104,723,1191,1173
601,codicioso,h5,True,23,4.337,30,56,56
601,a_estrella,h5,True,23,16.1,87,158,158
601,codicioso,h6_w0.3,True,33,86.084,168,281,277
601,a_estrella,h6_w0.3,True,23,2131.053,5112,8414,8168
601,codicioso,h6_w0.6,True,33,24.06,144,242,240
601,a_estrella,h6_w0.6,True,23,349.763,2492,4085,3985
601,codicioso,h6_w1.0,True,47,40.879,359,613,610
601,a_estrella,h6_w1.0,True,23,160.283,1358,2214,2182
602,codicioso,h1,True,41,122.679,997,1679,1639
602,a_estrella,h1,True,17,115.469,878,1451,1418
602,codicioso,h2,True,31,38.895,346,594,589
602,a_estrella,h2,True,17,21.447,149,252,251
602,codicioso,h3,True,17,6.785,23,39,39
602,a_estrella,h3,True,17,16.192,88,147,147
602,codicioso,h4,True,17,7.365,23,39,39
602,a_estrella,h4,True,17,16.554,77,129,129
602,codicioso,h5,True,17,3.255,20,37,37
602,a_estrella,h5,True,17,2.115,23,43,43
602,codicioso,h6_w0.3,True,31,63.022,375,632,627
602,a_estrella,h6_w0.3,True,17,52.515,385,641,631
602,codicioso,h6_w0.6,True,31,28.003,261,446,443
602,a_estrella,h6_w0.6,True,17,20.288,207,343,340
602,codicioso,h6_w1.0,True,31,36.821,346,594,589
602,a_estrella,h6_w1.0,True,17,15.648,149,252,251
603,codicioso,h1,True,36,21.238,265,452,445
603,a_estrella,h1,True,18,112.26,1201,2045,2007
603,codicioso,h2,True,32,2.972,57,99,99
603,a_estrella,h2,True,18,11.875,118,202,198
603,codicioso,h3,True,18,3.152,24,44,44
603,a_estrella,h3,True,18,12.318,89,155,154
603,codicioso,h4,True,18,3.445,24,44,44
603,a_estrella,h4,True,18,2.924,28,50,50
603,codicioso,h5,True,18,1.589,20,38,38
603,a_estrella,h5,True,18,8.129,62,111,110
603,codicioso,h6_w0.3,True,36,12.271,140,238,235
603,a_estrella,h6_w0.3,True,18,41.114,425,707,694
603,codicioso,h6_w0.6,True,32,4.864,61,104,103
603,a_estrella,h6_w0.6,True,18,19.624,198,335,332
603,codicioso,h6_w1.0,True,32,7.298,57,99,99
603,a_estrella,h6_w1.0,True,18,11.224,118,202,198
604,codicioso,h1,True,75,202.421,2104,3510,3435
604,a_estrella,h1,True,25,3613.905,28039,44657,42129
604,codicioso,h2,True,51,34.629,229,394,393
604,a_estrella,h2,True,25,293.864,2167,3485,3426
604,codicioso,h3,True,37,14.392,73,124,124
604,a_estrella,h3,True,25,191.361,1023,1636,1610
604,codicioso,h4,True,49,33.419,182,301,298
604,a_estrella,h4,True,25,140.306,647,1044,1034
604,codicioso,h5,True,27,4.229,34,63,63
604,a_estrella,h5,True,25,14.325,139,242,239
604,codicioso,h6_w0.3,True,69,68.844,525,889,878
604,a_estrella,h6_w0.3,True,25,1675.794,10272,16593,16019
604,codicioso,h6_w0.6,True,77,54.679,401,682,676
604,a_estrella,h6_w0.6,True,25,690.545,4461,7157,6929
604,codicioso,h6_w1.0,True,51,22.869,229,394,393
604,a_estrella,h6_w1.0,True,25,252.262,2167,3485,3426
605,codicioso,h1,True,53,82.257,876,1456,1428
605,a_estrella,h1,True,21,746.323,5033,8352,8122
605,codicioso,h2,True,47,101.206,473,819,808
605,a_estrella,h2,True,21,38.768,207,333,332
605,codicioso,h3,True,33,10.53,53,91,91
605,a_estrella,h3,True,21,40.884,141,229,229
605,codicioso,h4,True,33,23.823,54,92,92
605,a_estrella,h4,True,21,24.641,92,151,151
605,codicioso,h5,True,21,2.156,24,44,44
605,a_estrella,h5,True,21,2.066,25,46,46
605,codicioso,h6_w0.3,True,47,73.565,483,826,819
605,a_estrella,h6_w0.3,True,21,231.769,1473,2425,2373
605,codicioso,h6_w0.6,True,47,53.293,375,649,644
605,a_estrella,h6_w0.6,True,21,89.881,585,948,927
605,codicioso,h6_w1.0,True,47,66.275,473,819,808
605,a_estrella,h6_w1.0,True,21,28.193,207,333,332
606,codicioso,h1,True,39,172.057,1580,2644,2591
606,a_estrella,h1,True,21,868.392,6093,10046,9709
606,codicioso,h2,True,37,66.718,465,807,797
606,a_estrella,h2,True,21,168.589,1125,1844,1801
606,codicioso,h3,True,27,7.899,61,105,105
606,a_estrella,h3,True,21,156.28,703,1136,1110
606,codicioso,h4,True,27,16.739,61,105,105
606,a_estrella,h4,True,21,150.681,643,1042,1018
606,codicioso,h5,True,23,3.677,31,58,58
606,a_estrella,h5,True,21,25.034,151,263,258
606,codicioso,h6_w0.3,True,37,84.106,461,786,779
606,a_estrella,h6_w0.3,True,21,491.757,2695,4436,4315
606,codicioso,h6_w0.6,True,37,53.352,337,582,577
606,a_estrella,h6_w0.6,True,21,235.932,1492,2455,2388
606,codicioso,h6_w1.0,True,37,60.854,465,807,797
606,a_estrella,h6_w1.0,True,21,135.534,1125,1844,1801
607,codicioso,h1,True,47,28.589,237,402,398
607,a_estrella,h1,True,25,4586.424,28692,45841,43198
607,codicioso,h2,True,41,21.94,132,222,220
607,a_estrella,h2,True,25,498.148,2437,3913,3835
607,codicioso,h3,True,33,12.744,57,101,101
607,a_estrella,h3,True,25,249.59,1130,1800,1770
607,codicioso,h4,True,33,20.717,57,101,101
607,a_estrella,h4,True,25,235.857,858,1378,1357
607,codicioso,h5,True,43,18.793,91,155,154
607,a_estrella,h5,True,25,17.245,103,187,186
607,codicioso,h6_w0.3,True,59,105.098,540,916,909
607,a_estrella,h6_w0.3,True,25,2025.815,10917,17724,17065
607,codicioso,h6_w0.6,True,41,12.177,90,158,157
607,a_estrella,h6_w0.6,True,25,823.626,5017,8122,7879
607,codicioso,h6_w1.0,True,41,20.651,132,222,220
607,a_estrella,h6_w1.0,True,25,483.164,2437,3913,3835
608,codicioso,h1,True,54,162.683,1061,1780,1739
608,a_estrella,h1,True,26,6378.734,37830,59754,55828
608,codicioso,h2,True,48,85.309,406,696,692
608,a_estrella,h2,True,26,645.264,3809,6066,5904
608,codicioso,h3,True,36,23.674,92,155,155
608,a_estrella,h3,True,26,577.565,2244,3649,3587
608,codicioso,h4,True,26,14.138,36,63,63
608,a_estrella,h4,True,26,646.922,1580,2557,2518
608,codicioso,h5,True,28,5.514,32,60,60
608,a_estrella,h5,True,26,78.714,288,512,511
608,codicioso,h6_w0.3,True,48,124.116,487,826,815
608,a_estrella,h6_w0.3,True,26,4143.083,15170,24444,23394
608,codicioso,h6_w0.6,True,48,87.384,340,577,574
608,a_estrella,h6_w0.6,True,26,2156.483,7105,11411,11003
608,codicioso,h6_w1.0,True,48,72.362,406,696,692
608,a_estrella,h6_w1.0,True,26,719.292,3809,6066,5904
609,codicioso,h1,True,78,239.022,1472,2440,2372
609,a_estrella,h1,True,24,3137.084,17881,29028,27755
609,codicioso,h2,True,58,57.797,360,619,615
609,a_estrella,h2,True,24,298.919,1657,2680,2635
609,codicioso,h3,True,32,17.502,61,107,107
609,a_estrella,h3,True,24,203.59,725,1172,1154
609,codicioso,h4,True,52,37.516,161,272,270
609,a_estrella,h4,True,24,177.808,432,710,702
609,codicioso,h5,True,28,5.145,33,60,60
609,a_estrella,h5,True,24,26.979,97,177,175
609,codicioso,h6_w0.3,True,46,24.904,131,228,224
609,a_estrella,h6_w0.3,True,24,1473.222,6619,10810,10475
609,codicioso,h6_w0.6,True,46,42.484,103,181,180
609,a_estrella,h6_w0.6,True,24,607.381,3012,4897,4768
609,codicioso,h6_w1.0,True,58,80.555,360,619,615
609,a_estrella,h6_w1.0,True,24,306.816,1657,2680,2635
610,codicioso,h1,True,21,20.244,142,242,239
610,a_estrella,h1,True,21,1091.434,6017,9968,9664
610,codicioso,h2,True,29,25.125,192,323,321
610,a_estrella,h2,True,21,171.128,995,1628,1600
610,codicioso,h3,True,21,12.639,37,67,67
610,a_estrella,h3,True,21,157.266,602,993,980
610,codicioso,h4,True,21,13.527,37,67,67
610,a_estrella,h4,True,21,133.334,496,820,811
610,codicioso,h5,True,35,14.776,85,143,142
610,a_estrella,h5,True,21,34.601,170,301,300
610,codicioso,h6_w0.3,True,37,54.019,274,458,453
610,a_estrella,h6_w0.3,True,21,511.301,2543,4204,4091
610,codicioso,h6_w0.6,True,37,49.401,268,450,445
610,a_estrella,h6_w0.6,True,21,246.593,1401,2309,2256
610,codicioso,h6_w1.0,True,29,26.462,192,323,321
610,a_estrella,h6_w1.0,True,21,163.856,995,1628,1600
611,codicioso,h1,True,49,102.723,702,1180,1151
611,a_estrella,h1,True,23,2232.88,12692,20722,19895
611,codicioso,h2,True,49,52.92,186,311,308
611,a_estrella,h2,True,23,147.022,706,1138,1116
611,codicioso,h3,True,37,9.424,54,101,101
611,a_estrella,h3,True,23,119.102,418,684,672
611,codicioso,h4,True,39,21.695,57,104,104
611,a_estrella,h4,True,23,67.465,266,437,432
611,codicioso,h5,True,29,4.005,38,69,69
611,a_estrella,h5,True,23,30.14,123,215,213
611,codicioso,h6_w0.3,True,49,36.929,207,348,342
611,a_estrella,h6_w0.3,True,23,880.846,4130,6792,6617
611,codicioso,h6_w0.6,True,49,35.349,182,312,310
611,a_estrella,h6_w0.6,True,23,305.963,1595,2598,2535
611,codicioso,h6_w1.0,True,49,22.725,186,311,308
611,a_estrella,h6_w1.0,True,23,99.471,706,1138,1116
612,codicioso,h1,True,28,23.557,190,323,317
612,a_estrella,h1,True,22,1170.356,7760,12807,12376
612,codicioso,h2,True,38,16.725,112,195,195
612,a_estrella,h2,True,22,123.106,862,1411,1384
612,codicioso,h3,True,28,11.165,34,63,63
612,a_estrella,h3,True,22,90.134,490,800,792
612,codicioso,h4,True,28,6.996,34,63,63
612,a_estrella,h4,True,22,64.226,320,532,527
612,codicioso,h5,True,28,6.602,47,83,83
612,a_estrella,h5,True,22,16.188,107,195,195
612,codicioso,h6_w0.3,True,38,19.229,123,217,213
612,a_estrella,h6_w0.3,True,22,438.559,2960,4867,4741
612,codicioso,h6_w0.6,True,38,10.903,96,169,168
612,a_estrella,h6_w0.6,True,22,205.883,1470,2433,2384
612,codicioso,h6_w1.0,True,38,14.39,112,195,195
612,a_estrella,h6_w1.0,True,22,127.184,862,1411,1384
613,codicioso,h1,True,40,40.584,311,529,523
613,a_estrella,h1,True,22,1035.892,9387,15432,14938
613,codicioso,h2,True,56,28.78,262,443,440
613,a_estrella,h2,True,22,95.687,722,1159,1141
613,codicioso,h3,True,22,5.786,33,62,62
613,a_estrella,h3,True,22,84.149,398,640,632
613,codicioso,h4,True,56,32.239,151,258,257
613,a_estrella,h4,True,22,63.954,306,495,490
613,codicioso,h5,True,22,9.617,25,50,50
613,a_estrella,h5,True,22,9.952,65,114,114
613,codicioso,h6_w0.3,True,64,66.361,320,537,532
613,a_estrella,h6_w0.3,True,22,528.185,3178,5242,5123
613,codicioso,h6_w0.6,True,64,41.958,309,522,517
613,a_estrella,h6_w0.6,True,22,173.922,1330,2145,2101
613,codicioso,h6_w1.0,True,56,39.892,262,443,440
613,a_estrella,h6_w1.0,True,22,91.411,722,1159,1141
614,codicioso,h1,True,37,64.072,542,907,884
614,a_estrella,h1,True,17,112.066,983,1635,1599
614,codicioso,h2,True,39,67.0,511,883,869
614,a_estrella,h2,True,17,29.861,264,439,433
614,codicioso,h3,True,33,13.63,74,129,129
614,a_estrella,h3,True,17,24.364,134,220,220
614,codicioso,h4,True,33,17.298,74,129,129
614,a_estrella,h4,True,17,24.723,130,214,214
614,codicioso,h5,True,17,2.177,21,38,38
614,a_estrella,h5,True,17,2.681,26,45,45
614,codicioso,h6_w0.3,True,37,61.855,366,624,618
614,a_estrella,h6_w0.3,True,17,91.485,494,823,810
614,codicioso,h6_w0.6,True,37,58.446,372,638,632
614,a_estrella,h6_w0.6,True,17,48.094,309,512,503
614,codicioso,h6_w1.0,True,39,69.658,511,883,869
614,a_estrella,h6_w1.0,True,17,41.999,264,439,433
615,codicioso,h1,True,46,33.002,232,395,382
615,a_estrella,h1,True,18,122.444,1298,2186,2132
615,codicioso,h2,True,60,85.212,646,1114,1099
615,a_estrella,h2,True,18,24.138,202,342,339
615,codicioso,h3,True,36,22.864,107,187,186
615,a_estrella,h3,True,18,28.787,149,252,251
615,codicioso,h4,True,36,25.579,107,187,186
615,a_estrella,h4,True,18,31.826,148,251,250
615,codicioso,h5,True,18,2.962,19,35,35
615,a_estrella,h5,True,18,5.721,21,38,38
615,codicioso,h6_w0.3,True,46,30.868,229,394,385
615,a_estrella,h6_w0.3,True,18,70.537,523,883,865
615,codicioso,h6_w0.6,True,72,64.986,461,789,778
615,a_estrella,h6_w0.6,True,18,35.402,290,485,478
615,codicioso,h6_w1.0,True,60,98.124,646,1114,1099
615,a_estrella,h6_w1.0,True,18,29.636,202,342,339
616,codicioso,h1,True,26,18.294,169,285,282
616,a_estrella,h1,True,20,376.703,3049,5118,4985
616,codicioso,h2,True,30,17.263,58,107,107
616,a_estrella,h2,True,20,66.328,293,481,476
616,codicioso,h3,True,32,17.172,78,137,137
616,a_estrella,h3,True,20,31.644,176,298,296
616,codicioso,h4,True,32,15.784,76,134,134
616,a_estrella,h4,True,20,30.017,169,286,284
616,codicioso,h5,True,26,2.886,36,66,66
616,a_estrella,h5,True,20,2.554,34,62,62
616,codicioso,h6_w0.3,True,30,5.22,78,140,139
616,a_estrella,h6_w0.3,True,20,90.201,1076,1809,1771
616,codicioso,h6_w0.6,True,30,9.554,65,115,114
616,a_estrella,h6_w0.6,True,20,95.037,495,821,802
616,codicioso,h6_w1.0,True,30,19.392,58,107,107
616,a_estrella,h6_w1.0,True,20,49.455,293,481,476
617,codicioso,h1,True,53,221.401,1501,2518,2461
617,a_estrella,h1,True,23,1826.549,13024,21337,20508
617,codicioso,h2,True,35,7.444,121,211,210
617,a_estrella,h2,True,23,116.69,946,1544,1517
617,codicioso,h3,True,35,11.579,60,111,111
617,a_estrella,h3,True,23,122.009,582,977,964
617,codicioso,h4,True,35,14.407,60,111,111
617,a_estrella,h4,True,23,102.632,432,720,711
617,codicioso,h5,True,25,3.81,31,60,60
617,a_estrella,h5,True,23,26.421,145,256,255
617,codicioso,h6_w0.3,True,57,58.599,425,723,718
617,a_estrella,h6_w0.3,True,23,751.371,4489,7376,7165
617,codicioso,h6_w0.6,True,75,59.931,402,692,689
617,a_estrella,h6_w0.6,True,23,246.286,2009,3270,3182
617,codicioso,h6_w1.0,True,35,20.153,121,211,210
617,a_estrella,h6_w1.0,True,23,100.668,946,1544,1517
618,codicioso,h1,True,22,19.067,167,285,280
618,a_estrella,h1,True,20,478.194,3596,6043,5891
618,codicioso,h2,True,22,12.239,48,84,84
618,a_estrella,h2,True,20,117.715,767,1251,1220
618,codicioso,h3,True,22,7.945,39,69,69
618,a_estrella,h3,True,20,104.701,491,817,804
618,codicioso,h4,True,22,7.996,39,69,69
618,a_estrella,h4,True,20,101.783,468,783,771
618,codicioso,h5,True,32,20.569,51,95,95
618,a_estrella,h5,True,20,13.932,71,126,125
618,codicioso,h6_w0.3,True,22,13.965,71,124,123
618,a_estrella,h6_w0.3,True,20,234.258,1637,2732,2664
618,codicioso,h6_w0.6,True,22,5.108,53,90,89
618,a_estrella,h6_w0.6,True,20,109.488,998,1641,1598
618,codicioso,h6_w1.0,True,22,6.339,48,84,84
618,a_estrella,h6_w1.0,True,20,103.92,767,1251,1220
619,codicioso,h1,True,43,25.721,194,336,328
619,a_estrella,h1,True,23,1727.237,13733,22369,21495
619,codicioso,h2,True,25,6.384,50,88,88
619,a_estrella,h2,True,23,285.679,1717,2802,2758
619,codicioso,h3,True,25,9.952,40,74,74
619,a_estrella,h3,True,23,237.82,1025,1681,1657
619,codicioso,h4,True,25,10.025,40,74,74
619,a_estrella,h4,True,23,178.95,754,1241,1220
619,codicioso,h5,True,25,6.732,50,90,90
619,a_estrella,h5,True,23,51.917,298,506,493
619,codicioso,h6_w0.3,True,25,6.548,54,93,91
619,a_estrella,h6_w0.3,True,23,1006.942,5529,9063,8812
619,codicioso,h6_w0.6,True,43,18.485,96,169,167
619,a_estrella,h6_w0.6,True,23,489.85,2773,4536,4424
619,codicioso,h6_w1.0,True,25,10.792,50,88,88
619,a_estrella,h6_w1.0,True,23,281.447,1717,2802,2758
620,codicioso,h1,True,39,138.466,957,1624,1596
620,a_estrella,h1,True,19,359.209,2316,3889,3799
620,codicioso,h2,True,59,82.359,380,657,650
620,a_estrella,h2,True,19,41.691,221,366,362
620,codicioso,h3,True,41,18.294,65,117,117
620,a_estrella,h3,True,19,28.659,138,239,237
620,codicioso,h4,True,41,15.748,65,117,117
620,a_estrella,h4,True,19,44.777,124,218,217
620,codicioso,h5,True,19,5.641,21,41,41
620,a_estrella,h5,True,19,4.264,33,63,61
620,codicioso,h6_w0.3,True,71,63.496,458,785,779
620,a_estrella,h6_w0.3,True,19,118.655,846,1409,1379
620,codicioso,h6_w0.6,True,71,54.046,378,655,652
620,a_estrella,h6_w0.6,True,19,56.025,403,674,662
620,codicioso,h6_w1.0,True,59,61.168,380,657,650
620,a_estrella,h6_w1.0,True,19,33.188,221,366,362
621,codicioso,h1,True,30,7.608,80,140,137
621,a_estrella,h1,True,18,201.209,1289,2172,2123
621,codicioso,h2,True,30,14.451,85,143,142
621,a_estrella,h2,True,18,36.22,245,408,403
621,codicioso,h3,True,32,19.822,84,150,149
621,a_estrella,h3,True,18,33.985,137,236,235
621,codicioso,h4,True,32,21.365,84,150,149
621,a_estrella,h4,True,18,21.847,72,126,126
621,codicioso,h5,True,18,2.131,19,35,35
621,a_estrella,h5,True,18,13.462,42,80,80
621,codicioso,h6_w0.3,True,30,9.184,64,113,112
621,a_estrella,h6_w0.3,True,18,91.719,562,937,919
621,codicioso,h6_w0.6,True,30,10.693,65,115,114
621,a_estrella,h6_w0.6,True,18,73.258,314,516,506
621,codicioso,h6_w1.0,True,30,9.348,85,143,142
621,a_estrella,h6_w1.0,True,18,53.763,245,408,403
622,codicioso,h1,True,46,195.27,1160,1948,1908
622,a_estrella,h1,True,18,239.48,1450,2420,2364
622,codicioso,h2,True,32,12.107,138,237,236
622,a_estrella,h2,True,18,52.702,340,557,549
622,codicioso,h3,True,24,16.928,76,132,131
622,a_estrella,h3,True,18,40.02,226,372,368
622,codicioso,h4,True,24,10.378,43,74,74
622,a_estrella,h4,True,18,37.678,184,304,300
622,codicioso,h5,True,20,1.998,31,56,56
622,a_estrella,h5,True,18,2.996,39,73,73
622,codicioso,h6_w0.3,True,44,51.104,414,698,692
622,a_estrella,h6_w0.3,True,18,102.58,697,1156,1136
622,codicioso,h6_w0.6,True,44,44.021,320,547,543
622,a_estrella,h6_w0.6,True,18,55.8,407,674,661
622,codicioso,h6_w1.0,True,32,21.772,138,237,236
622,a_estrella,h6_w1.0,True,18,50.723,340,557,549
623,codicioso,h1,True,49,230.946,1863,3128,3050
623,a_estrella,h1,True,23,2255.965,13630,22278,21402
623,codicioso,h2,True,51,49.095,396,682,678
623,a_estrella,h2,True,23,224.712,1706,2771,2725
623,codicioso,h3,True,29,10.376,52,91,91
623,a_estrella,h3,True,23,165.763,882,1446,1424
623,codicioso,h4,True,29,8.705,48,85,85
623,a_estrella,h4,True,23,168.213,765,1265,1248
623,codicioso,h5,True,27,4.721,40,71,71
623,a_estrella,h5,True,23,17.69,129,232,231
623,codicioso,h6_w0.3,True,63,84.404,592,995,981
623,a_estrella,h6_w0.3,True,23,942.389,5513,9001,8724
623,codicioso,h6_w0.6,True,51,43.581,335,570,567
623,a_estrella,h6_w0.6,True,23,452.277,2800,4575,4461
623,codicioso,h6_w1.0,True,51,60.936,396,682,678
623,a_estrella,h6_w1.0,True,23,294.815,1706,2771,2725
624,codicioso,h1,True,59,133.013,973,1634,1597
624,a_estrella,h1,True,23,2150.867,13532,22149,21282
624,codicioso,h2,True,43,43.858,266,446,443
624,a_estrella,h2,True,23,214.904,1523,2444,2398
624,codicioso,h3,True,37,13.332,72,128,128
624,a_estrella,h3,True,23,203.41,728,1178,1162
624,codicioso,h4,True,39,25.388,79,140,140
624,a_estrella,h4,True,23,99.439,375,614,613
624,codicioso,h5,True,31,10.141,41,74,74
624,a_estrella,h5,True,23,13.96,99,171,170
624,codicioso,h6_w0.3,True,55,79.764,397,669,660
624,a_estrella,h6_w0.3,True,23,865.302,5299,8752,8507
624,codicioso,h6_w0.6,True,55,38.775,290,493,488
624,a_estrella,h6_w0.6,True,23,469.116,2580,4221,4119
624,codicioso,h6_w1.0,True,43,43.561,266,446,443
624,a_estrella,h6_w1.0,True,23,233.737,1523,2444,2398
625,codicioso,h1,True,34,168.851,1404,2332,2288
625,a_estrella,h1,True,22,1103.52,7301,12004,11606
625,codicioso,h2,True,46,71.257,472,818,807
625,a_estrella,h2,True,22,70.24,469,771,766
625,codicioso,h3,True,34,8.456,46,82,82
625,a_estrella,h3,True,22,64.394,306,509,506
625,codicioso,h4,True,34,10.702,46,82,82
625,a_estrella,h4,True,22,47.569,189,314,313
625,codicioso,h5,True,24,9.141,43,73,73
625,a_estrella,h5,True,22,11.627,66,123,123
625,codicioso,h6_w0.3,True,30,15.739,102,170,168
625,a_estrella,h6_w0.3,True,22,343.813,2319,3807,3707
625,codicioso,h6_w0.6,True,46,58.648,341,587,582
625,a_estrella,h6_w0.6,True,22,149.312,970,1582,1546
625,codicioso,h6_w1.0,True,46,69.052,472,818,807
625,a_estrella,h6_w1.0,True,22,72.257,469,771,766
626,codicioso,h1,True,31,25.069,209,353,345
626,a_estrella,h1,True,19,393.99,2608,4413,4298
626,codicioso,h2,True,31,30.539,230,407,405
626,a_estrella,h2,True,19,72.692,534,879,861
626,codicioso,h3,True,19,7.853,50,87,87
626,a_estrella,h3,True,19,72.054,357,591,580
626,codicioso,h4,True,19,11.21,50,87,87
626,a_estrella,h4,True,19,83.125,353,585,574
626,codicioso,h5,True,31,9.83,78,133,132
626,a_estrella,h5,True,19,19.973,129,225,222
626,codicioso,h6_w0.3,True,31,18.29,133,229,227
626,a_estrella,h6_w0.3,True,19,168.419,1217,2032,1982
626,codicioso,h6_w0.6,True,55,57.425,374,638,632
626,a_estrella,h6_w0.6,True,19,104.011,713,1193,1171
626,codicioso,h6_w1.0,True,31,33.28,230,407,405
626,a_estrella,h6_w1.0,True,19,77.648,534,879,861
627,codicioso,h1,True,61,27.322,273,463,449
627,a_estrella,h1,True,23,1799.253,12697,20850,20073
627,codicioso,h2,True,41,17.31,144,245,244
627,a_estrella,h2,True,23,144.058,951,1533,1509
627,codicioso,h3,True,29,12.139,63,106,106
627,a_estrella,h3,True,23,100.152,549,900,891
627,codicioso,h4,True,29,14.694,62,104,104
627,a_estrella,h4,True,23,108.099,452,745,736
627,codicioso,h5,True,29,4.644,40,73,73
627,a_estrella,h5,True,23,10.752,71,129,129
627,codicioso,h6_w0.3,True,61,40.947,335,568,556
627,a_estrella,h6_w0.3,True,23,687.514,4333,7128,6941
627,codicioso,h6_w0.6,True,59,55.329,273,474,466
627,a_estrella,h6_w0.6,True,23,322.269,1856,3038,2970
627,codicioso,h6_w1.0,True,41,15.429,144,245,244
627,a_estrella,h6_w1.0,True,23,137.08,951,1533,1509
628,codicioso,h1,True,62,191.945,1572,2637,2581
628,a_estrella,h1,True,24,2535.748,17889,29199,27897
628,codicioso,h2,True,62,47.881,388,666,660
628,a_estrella,h2,True,24,170.284,1329,2145,2113
628,codicioso,h3,True,56,34.792,159,273,272
628,a_estrella,h3,True,24,126.249,672,1111,1099
628,codicioso,h4,True,56,34.264,159,273,272
628,a_estrella,h4,True,24,85.26,377,628,625
628,codicioso,h5,True,44,16.447,91,154,153
628,a_estrella,h5,True,24,12.544,109,193,192
628,codicioso,h6_w0.3,True,62,23.246,160,276,271
628,a_estrella,h6_w0.3,True,24,1002.005,6291,10330,10022
628,codicioso,h6_w0.6,True,62,29.855,125,216,215
628,a_estrella,h6_w0.6,True,24,406.167,2745,4495,4376
628,codicioso,h6_w1.0,True,62,50.143,388,666,660
628,a_estrella,h6_w1.0,True,24,203.073,1329,2145,2113
629,codicioso,h1,True,65,199.995,1432,2386,2319
629,a_estrella,h1,True,17,124.249,862,1447,1414
629,codicioso,h2,True,47,21.556,135,226,224
629,a_estrella,h2,True,17,8.182,73,124,124
629,codicioso,h3,True,43,14.125,83,149,149
629,a_estrella,h3,True,17,6.892,47,82,82
629,codicioso,h4,True,43,21.088,84,150,150
629,a_estrella,h4,True,17,8.42,47,82,82
629,codicioso,h5,True,17,2.039,18,34,34
629,a_estrella,h5,True,17,2.46,18,34,34
629,codicioso,h6_w0.3,True,47,27.817,159,267,262
629,a_estrella,h6_w0.3,True,17,48.828,326,547,536
629,codicioso,h6_w0.6,True,47,15.182,124,213,211
629,a_estrella,h6_w0.6,True,17,20.044,139,234,232
629,codicioso,h6_w1.0,True,47,18.752,135,226,224
629,a_estrella,h6_w1.0,True,17,12.034,73,124,124
630,codicioso,h1,True,46,51.612,479,804,784
630,a_estrella,h1,True,24,2823.932,18442,29837,28470
630,codicioso,h2,True,34,13.209,94,161,160
630,a_estrella,h2,True,24,358.416,2481,3979,3874
630,codicioso,h3,True,42,35.919,170,282,279
630,a_estrella,h3,True,24,283.899,1448,2338,2289
630,codicioso,h4,True,42,45.095,168,279,276
630,a_estrella,h4,True,24,311.772,1250,2015,1981
630,codicioso,h5,True,36,9.066,64,113,113
630,a_estrella,h5,True,24,33.385,162,285,283
630,codicioso,h6_w0.3,True,30,7.737,75,130,129
630,a_estrella,h6_w0.3,True,24,1262.235,7595,12383,11961
630,codicioso,h6_w0.6,True,30,16.602,74,130,129
630,a_estrella,h6_w0.6,True,24,529.438,3814,6170,5993
630,codicioso,h6_w1.0,True,34,12.713,94,161,160
630,a_estrella,h6_w1.0,True,24,306.587,2481,3979,3874
631,codicioso,h1,True,24,7.008,65,114,111
631,a_estrella,h1,True,14,27.861,286,482,470
631,codicioso,h2,True,22,10.666,76,131,130
631,a_estrella,h2,True,14,16.469,125,210,208
631,codicioso,h3,True,24,6.052,42,76,76
631,a_estrella,h3,True,14,15.354,87,148,147
631,codicioso,h4,True,24,7.24,42,76,76
631,a_estrella,h4,True,14,16.973,87,148,147
631,codicioso,h5,True,28,8.827,55,96,96
631,a_estrella,h5,True,14,8.328,29,54,53
631,codicioso,h6_w0.3,True,24,6.364,55,98,97
631,a_estrella,h6_w0.3,True,14,28.971,180,303,300
631,codicioso,h6_w0.6,True,24,7.89,56,100,99
631,a_estrella,h6_w0.6,True,14,18.085,127,215,213
631,codicioso,h6_w1.0,True,22,7.578,76,131,130
631,a_estrella,h6_w1.0,True,14,18.378,125,210,208
632,codicioso,h1,True,34,60.537,500,856,836
632,a_estrella,h1,True,18,193.476,1418,2409,2348
632,codicioso,h2,True,48,54.951,365,628,622
632,a_estrella,h2,True,18,48.793,291,481,476
632,codicioso,h3,True,40,21.677,79,139,139
632,a_estrella,h3,True,18,39.075,204,347,347
632,codicioso,h4,True,40,32.162,79,139,139
632,a_estrella,h4,True,18,40.437,194,327,327
632,codicioso,h5,True,20,4.011,27,52,52
632,a_estrella,h5,True,18,3.83,26,48,48
632,codicioso,h6_w0.3,True,52,68.064,480,809,798
632,a_estrella,h6_w0.3,True,18,84.919,657,1099,1078
632,codicioso,h6_w0.6,True,52,45.335,348,586,583
632,a_estrella,h6_w0.6,True,18,53.594,378,627,618
632,codicioso,h6_w1.0,True,48,51.225,365,628,622
632,a_estrella,h6_w1.0,True,18,35.974,291,481,476
633,codicioso,h1,True,64,228.845,1970,3282,3204
633,a_estrella,h1,True,24,2738.066,20805,33640,32080
633,codicioso,h2,True,48,16.123,117,195,194
633,a_estrella,h2,True,24,92.378,819,1302,1287
633,codicioso,h3,True,44,13.263,67,120,120
633,a_estrella,h3,True,24,109.872,541,869,857
633,codicioso,h4,True,36,14.003,59,101,101
633,a_estrella,h4,True,24,64.788,299,485,481
633,codicioso,h5,True,26,2.301,28,53,53
633,a_estrella,h5,True,24,6.553,56,96,94
633,codicioso,h6_w0.3,True,40,9.056,72,125,124
633,a_estrella,h6_w0.3,True,24,1082.308,6442,10534,10244
633,codicioso,h6_w0.6,True,40,11.067,74,129,128
633,a_estrella,h6_w0.6,True,24,376.772,2438,3934,3843
633,codicioso,h6_w1.0,True,48,9.475,117,195,194
633,a_estrella,h6_w1.0,True,24,106.221,819,1302,1287
634,codicioso,h1,True,65,175.257,1341,2256,2201
634,a_estrella,h1,True,25,4188.375,27682,44295,41892
634,codicioso,h2,True,45,17.351,120,208,207
634,a_estrella,h2,True,25,148.694,1235,1967,1935
634,codicioso,h3,True,33,17.247,55,98,98
634,a_estrella,h3,True,25,185.28,815,1304,1288
634,codicioso,h4,True,33,8.299,52,94,94
634,a_estrella,h4,True,25,192.259,753,1209,1195
634,codicioso,h5,True,25,8.575,27,49,49
634,a_estrella,h5,True,25,13.121,74,136,135
634,codicioso,h6_w0.3,True,69,68.959,384,655,639
634,a_estrella,h6_w0.3,True,25,1491.11,9041,14676,14201
634,codicioso,h6_w0.6,True,67,50.389,311,540,532
634,a_estrella,h6_w0.6,True,25,555.454,3439,5571,5445
634,codicioso,h6_w1.0,True,45,20.193,120,208,207
634,a_estrella,h6_w1.0,True,25,170.845,1235,1967,1935
635,codicioso,h1,True,57,135.838,1296,2176,2120
635,a_estrella,h1,True,25,3967.092,27578,44171,41730
635,codicioso,h2,True,67,75.518,569,973,961
635,a_estrella,h2,True,25,154.929,1268,2009,1964
635,codicioso,h3,True,43,16.144,80,141,141
635,a_estrella,h3,True,25,130.047,759,1215,1197
635,codicioso,h4,True,43,17.226,77,137,137
635,a_estrella,h4,True,25,114.195,526,851,843
635,codicioso,h5,True,31,3.709,35,66,66
635,a_estrella,h5,True,25,8.785,65,121,119
635,codicioso,h6_w0.3,True,81,92.27,541,910,897
635,a_estrella,h6_w0.3,True,25,1503.349,9089,14741,14245
635,codicioso,h6_w0.6,True,67,72.429,441,741,734
635,a_estrella,h6_w0.6,True,25,477.597,3405,5482,5335
635,codicioso,h6_w1.0,True,67,92.367,569,973,961
635,a_estrella,h6_w1.0,True,25,179.218,1268,2009,1964
636,codicioso,h1,True,46,98.643,934,1554,1516
636,a_estrella,h1,True,20,471.929,3293,5500,5356
636,codicioso,h2,True,28,9.127,74,131,130
636,a_estrella,h2,True,20,81.011,472,774,762
636,codicioso,h3,True,40,16.872,62,107,107
636,a_estrella,h3,True,20,83.908,271,456,453
636,codicioso,h4,True,34,16.17,61,110,110
636,a_estrella,h4,True,20,46.359,208,357,356
636,codicioso,h5,True,26,5.597,32,58,58
636,a_estrella,h5,True,20,8.632,53,97,97
636,codicioso,h6_w0.3,True,64,90.154,568,965,952
636,a_estrella,h6_w0.3,True,20,209.794,1363,2272,2219
636,codicioso,h6_w0.6,True,64,55.314,426,723,718
636,a_estrella,h6_w0.6,True,20,105.25,718,1190,1165
636,codicioso,h6_w1.0,True,28,16.085,74,131,130
636,a_estrella,h6_w1.0,True,20,55.575,472,774,762
637,codicioso,h1,True,38,34.921,303,516,505
637,a_estrella,h1,True,24,2986.46,22397,36087,34271
637,codicioso,h2,True,46,17.984,124,208,206
637,a_estrella,h2,True,24,364.692,2679,4317,4244
637,codicioso,h3,True,30,13.073,55,99,99
637,a_estrella,h3,True,24,309.227,1479,2400,2358
637,codicioso,h4,True,36,13.779,55,99,99
637,a_estrella,h4,True,24,221.232,1082,1751,1724
637,codicioso,h5,True,44,17.632,98,168,167
637,a_estrella,h5,True,24,16.906,191,337,336
637,codicioso,h6_w0.3,True,46,8.616,140,244,239
637,a_estrella,h6_w0.3,True,24,1401.393,9026,14691,14172
637,codicioso,h6_w0.6,True,46,15.768,107,186,185
637,a_estrella,h6_w0.6,True,24,640.224,4504,7303,7081
637,codicioso,h6_w1.0,True,46,17.764,124,208,206
637,a_estrella,h6_w1.0,True,24,448.09,2679,4317,4244
638,codicioso,h1,True,39,28.494,266,449,439
638,a_estrella,h1,True,19,341.008,2438,4074,3974
638,codicioso,h2,True,31,11.327,88,150,148
638,a_estrella,h2,True,19,51.334,420,707,699
638,codicioso,h3,True,41,31.845,148,254,252
638,a_estrella,h3,True,19,43.811,196,334,332
638,codicioso,h4,True,41,28.039,149,255,253
638,a_estrella,h4,True,19,44.952,193,328,326
638,codicioso,h5,True,31,5.651,44,79,79
638,a_estrella,h5,True,19,5.629,41,73,73
638,codicioso,h6_w0.3,True,51,31.967,245,421,412
638,a_estrella,h6_w0.3,True,19,142.432,1049,1749,1714
638,codicioso,h6_w0.6,True,31,5.639,69,124,123
638,a_estrella,h6_w0.6,True,19,83.505,583,977,960
638,codicioso,h6_w1.0,True,31,17.294,88,150,148
638,a_estrella,h6_w1.0,True,19,59.956,420,707,699
639,codicioso,h1,True,28,23.785,176,299,298
639,a_estrella,h1,True,20,493.372,3334,5565,5409
639,codicioso,h2,True,30,31.477,194,328,326
639,a_estrella,h2,True,20,70.028,475,780,770
639,codicioso,h3,True,28,6.401,56,99,99
639,a_estrella,h3,True,20,48.106,273,445,437
639,codicioso,h4,True,28,11.48,56,99,99
639,a_estrella,h4,True,20,39.144,197,322,318
639,codicioso,h5,True,26,6.395,72,123,122
639,a_estrella,h5,True,20,17.814,149,253,249
639,codicioso,h6_w0.3,True,38,33.336,275,461,456
639,a_estrella,h6_w0.3,True,20,191.485,1355,2255,2201
639,codicioso,h6_w0.6,True,38,36.277,269,453,448
639,a_estrella,h6_w0.6,True,20,102.421,725,1201,1173
639,codicioso,h6_w1.0,True,30,18.867,194,328,326
639,a_estrella,h6_w1.0,True,20,59.454,475,780,770
640,codicioso,h1,True,51,81.208,743,1241,1210
640,a_estrella,h1,True,23,1626.615,12372,20185,19417
640,codicioso,h2,True,61,81.311,518,891,878
640,a_estrella,h2,True,23,100.888,711,1135,1122
640,codicioso,h3,True,29,9.255,56,97,97
640,a_estrella,h3,True,23,115.325,481,777,771
640,codicioso,h4,True,29,15.037,52,91,91
640,a_estrella,h4,True,23,61.958,291,469,465
640,codicioso,h5,True,23,3.237,24,43,43
640,a_estrella,h5,True,23,7.669,48,89,87
640,codicioso,h6_w0.3,True,55,45.935,402,679,672
640,a_estrella,h6_w0.3,True,23,583.648,3985,6519,6348
640,codicioso,h6_w0.6,True,55,50.922,391,661,654
640,a_estrella,h6_w0.6,True,23,233.031,1647,2686,2629
640,codicioso,h6_w1.0,True,61,70.58,518,891,878
640,a_estrella,h6_w1.0,True,23,139.414,711,1135,1122
641,codicioso,h1,True,51,187.763,1207,2018,1978
641,a_estrella,h1,True,13,22.381,171,285,283
641,codicioso,h2,True,13,3.388,16,29,29
641,a_estrella,h2,True,13,7.583,43,72,72
641,codicioso,h3,True,13,5.01,16,29,29
641,a_estrella,h3,True,13,5.995,37,63,63
641,codicioso,h4,True,13,3.492,16,29,29
641,a_estrella,h4,True,13,11.632,35,60,60
641,codicioso,h5,True,13,1.624,15,28,28
641,a_estrella,h5,True,13,2.841,24,41,41
641,codicioso,h6_w0.3,True,13,5.574,19,34,34
641,a_estrella,h6_w0.3,True,13,10.677,84,143,143
641,codicioso,h6_w0.6,True,13,2.218,17,31,31
641,a_estrella,h6_w0.6,True,13,7.162,54,91,91
641,codicioso,h6_w1.0,True,13,2.111,16,29,29
641,a_estrella,h6_w1.0,True,13,6.075,43,72,72
642,codicioso,h1,True,54,37.5,320,545,534
642,a_estrella,h1,True,20,371.222,3128,5205,5082
642,codicioso,h2,True,32,9.31,83,144,143
642,a_estrella,h2,True,20,30.731,319,527,522
642,codicioso,h3,True,26,7.639,53,94,94
642,a_estrella,h3,True,20,35.586,194,319,317
642,codicioso,h4,True,26,11.211,50,89,89
642,a_estrella,h4,True,20,35.007,158,264,264
642,codicioso,h5,True,30,10.25,67,121,121
642,a_estrella,h5,True,20,10.772,56,100,100
642,codicioso,h6_w0.3,True,32,24.561,211,354,347
642,a_estrella,h6_w0.3,True,20,140.433,1170,1936,1896
642,codicioso,h6_w0.6,True,32,14.552,129,220,217
642,a_estrella,h6_w0.6,True,20,74.575,548,913,898
642,codicioso,h6_w1.0,True,32,6.199,83,144,143
642,a_estrella,h6_w1.0,True,20,39.591,319,527,522
643,codicioso,h1,True,49,68.268,617,1027,998
643,a_estrella,h1,True,25,4258.051,28578,45712,43165
643,codicioso,h2,True,49,15.457,124,212,212
643,a_estrella,h2,True,25,295.352,1711,2742,2702
643,codicioso,h3,True,29,13.787,61,105,105
643,a_estrella,h3,True,25,217.697,875,1419,1401
643,codicioso,h4,True,63,22.069,119,206,206
643,a_estrella,h4,True,25,138.033,595,972,961
643,codicioso,h5,True,29,5.507,36,64,64
643,a_estrella,h5,True,25,7.347,66,123,122
643,codicioso,h6_w0.3,True,49,22.712,142,248,244
643,a_estrella,h6_w0.3,True,25,1742.354,10152,16499,15928
643,codicioso,h6_w0.6,True,49,20.523,112,194,193
643,a_estrella,h6_w0.6,True,25,638.751,4181,6751,6567
643,codicioso,h6_w1.0,True,49,17.185,124,212,212
643,a_estrella,h6_w1.0,True,25,238.327,1711,2742,2702
644,codicioso,h1,True,54,92.787,805,1341,1309
644,a_estrella,h1,True,28,12054.464,71463,109370,99035
644,codicioso,h2,True,32,16.142,147,249,247
644,a_estrella,h2,True,28,1331.115,7668,12164,11858
644,codicioso,h3,True,32,10.356,50,89,89
644,a_estrella,h3,True,28,1111.283,4314,6863,6713
644,codicioso,h4,True,32,16.225,51,90,90
644,a_estrella,h4,True,28,686.158,2518,4026,3962
644,codicioso,h5,True,36,14.34,61,112,112
644,a_estrella,h5,True,28,148.014,778,1340,1321
644,codicioso,h6_w0.3,True,56,72.601,395,666,661
644,a_estrella,h6_w0.3,True,28,5803.817,32140,50805,47812
644,codicioso,h6_w0.6,True,56,70.936,306,522,519
644,a_estrella,h6_w0.6,True,28,2885.35,15497,24635,23605
644,codicioso,h6_w1.0,True,32,29.685,147,249,247
644,a_estrella,h6_w1.0,True,28,1230.783,7668,12164,11858
645,codicioso,h1,True,73,134.807,925,1553,1506
645,a_estrella,h1,True,23,1725.165,13139,21511,20707
645,codicioso,h2,True,29,34.91,297,511,509
645,a_estrella,h2,True,23,149.78,1153,1879,1839
645,codicioso,h3,True,25,11.998,43,77,77
645,a_estrella,h3,True,23,136.59,700,1145,1126
645,codicioso,h4,True,25,7.322,43,77,77
645,a_estrella,h4,True,23,111.008,525,850,835
645,codicioso,h5,True,29,9.305,44,80,80
645,a_estrella,h5,True,23,24.792,161,279,273
645,codicioso,h6_w0.3,True,25,24.052,162,271,268
645,a_estrella,h6_w0.3,True,23,780.403,4708,7756,7547
645,codicioso,h6_w0.6,True,27,29.724,209,351,348
645,a_estrella,h6_w0.6,True,23,309.815,2193,3561,3460
645,codicioso,h6_w1.0,True,29,40.995,297,511,509
645,a_estrella,h6_w1.0,True,23,152.559,1153,1879,1839
646,codicioso,h1,True,48,80.887,707,1197,1159
646,a_estrella,h1,True,22,1146.844,8700,14303,13808
646,codicioso,h2,True,28,13.973,64,112,111
646,a_estrella,h2,True,22,45.816,333,524,517
646,codicioso,h3,True,28,15.804,54,91,90
646,a_estrella,h3,True,22,31.839,212,341,337
646,codicioso,h4,True,28,14.127,52,88,87
646,a_estrella,h4,True,22,21.57,113,187,187
646,codicioso,h5,True,22,3.747,23,41,41
646,a_estrella,h5,True,22,10.352,71,127,125
646,codicioso,h6_w0.3,True,28,21.437,163,277,270
646,a_estrella,h6_w0.3,True,22,374.828,2476,4062,3970
646,codicioso,h6_w0.6,True,28,12.07,109,188,185
646,a_estrella,h6_w0.6,True,22,147.284,886,1433,1395
646,codicioso,h6_w1.0,True,28,10.843,64,112,111
646,a_estrella,h6_w1.0,True,22,54.078,333,524,517
647,codicioso,h1,True,51,85.094,823,1371,1338
647,a_estrella,h1,True,25,4021.348,29164,46458,43735
647,codicioso,h2,True,45,48.646,253,443,440
647,a_estrella,h2,True,25,540.604,3446,5523,5394
647,codicioso,h3,True,29,9.495,62,111,111
647,a_estrella,h3,True,25,405.824,1988,3185,3118
647,codicioso,h4,True,27,6.853,46,83,83
647,a_estrella,h4,True,25,329.469,1464,2351,2299
647,codicioso,h5,True,25,11.59,34,63,63
647,a_estrella,h5,True,25,34.331,233,412,409
647,codicioso,h6_w0.3,True,47,24.888,182,308,306
647,a_estrella,h6_w0.3,True,25,1871.479,12032,19392,18609
647,codicioso,h6_w0.6,True,71,49.683,391,667,661
647,a_estrella,h6_w0.6,True,25,896.429,6051,9747,9426
647,codicioso,h6_w1.0,True,45,45.97,253,443,440
647,a_estrella,h6_w1.0,True,25,522.552,3446,5523,5394
648,codicioso,h1,True,56,101.52,944,1582,1544
648,a_estrella,h1,True,24,2739.415,22107,35643,33881
648,codicioso,h2,True,44,15.015,152,260,259
648,a_estrella,h2,True,24,372.68,2582,4186,4104
648,codicioso,h3,True,38,19.051,97,165,164
648,a_estrella,h3,True,24,245.615,1304,2136,2109
648,codicioso,h4,True,38,28.163,101,171,170
648,a_estrella,h4,True,24,274.83,1026,1685,1665
648,codicioso,h5,True,30,6.127,54,97,97
648,a_estrella,h5,True,24,38.665,262,454,451
648,codicioso,h6_w0.3,True,58,48.57,311,530,518
648,a_estrella,h6_w0.3,True,24,1364.793,8853,14366,13862
648,codicioso,h6_w0.6,True,56,36.002,274,475,467
648,a_estrella,h6_w0.6,True,24,649.657,4376,7102,6900
648,codicioso,h6_w1.0,True,44,28.97,152,260,259
648,a_estrella,h6_w1.0,True,24,389.807,2582,4186,4104
649,codicioso,h1,True,40,47.492,308,520,508
649,a_estrella,h1,True,20,471.282,3106,5139,5012
649,codicioso,h2,True,40,46.497,320,554,548
649,a_estrella,h2,True,20,51.112,408,665,655
649,codicioso,h3,True,28,11.323,58,99,98
649,a_estrella,h3,True,20,41.427,236,381,376
649,codicioso,h4,True,28,12.867,59,100,99
649,a_estrella,h4,True,20,41.082,168,276,274
649,codicioso,h5,True,20,1.603,21,40,40
649,a_estrella,h5,True,20,7.261,38,72,71
649,codicioso,h6_w0.3,True,40,24.47,237,396,391
649,a_estrella,h6_w0.3,True,20,185.387,1221,2025,1986
649,codicioso,h6_w0.6,True,40,29.41,229,387,382
649,a_estrella,h6_w0.6,True,20,116.433,636,1040,1023
649,codicioso,h6_w1.0,True,40,53.633,320,554,548
649,a_estrella,h6_w1.0,True,20,67.061,408,665,655
650,codicioso,h1,True,40,34.537,254,437,430
650,a_estrella,h1,True,16,77.46,596,1001,981
650,codicioso,h2,True,18,6.093,50,86,85
650,a_estrella,h2,True,16,13.024,166,274,270
650,codicioso,h3,True,16,4.92,21,39,39
650,a_estrella,h3,True,16,18.391,106,172,171
650,codicioso,h4,True,16,2.571,21,39,39
650,a_estrella,h4,True,16,24.007,106,172,171
650,codicioso,h5,True,16,2.668,17,34,34
650,a_estrella,h5,True,16,2.244,23,43,43
650,codicioso,h6_w0.3,True,18,5.679,54,92,90
650,a_estrella,h6_w0.3,True,16,38.224,302,502,493
650,codicioso,h6_w0.6,True,18,3.652,49,83,82
650,a_estrella,h6_w0.6,True,16,20.602,185,305,301
650,codicioso,h6_w1.0,True,18,7.794,50,86,85
650,a_estrella,h6_w1.0,True,16,24.29,166,274,270
651,codicioso,h1,True,53,118.334,803,1354,1324
651,a_estrella,h1,True,21,761.931,5591,9229,8933
651,codicioso,h2,True,27,3.955,53,91,91
651,a_estrella,h2,True,21,76.903,626,1037,1028
651,codicioso,h3,True,27,7.626,43,77,77
651,a_estrella,h3,True,21,88.87,425,706,702
651,codicioso,h4,True,27,8.685,43,77,77
651,a_estrella,h4,True,21,64.321,358,593,590
651,codicioso,h5,True,25,5.228,48,85,85
651,a_estrella,h5,True,21,16.12,119,206,206
651,codicioso,h6_w0.3,True,27,8.915,59,98,96
651,a_estrella,h6_w0.3,True,21,312.856,2080,3445,3362
651,codicioso,h6_w0.6,True,47,12.229,100,173,171
651,a_estrella,h6_w0.6,True,21,152.092,1019,1685,1648
651,codicioso,h6_w1.0,True,27,9.313,53,91,91
651,a_estrella,h6_w1.0,True,21,106.483,626,1037,1028
652,codicioso,h1,True,54,55.68,496,820,800
652,a_estrella,h1,True,26,4703.783,37329,59078,55237
652,codicioso,h2,True,56,40.531,286,499,497
652,a_estrella,h2,True,26,412.796,3145,5023,4910
652,codicioso,h3,True,34,10.776,80,136,135
652,a_estrella,h3,True,26,140.17,1642,2625,2594
652,codicioso,h4,True,34,7.172,78,131,130
652,a_estrella,h4,True,26,90.531,651,1049,1045
652,codicioso,h5,True,26,2.255,33,62,62
652,a_estrella,h5,True,26,23.219,329,570,567
652,codicioso,h6_w0.3,True,52,27.585,278,463,458
652,a_estrella,h6_w0.3,True,26,1955.585,14050,22592,21650
652,codicioso,h6_w0.6,True,80,80.255,449,761,755
652,a_estrella,h6_w0.6,True,26,1452.0,6318,10186,9844
652,codicioso,h6_w1.0,True,56,27.248,286,499,497
652,a_estrella,h6_w1.0,True,26,253.443,3145,5023,4910
653,codicioso,h1,True,46,52.972,744,1249,1216
653,a_estrella,h1,True,22,1402.684,8453,13975,13512
653,codicioso,h2,True,42,56.137,494,853,843
653,a_estrella,h2,True,22,122.291,1239,2030,1990
653,codicioso,h3,True,36,15.241,87,151,150
653,a_estrella,h3,True,22,112.619,623,1039,1019
653,codicioso,h4,True,32,17.91,92,157,156
653,a_estrella,h4,True,22,109.334,584,972,954
653,codicioso,h5,True,36,9.998,80,141,141
653,a_estrella,h5,True,22,10.397,88,160,159
653,codicioso,h6_w0.3,True,50,70.548,549,939,926
653,a_estrella,h6_w0.3,True,22,489.456,3562,5871,5710
653,codicioso,h6_w0.6,True,42,56.116,397,677,672
653,a_estrella,h6_w0.6,True,22,264.637,1890,3105,3029
653,codicioso,h6_w1.0,True,42,72.179,494,853,843
653,a_estrella,h6_w1.0,True,22,143.162,1239,2030,1990
654,codicioso,h1,True,75,86.382,716,1197,1170
654,a_estrella,h1,True,21,582.307,5117,8510,8274
654,codicioso,h2,True,41,35.839,328,565,559
654,a_estrella,h2,True,21,16.861,200,328,325
654,codicioso,h3,True,23,3.801,30,54,54
654,a_estrella,h3,True,21,21.559,132,220,218
654,codicioso,h4,True,23,3.977,29,52,52
654,a_estrella,h4,True,21,11.47,92,156,155
654,codicioso,h5,True,21,1.902,22,42,42
654,a_estrella,h5,True,21,2.685,27,52,51
654,codicioso,h6_w0.3,True,69,55.798,401,675,668
654,a_estrella,h6_w0.3,True,21,231.115,1495,2445,2387
654,codicioso,h6_w0.6,True,69,44.162,367,630,625
654,a_estrella,h6_w0.6,True,21,89.081,555,906,889
654,codicioso,h6_w1.0,True,41,57.137,328,565,559
654,a_estrella,h6_w1.0,True,21,35.13,200,328,325
655,codicioso,h1,True,73,69.504,567,943,920
655,a_estrella,h1,True,25,3780.292,30307,48182,45247
655,codicioso,h2,True,41,61.112,482,831,820
655,a_estrella,h2,True,25,714.188,4853,7789,7588
655,codicioso,h3,True,39,21.493,109,185,184
655,a_estrella,h3,True,25,487.899,2682,4325,4225
655,codicioso,h4,True,39,13.195,89,158,158
655,a_estrella,h4,True,25,489.597,2400,3872,3786
655,codicioso,h5,True,33,4.443,51,92,92
655,a_estrella,h5,True,25,25.365,259,448,442
655,codicioso,h6_w0.3,True,63,48.502,561,953,941
655,a_estrella,h6_w0.3,True,25,1170.394,13556,21891,20935
655,codicioso,h6_w0.6,True,69,26.149,394,673,667
655,a_estrella,h6_w0.6,True,25,540.422,7437,11988,11574
655,codicioso,h6_w1.0,True,41,27.729,482,831,820
655,a_estrella,h6_w1.0,True,25,315.347,4853,7789,7588
656,codicioso,h1,True,76,108.98,1865,3107,3025
656,a_estrella,h1,True,26,2028.036,38922,61330,57108
656,codicioso,h2,True,42,18.363,390,665,658
656,a_estrella,h2,True,26,296.694,5999,9557,9291
656,codicioso,h3,True,50,12.763,163,279,277
656,a_estrella,h3,True,26,241.553,3285,5268,5168
656,codicioso,h4,True,48,13.667,168,284,282
656,a_estrella,h4,True,26,231.653,2551,4112,4048
656,codicioso,h5,True,40,3.297,55,97,97
656,a_estrella,h5,True,26,23.384,419,713,706
656,codicioso,h6_w0.3,True,68,27.432,521,882,871
656,a_estrella,h6_w0.3,True,26,1017.218,17610,28190,26849
656,codicioso,h6_w0.6,True,52,17.523,335,562,557
656,a_estrella,h6_w0.6,True,26,596.187,9496,15236,14636
656,codicioso,h6_w1.0,True,42,29.535,390,665,658
656,a_estrella,h6_w1.0,True,26,433.411,5999,9557,9291
657,codicioso,h1,True,62,66.819,945,1577,1539
657,a_estrella,h1,True,26,2763.967,36556,58130,54486
657,codicioso,h2,True,64,39.403,511,884,873
657,a_estrella,h2,True,26,139.532,1451,2304,2280
657,codicioso,h3,True,42,13.507,114,192,191
657,a_estrella,h3,True,26,81.66,844,1353,1336
657,codicioso,h4,True,48,8.718,72,128,128
657,a_estrella,h4,True,26,32.99,294,476,474
657,codicioso,h5,True,28,2.212,30,51,51
657,a_estrella,h5,True,26,9.05,148,253,251
657,codicioso,h6_w0.3,True,58,9.875,194,324,319
657,a_estrella,h6_w0.3,True,26,1036.817,11736,18952,18302
657,codicioso,h6_w0.6,True,58,12.409,142,242,240
657,a_estrella,h6_w0.6,True,26,427.21,4196,6723,6536
657,codicioso,h6_w1.0,True,64,45.874,511,884,873
657,a_estrella,h6_w1.0,True,26,92.716,1451,2304,2280
658,codicioso,h1,True,44,78.5,1366,2297,2236
658,a_estrella,h1,True,22,718.037,8083,13377,12882
658,codicioso,h2,True,62,44.929,675,1162,1147
658,a_estrella,h2,True,22,61.563,1044,1703,1673
658,codicioso,h3,True,30,6.223,70,118,118
658,a_estrella,h3,True,22,51.443,579,949,932
658,codicioso,h4,True,30,5.404,67,112,112
658,a_estrella,h4,True,22,61.328,559,917,901
658,codicioso,h5,True,24,3.882,30,54,54
658,a_estrella,h5,True,22,3.959,69,129,129
658,codicioso,h6_w0.3,True,50,21.964,318,542,529
658,a_estrella,h6_w0.3,True,22,196.507,3247,5371,5221
658,codicioso,h6_w0.6,True,48,13.111,261,452,444
658,a_estrella,h6_w0.6,True,22,93.984,1670,2731,2664
658,codicioso,h6_w1.0,True,62,37.14,675,1162,1147
658,a_estrella,h6_w1.0,True,22,56.518,1044,1703,1673
659,codicioso,h1,True,59,47.639,956,1616,1579
659,a_estrella,h1,True,23,857.009,14077,22934,22003
659,codicioso,h2,True,47,15.373,262,464,462
659,a_estrella,h2,True,23,136.648,2294,3722,3645
659,codicioso,h3,True,37,5.886,69,120,120
659,a_estrella,h3,True,23,98.63,1078,1732,1704
659,codicioso,h4,True,37,7.042,65,114,114
659,a_estrella,h4,True,23,80.813,866,1396,1374
659,codicioso,h5,True,39,5.057,95,160,159
659,a_estrella,h5,True,23,7.867,132,234,233
659,codicioso,h6_w0.3,True,59,25.496,466,783,774
659,a_estrella,h6_w0.3,True,23,348.978,6134,9998,9667
659,codicioso,h6_w0.6,True,61,10.544,155,265,263
659,a_estrella,h6_w0.6,True,23,211.652,3355,5482,5330
659,codicioso,h6_w1.0,True,47,13.182,262,464,462
659,a_estrella,h6_w1.0,True,23,129.36,2294,3722,3645
660,codicioso,h1,True,56,38.525,818,1380,1347
660,a_estrella,h1,True,26,2740.809,37453,59346,55604
660,codicioso,h2,True,34,20.375,155,263,261
660,a_estrella,h2,True,26,707.91,2221,3532,3476
660,codicioso,h3,True,48,17.109,92,159,159
660,a_estrella,h3,True,26,164.961,1171,1862,1835
660,codicioso,h4,True,48,9.213,80,136,136
660,a_estrella,h4,True,26,81.611,572,919,913
660,codicioso,h5,True,34,6.459,48,84,84
660,a_estrella,h5,True,26,22.005,190,325,322
660,codicioso,h6_w0.3,True,58,40.028,393,663,658
660,a_estrella,h6_w0.3,True,26,1571.614,13498,21877,21078
660,codicioso,h6_w0.6,True,58,44.08,304,519,516
660,a_estrella,h6_w0.6,True,26,1053.903,5439,8752,8514
660,codicioso,h6_w1.0,True,34,19.762,155,263,261
660,a_estrella,h6_w1.0,True,26,512.289,2221,3532,3476
661,codicioso,h1,True,53,53.362,381,649,635
661,a_estrella,h1,True,21,1562.581,4951,8198,7968
661,codicioso,h2,True,39,66.487,399,688,683
661,a_estrella,h2,True,21,32.743,225,364,358
661,codicioso,h3,True,23,8.685,34,61,61
661,a_estrella,h3,True,21,108.292,128,208,206
661,codicioso,h4,True,37,58.971,89,151,151
661,a_estrella,h4,True,21,38.524,130,216,215
661,codicioso,h5,True,21,6.159,22,44,44
661,a_estrella,h5,True,21,11.701,32,61,61
661,codicioso,h6_w0.3,True,77,118.493,398,670,662
661,a_estrella,h6_w0.3,True,21,451.286,1418,2342,2295
661,codicioso,h6_w0.6,True,65,75.949,293,493,488
661,a_estrella,h6_w0.6,True,21,90.831,509,826,808
661,codicioso,h6_w1.0,True,39,128.191,399,688,683
661,a_estrella,h6_w1.0,True,21,95.149,225,364,358
662,codicioso,h1,True,50,137.62,874,1485,1452
662,a_estrella,h1,True,18,214.711,1482,2485,2434
662,codicioso,h2,True,44,132.664,542,930,918
662,a_estrella,h2,True,18,108.103,354,585,579
662,codicioso,h3,True,36,39.108,115,195,195
662,a_estrella,h3,True,18,56.156,206,344,340
662,codicioso,h4,True,36,79.683,114,193,193
662,a_estrella,h4,True,18,110.019,200,335,332
662,codicioso,h5,True,18,41.38,19,35,35
662,a_estrella,h5,True,18,11.659,20,36,36
662,codicioso,h6_w0.3,True,60,146.574,490,821,812
662,a_estrella,h6_w0.3,True,18,247.911,719,1199,1171
662,codicioso,h6_w0.6,True,60,123.936,399,679,675
662,a_estrella,h6_w0.6,True,18,80.308,443,742,729
662,codicioso,h6_w1.0,True,44,103.293,542,930,918
662,a_estrella,h6_w1.0,True,18,44.499,354,585,579
663,codicioso,h1,True,61,164.458,1267,2135,2084
663,a_estrella,h1,True,27,10739.666,56623,87773,80538
663,codicioso,h2,True,59,108.777,529,908,895
663,a_estrella,h2,True,27,1631.083,5741,9142,8900
663,codicioso,h3,True,37,16.809,79,141,141
663,a_estrella,h3,True,27,1012.417,3390,5441,5330
663,codicioso,h4,True,37,26.464,75,133,133
663,a_estrella,h4,True,27,705.125,2134,3436,3376
663,codicioso,h5,True,39,20.081,84,146,145
663,a_estrella,h5,True,27,115.51,633,1093,1078
663,codicioso,h6_w0.3,True,69,31.216,199,337,332
663,a_estrella,h6_w0.3,True,27,4016.62,23784,37777,35807
663,codicioso,h6_w0.6,True,69,18.443,164,278,276
663,a_estrella,h6_w0.6,True,27,1826.468,11260,17939,17225
663,codicioso,h6_w1.0,True,59,93.472,529,908,895
663,a_estrella,h6_w1.0,True,27,793.563,5741,9142,8900
664,codicioso,h1,True,43,63.382,628,1078,1054
664,a_estrella,h1,True,25,3788.703,29423,46928,44168
664,codicioso,h2,True,47,27.449,267,449,446
664,a_estrella,h2,True,25,428.106,3583,5776,5647
664,codicioso,h3,True,29,12.374,76,133,133
664,a_estrella,h3,True,25,397.812,1993,3231,3164
664,codicioso,h4,True,29,18.869,72,126,126
664,a_estrella,h4,True,25,307.107,1510,2455,2406
664,codicioso,h5,True,27,4.563,30,56,56
664,a_estrella,h5,True,25,26.826,260,465,464
664,codicioso,h6_w0.3,True,61,57.603,499,842,831
664,a_estrella,h6_w0.3,True,25,2226.546,12496,20194,19346
664,codicioso,h6_w0.6,True,55,79.936,327,549,544
664,a_estrella,h6_w0.6,True,25,1248.2,6364,10288,9950
664,codicioso,h6_w1.0,True,47,53.826,267,449,446
664,a_estrella,h6_w1.0,True,25,730.266,3583,5776,5647
665,codicioso,h1,True,40,38.857,331,549,535
665,a_estrella,h1,True,22,1416.49,7749,12710,12303
665,codicioso,h2,True,38,13.092,73,122,121
665,a_estrella,h2,True,22,168.552,1054,1717,1686
665,codicioso,h3,True,34,19.66,72,128,128
665,a_estrella,h3,True,22,184.129,532,865,855
665,codicioso,h4,True,32,29.15,49,86,86
665,a_estrella,h4,True,22,141.106,360,581,578
665,codicioso,h5,True,26,10.699,47,84,84
665,a_estrella,h5,True,22,42.255,145,252,249
665,codicioso,h6_w0.3,True,68,147.811,610,1044,1032
665,a_estrella,h6_w0.3,True,22,593.504,2992,4905,4777
665,codicioso,h6_w0.6,True,44,15.406,107,186,184
665,a_estrella,h6_w0.6,True,22,578.506,1558,2540,2487
665,codicioso,h6_w1.0,True,38,25.878,73,122,121
665,a_estrella,h6_w1.0,True,22,242.291,1054,1717,1686
666,codicioso,h1,True,9,26.707,66,114,111
666,a_estrella,h1,True,9,5.133,26,46,46
666,codicioso,h2,True,9,1.035,10,20,20
666,a_estrella,h2,True,9,7.754,12,23,23
666,codicioso,h3,True,9,2.812,10,20,20
666,a_estrella,h3,True,9,2.474,12,23,23
666,codicioso,h4,True,9,2.014,10,20,20
666,a_estrella,h4,True,9,3.314,12,23,23
666,codicioso,h5,True,9,5.696,10,20,20
666,a_estrella,h5,True,9,2.073,10,20,20
666,codicioso,h6_w0.3,True,9,7.182,53,93,92
666,a_estrella,h6_w0.3,True,9,3.665,16,30,30
666,codicioso,h6_w0.6,True,9,5.485,25,46,46
666,a_estrella,h6_w0.6,True,9,1.102,12,23,23
666,codicioso,h6_w1.0,True,9,0.947,10,20,20
666,a_estrella,h6_w1.0,True,9,2.273,12,23,23
667,codicioso,h1,True,34,108.394,651,1103,1076
667,a_estrella,h1,True,22,1651.673,8154,13409,12920
667,codicioso,h2,True,52,55.419,372,643,635
667,a_estrella,h2,True,22,201.826,1120,1846,1811
667,codicioso,h3,True,32,20.867,83,143,143
667,a_estrella,h3,True,22,210.339,793,1299,1271
667,codicioso,h4,True,32,25.828,83,143,143
667,a_estrella,h4,True,22,204.398,775,1267,1240
667,codicioso,h5,True,26,3.517,28,53,53
667,a_estrella,h5,True,22,12.596,63,115,115
667,codicioso,h6_w0.3,True,74,56.98,360,615,603
667,a_estrella,h6_w0.3,True,22,598.386,3374,5583,5421
667,codicioso,h6_w0.6,True,58,35.135,217,372,367
667,a_estrella,h6_w0.6,True,22,351.706,1831,3003,2935
667,codicioso,h6_w1.0,True,52,85.375,372,643,635
667,a_estrella,h6_w1.0,True,22,204.624,1120,1846,1811
668,codicioso,h1,True,48,113.162,766,1270,1239
668,a_estrella,h1,True,26,7368.387,37004,58713,54941
668,codicioso,h2,True,46,50.864,339,585,579
668,a_estrella,h2,True,26,531.607,3040,4846,4746
668,codicioso,h3,True,38,7.061,52,89,89
668,a_estrella,h3,True,26,506.294,1687,2708,2668
668,codicioso,h4,True,36,19.07,85,144,144
668,a_estrella,h4,True,26,173.246,987,1595,1574
668,codicioso,h5,True,28,7.131,36,69,69
668,a_estrella,h5,True,26,44.573,205,356,353
668,codicioso,h6_w0.3,True,54,98.363,449,760,751
668,a_estrella,h6_w0.3,True,26,3407.723,13653,22010,21154
668,codicioso,h6_w0.6,True,54,91.41,334,564,561
668,a_estrella,h6_w0.6,True,26,1082.297,5918,9530,9229
668,codicioso,h6_w1.0,True,46,53.515,339,585,579
668,a_estrella,h6_w1.0,True,26,595.532,3040,4846,4746
669,codicioso,h1,True,52,86.603,739,1238,1218
669,a_estrella,h1,True,20,436.462,2954,4906,4793
669,codicioso,h2,True,42,38.023,334,576,572
669,a_estrella,h2,True,20,35.72,273,449,442
669,codicioso,h3,True,38,13.951,80,143,143
669,a_estrella,h3,True,20,23.926,129,218,217
669,codicioso,h4,True,38,16.023,82,146,146
669,a_estrella,h4,True,20,26.089,109,187,187
669,codicioso,h5,True,20,3.366,23,43,43
669,a_estrella,h5,True,20,2.408,23,43,43
669,codicioso,h6_w0.3,True,58,77.188,575,980,967
669,a_estrella,h6_w0.3,True,20,174.757,1055,1746,1712
669,codicioso,h6_w0.6,True,58,79.683,422,721,716
669,a_estrella,h6_w0.6,True,20,85.572,478,791,776
669,codicioso,h6_w1.0,True,42,46.891,334,576,572
669,a_estrella,h6_w1.0,True,20,37.32,273,449,442
670,codicioso,h1,True,39,82.439,692,1174,1136
670,a_estrella,h1,True,19,402.656,2297,3858,3775
670,codicioso,h2,True,19,15.871,55,97,96
670,a_estrella,h2,True,19,59.883,348,575,572
670,codicioso,h3,True,19,9.353,45,76,75
670,a_estrella,h3,True,19,52.489,244,402,398
670,codicioso,h4,True,19,9.075,43,73,72
670,a_estrella,h4,True,19,46.858,201,332,329
670,codicioso,h5,True,23,3.815,31,52,52
670,a_estrella,h5,True,19,15.149,48,86,86
670,codicioso,h6_w0.3,True,19,25.338,154,262,255
670,a_estrella,h6_w0.3,True,19,227.801,946,1563,1531
670,codicioso,h6_w0.6,True,19,18.686,100,173,170
670,a_estrella,h6_w0.6,True,19,43.917,513,841,828
670,codicioso,h6_w1.0,True,19,12.574,55,97,96
670,a_estrella,h6_w1.0,True,19,57.52,348,575,572
671,codicioso,h1,True,58,198.682,844,1427,1395
671,a_estrella,h1,True,24,2982.378,17620,28381,27075
671,codicioso,h2,True,68,102.714,673,1155,1136
671,a_estrella,h2,True,24,246.597,1705,2755,2710
671,codicioso,h3,True,46,12.784,109,185,184
671,a_estrella,h3,True,24,149.588,809,1285,1269
671,codicioso,h4,True,36,13.001,77,131,131
671,a_estrella,h4,True,24,112.965,496,794,788
671,codicioso,h5,True,42,18.283,94,158,157
671,a_estrella,h5,True,24,109.359,151,275,272
671,codicioso,h6_w0.3,True,62,78.573,649,1105,1091
671,a_estrella,h6_w0.3,True,24,1067.249,6602,10704,10348
671,codicioso,h6_w0.6,True,74,62.526,424,720,715
671,a_estrella,h6_w0.6,True,24,471.096,3049,4950,4810
671,codicioso,h6_w1.0,True,68,142.458,673,1155,1136
671,a_estrella,h6_w1.0,True,24,317.488,1705,2755,2710
672,codicioso,h1,True,43,115.242,690,1151,1132
672,a_estrella,h1,True,23,1767.442,13260,21676,20857
672,codicioso,h2,True,37,85.893,468,814,805
672,a_estrella,h2,True,23,200.177,1427,2312,2276
672,codicioso,h3,True,39,18.109,85,146,146
672,a_estrella,h3,True,23,120.179,661,1070,1059
672,codicioso,h4,True,39,12.021,85,146,146
672,a_estrella,h4,True,23,121.621,444,714,708
672,codicioso,h5,True,23,2.681,27,47,47
672,a_estrella,h5,True,23,3.618,33,58,58
672,codicioso,h6_w0.3,True,53,52.918,359,607,599
672,a_estrella,h6_w0.3,True,23,769.797,5013,8232,8006
672,codicioso,h6_w0.6,True,65,45.749,353,604,598
672,a_estrella,h6_w0.6,True,23,293.678,2468,4022,3928
672,codicioso,h6_w1.0,True,37,81.512,468,814,805
672,a_estrella,h6_w1.0,True,23,212.158,1427,2312,2276
673,codicioso,h1,True,65,116.29,1040,1742,1699
673,a_estrella,h1,True,25,3849.646,28728,45907,43290
673,codicioso,h2,True,53,55.48,273,477,475
673,a_estrella,h2,True,25,320.072,2430,3915,3845
673,codicioso,h3,True,35,14.582,80,138,138
673,a_estrella,h3,True,25,243.849,1460,2382,2339
673,codicioso,h4,True,35,23.946,75,129,129
673,a_estrella,h4,True,25,245.527,1224,1995,1960
673,codicioso,h5,True,33,2.687,42,77,77
673,a_estrella,h5,True,25,23.105,169,305,303
673,codicioso,h6_w0.3,True,49,39.808,215,365,360
673,a_estrella,h6_w0.3,True,25,1705.037,10815,17622,17016
673,codicioso,h6_w0.6,True,77,86.134,428,728,722
673,a_estrella,h6_w0.6,True,25,927.204,4899,7915,7691
673,codicioso,h6_w1.0,True,53,48.108,273,477,475
673,a_estrella,h6_w1.0,True,25,347.379,2430,3915,3845
674,codicioso,h1,True,40,37.267,276,469,459
674,a_estrella,h1,True,20,496.464,4126,6815,6612
674,codicioso,h2,True,42,17.076,141,239,237
674,a_estrella,h2,True,20,62.695,533,882,868
674,codicioso,h3,True,48,17.342,156,267,265
674,a_estrella,h3,True,20,35.838,371,623,616
674,codicioso,h4,True,48,27.3,156,267,265
674,a_estrella,h4,True,20,74.534,332,556,550
674,codicioso,h5,True,22,3.094,41,72,72
674,a_estrella,h5,True,20,13.129,111,200,199
674,codicioso,h6_w0.3,True,52,19.187,140,242,239
674,a_estrella,h6_w0.3,True,20,235.166,1586,2626,2565
674,codicioso,h6_w0.6,True,62,17.925,157,267,265
674,a_estrella,h6_w0.6,True,20,118.566,819,1342,1311
674,codicioso,h6_w1.0,True,42,22.052,141,239,237
674,a_estrella,h6_w1.0,True,20,72.666,533,882,868
675,codicioso,h1,True,30,44.703,297,502,495
675,a_estrella,h1,True,22,1141.784,8340,13726,13233
675,codicioso,h2,True,36,12.831,127,214,212
675,a_estrella,h2,True,22,162.294,1418,2306,2259
675,codicioso,h3,True,24,7.56,63,110,110
675,a_estrella,h3,True,22,177.106,827,1342,1322
675,codicioso,h4,True,24,18.653,63,110,110
675,a_estrella,h4,True,22,198.976,802,1300,1280
675,codicioso,h5,True,26,6.589,48,84,84
675,a_estrella,h5,True,22,29.043,198,340,337
675,codicioso,h6_w0.3,True,52,26.671,179,302,297
675,a_estrella,h6_w0.3,True,22,547.803,3636,6001,5824
675,codicioso,h6_w0.6,True,52,16.656,144,243,241
675,a_estrella,h6_w0.6,True,22,268.537,2021,3314,3232
675,codicioso,h6_w1.0,True,36,18.49,127,214,212
675,a_estrella,h6_w1.0,True,22,174.174,1418,2306,2259
676,codicioso,h1,True,39,42.44,324,541,530
676,a_estrella,h1,True,23,1501.159,12512,20391,19593
676,codicioso,h2,True,39,42.299,315,543,537
676,a_estrella,h2,True,23,135.649,883,1423,1403
676,codicioso,h3,True,31,15.996,66,112,111
676,a_estrella,h3,True,23,91.202,367,585,580
676,codicioso,h4,True,31,15.692,61,104,103
676,a_estrella,h4,True,23,37.31,180,291,290
676,codicioso,h5,True,27,2.905,29,53,53
676,a_estrella,h5,True,23,10.312,59,110,109
676,codicioso,h6_w0.3,True,39,28.233,230,383,378
676,a_estrella,h6_w0.3,True,23,558.342,4174,6839,6654
676,codicioso,h6_w0.6,True,39,28.695,223,375,370
676,a_estrella,h6_w0.6,True,23,328.73,1781,2907,2842
676,codicioso,h6_w1.0,True,39,94.516,315,543,537
676,a_estrella,h6_w1.0,True,23,169.178,883,1423,1403
677,codicioso,h1,True,45,112.36,734,1230,1202
677,a_estrella,h1,True,25,4360.312,30095,47873,44863
677,codicioso,h2,True,45,49.212,361,612,609
677,a_estrella,h2,True,25,657.188,4818,7692,7484
677,codicioso,h3,True,27,12.731,50,90,90
677,a_estrella,h3,True,25,696.94,3031,4928,4812
677,codicioso,h4,True,27,7.646,50,90,90
677,a_estrella,h4,True,25,671.774,2797,4538,4430
677,codicioso,h5,True,25,10.671,60,108,107
677,a_estrella,h5,True,25,109.922,639,1099,1084
677,codicioso,h6_w0.3,True,63,85.502,568,965,951
677,a_estrella,h6_w0.3,True,25,2557.838,13623,21984,20969
677,codicioso,h6_w0.6,True,63,67.194,418,707,702
677,a_estrella,h6_w0.6,True,25,1263.812,7526,12126,11664
677,codicioso,h6_w1.0,True,45,43.114,361,612,609
677,a_estrella,h6_w1.0,True,25,805.517,4818,7692,7484
678,codicioso,h1,True,40,112.394,878,1487,1455
678,a_estrella,h1,True,22,1599.715,10347,16957,16317
678,codicioso,h2,True,38,47.84,348,608,602
678,a_estrella,h2,True,22,234.826,1482,2414,2371
678,codicioso,h3,True,34,40.294,90,155,154
678,a_estrella,h3,True,22,195.687,966,1585,1557
678,codicioso,h4,True,28,7.475,61,106,106
678,a_estrella,h4,True,22,224.113,896,1467,1442
678,codicioso,h5,True,22,4.269,26,50,50
678,a_estrella,h5,True,22,20.29,142,247,247
678,codicioso,h6_w0.3,True,46,41.279,352,596,588
678,a_estrella,h6_w0.3,True,22,641.621,4356,7100,6896
678,codicioso,h6_w0.6,True,60,62.792,346,593,587
678,a_estrella,h6_w0.6,True,22,355.823,2322,3809,3710
678,codicioso,h6_w1.0,True,38,51.541,348,608,602
678,a_estrella,h6_w1.0,True,22,331.149,1482,2414,2371
679,codicioso,h1,True,39,200.767,1574,2641,2579
679,a_estrella,h1,True,13,19.796,155,270,268
679,codicioso,h2,True,13,1.424,16,31,31
679,a_estrella,h2,True,13,2.972,27,48,47
679,codicioso,h3,True,13,3.196,16,31,31
679,a_estrella,h3,True,13,3.332,27,48,47
679,codicioso,h4,True,13,7.309,16,31,31
679,a_estrella,h4,True,13,8.869,27,48,47
679,codicioso,h5,True,13,2.12,14,28,28
679,a_estrella,h5,True,13,2.846,21,40,39
679,codicioso,h6_w0.3,True,39,42.241,378,640,635
679,a_estrella,h6_w0.3,True,13,7.248,71,123,122
679,codicioso,h6_w0.6,True,39,37.068,277,477,474
679,a_estrella,h6_w0.6,True,13,5.098,40,70,70
679,codicioso,h6_w1.0,True,13,10.486,16,31,31
679,a_estrella,h6_w1.0,True,13,4.356,27,48,47
680,codicioso,h1,True,55,83.132,601,1012,987
680,a_estrella,h1,True,23,2189.291,12038,19729,19011
680,codicioso,h2,True,39,19.736,70,120,119
680,a_estrella,h2,True,23,86.864,430,682,672
680,codicioso,h3,True,23,10.68,24,43,43
680,a_estrella,h3,True,23,80.769,212,338,337
680,codicioso,h4,True,23,8.186,24,43,43
680,a_estrella,h4,True,23,55.493,111,181,180
680,codicioso,h5,True,23,4.571,24,43,43
680,a_estrella,h5,True,23,4.383,39,70,69
680,codicioso,h6_w0.3,True,45,21.592,82,145,144
680,a_estrella,h6_w0.3,True,23,522.771,3406,5588,5449
680,codicioso,h6_w0.6,True,43,14.433,82,143,142
680,a_estrella,h6_w0.6,True,23,164.147,1147,1845,1803
680,codicioso,h6_w1.0,True,39,7.393,70,120,119
680,a_estrella,h6_w1.0,True,23,64.814,430,682,672
681,codicioso,h1,True,60,126.591,862,1434,1397
681,a_estrella,h1,True,26,5180.046,37895,59871,55786
681,codicioso,h2,True,58,43.769,416,724,718
681,a_estrella,h2,True,26,463.694,4053,6491,6330
681,codicioso,h3,True,34,18.621,117,199,197
681,a_estrella,h3,True,26,271.583,2337,3761,3688
681,codicioso,h4,True,34,17.963,117,199,197
681,a_estrella,h4,True,26,298.803,2061,3324,3262
681,codicioso,h5,True,32,6.11,39,71,71
681,a_estrella,h5,True,26,22.443,250,455,451
681,codicioso,h6_w0.3,True,82,34.425,424,724,711
681,a_estrella,h6_w0.3,True,26,1784.148,15522,25029,23882
681,codicioso,h6_w0.6,True,58,40.705,422,711,704
681,a_estrella,h6_w0.6,True,26,916.373,7528,12133,11708
681,codicioso,h6_w1.0,True,58,36.094,416,724,718
681,a_estrella,h6_w1.0,True,26,370.119,4053,6491,6330
682,codicioso,h1,True,55,49.546,672,1128,1092
682,a_estrella,h1,True,25,3056.907,28503,45321,42687
682,codicioso,h2,True,39,10.71,117,205,204
682,a_estrella,h2,True,25,251.492,2768,4428,4332
682,codicioso,h3,True,41,20.337,101,173,172
682,a_estrella,h3,True,25,305.031,1630,2601,2557
682,codicioso,h4,True,31,14.673,68,118,118
682,a_estrella,h4,True,25,196.027,1123,1804,1780
682,codicioso,h5,True,37,11.468,92,160,160
682,a_estrella,h5,True,25,13.135,138,254,253
682,codicioso,h6_w0.3,True,63,46.082,389,657,649
682,a_estrella,h6_w0.3,True,25,1460.554,11063,17859,17184
682,codicioso,h6_w0.6,True,51,33.867,320,534,529
682,a_estrella,h6_w0.6,True,25,622.303,5180,8323,8074
682,codicioso,h6_w1.0,True,39,13.584,117,205,204
682,a_estrella,h6_w1.0,True,25,358.799,2768,4428,4332
683,codicioso,h1,True,51,128.651,1421,2366,2302
683,a_estrella,h1,True,23,1162.379,12279,20113,19305
683,codicioso,h2,True,45,20.867,207,347,345
683,a_estrella,h2,True,23,62.222,606,977,960
683,codicioso,h3,True,39,10.735,79,140,140
683,a_estrella,h3,True,23,47.501,318,523,515
683,codicioso,h4,True,39,15.733,83,147,147
683,a_estrella,h4,True,23,45.515,297,490,488
683,codicioso,h5,True,39,6.04,59,105,105
683,a_estrella,h5,True,23,2.144,33,61,61
683,codicioso,h6_w0.3,True,57,34.389,388,650,645
683,a_estrella,h6_w0.3,True,23,407.462,3821,6313,6131
683,codicioso,h6_w0.6,True,57,32.959,300,509,506
683,a_estrella,h6_w0.6,True,23,147.012,1503,2451,2386
683,codicioso,h6_w1.0,True,45,20.499,207,347,345
683,a_estrella,h6_w1.0,True,23,71.374,606,977,960
684,codicioso,h1,True,44,66.756,839,1391,1366
684,a_estrella,h1,True,28,6469.994,71867,109805,99278
684,codicioso,h2,True,66,41.887,526,908,898
684,a_estrella,h2,True,28,663.762,7925,12571,12247
684,codicioso,h3,True,28,3.538,38,67,67
684,a_estrella,h3,True,28,503.793,4289,6938,6814
684,codicioso,h4,True,44,13.135,83,150,150
684,a_estrella,h4,True,28,374.426,3010,4874,4801
684,codicioso,h5,True,40,6.264,83,142,141
684,a_estrella,h5,True,28,51.54,591,1012,1001
684,codicioso,h6_w0.3,True,64,37.574,483,809,800
684,a_estrella,h6_w0.3,True,28,3042.014,32368,51114,48107
684,codicioso,h6_w0.6,True,64,32.438,367,629,624
684,a_estrella,h6_w0.6,True,28,1502.286,15521,24711,23616
684,codicioso,h6_w1.0,True,66,49.93,526,908,898
684,a_estrella,h6_w1.0,True,28,669.455,7925,12571,12247
685,codicioso,h1,True,19,5.666,66,111,111
685,a_estrella,h1,True,15,27.385,353,606,598
685,codicioso,h2,True,15,1.874,23,42,42
685,a_estrella,h2,True,15,4.598,57,97,97
685,codicioso,h3,True,15,3.702,23,42,42
685,a_estrella,h3,True,15,3.533,43,74,74
685,codicioso,h4,True,15,5.381,23,42,42
685,a_estrella,h4,True,15,5.464,43,74,74
685,codicioso,h5,True,15,1.314,18,34,34
685,a_estrella,h5,True,15,2.138,27,50,50
685,codicioso,h6_w0.3,True,15,2.047,31,55,55
685,a_estrella,h6_w0.3,True,15,10.083,145,241,239
685,codicioso,h6_w0.6,True,15,1.319,23,42,42
685,a_estrella,h6_w0.6,True,15,8.943,76,133,133
685,codicioso,h6_w1.0,True,15,1.544,23,42,42
685,a_estrella,h6_w1.0,True,15,4.851,57,97,97
686,codicioso,h1,True,18,24.912,316,542,529
686,a_estrella,h1,True,18,132.14,1398,2353,2296
686,codicioso,h2,True,48,47.26,593,1013,998
686,a_estrella,h2,True,18,34.778,290,470,459
686,codicioso,h3,True,30,26.183,145,242,239
686,a_estrella,h3,True,18,38.677,225,367,361
686,codicioso,h4,True,30,37.335,143,239,236
686,a_estrella,h4,True,18,42.18,214,348,342
686,codicioso,h5,True,20,9.054,30,52,52
686,a_estrella,h5,True,18,8.312,40,70,70
686,codicioso,h6_w0.3,True,18,52.821,158,269,261
686,a_estrella,h6_w0.3,True,18,69.496,624,1013,986
686,codicioso,h6_w0.6,True,60,50.13,451,773,762
686,a_estrella,h6_w0.6,True,18,40.775,374,612,597
686,codicioso,h6_w1.0,True,48,63.325,593,1013,998
686,a_estrella,h6_w1.0,True,18,33.771,290,470,459
687,codicioso,h1,True,32,70.608,634,1059,1035
687,a_estrella,h1,True,18,143.573,1501,2521,2464
687,codicioso,h2,True,34,53.311,535,926,909
687,a_estrella,h2,True,18,42.375,455,760,748
687,codicioso,h3,True,34,19.44,128,218,217
687,a_estrella,h3,True,18,30.641,253,409,405
687,codicioso,h4,True,34,21.723,126,215,214
687,a_estrella,h4,True,18,33.827,245,397,393
687,codicioso,h5,True,24,6.181,43,75,75
687,a_estrella,h5,True,18,3.39,32,56,56
687,codicioso,h6_w0.3,True,32,33.473,378,649,641
687,a_estrella,h6_w0.3,True,18,75.239,788,1301,1277
687,codicioso,h6_w0.6,True,32,35.749,386,667,659
687,a_estrella,h6_w0.6,True,18,43.483,507,845,832
687,codicioso,h6_w1.0,True,34,50.97,535,926,909
687,a_estrella,h6_w1.0,True,18,40.082,455,760,748
688,codicioso,h1,True,32,36.28,507,858,841
688,a_estrella,h1,True,16,47.76,558,933,918
688,codicioso,h2,True,36,31.527,324,559,555
688,a_estrella,h2,True,16,7.871,89,150,149
688,codicioso,h3,True,30,11.77,90,151,151
688,a_estrella,h3,True,16,11.072,62,103,102
688,codicioso,h4,True,16,6.945,30,52,52
688,a_estrella,h4,True,16,8.49,57,95,95
688,codicioso,h5,True,18,1.913,21,38,38
688,a_estrella,h5,True,16,2.496,27,50,49
688,codicioso,h6_w0.3,True,36,34.506,358,604,596
688,a_estrella,h6_w0.3,True,16,19.017,246,412,405
688,codicioso,h6_w0.6,True,36,25.933,238,402,397
688,a_estrella,h6_w0.6,True,16,14.306,127,217,214
688,codicioso,h6_w1.0,True,36,28.882,324,559,555
688,a_estrella,h6_w1.0,True,16,7.509,89,150,149
689,codicioso,h1,True,40,67.87,678,1148,1118
689,a_estrella,h1,True,18,141.352,1763,2995,2927
689,codicioso,h2,True,40,31.161,324,560,556
689,a_estrella,h2,True,18,22.827,252,407,396
689,codicioso,h3,True,30,6.829,51,91,91
689,a_estrella,h3,True,18,21.781,148,242,237
689,codicioso,h4,True,30,7.912,51,91,91
689,a_estrella,h4,True,18,21.306,146,240,235
689,codicioso,h5,True,18,1.91,19,35,35
689,a_estrella,h5,True,18,2.302,26,47,47
689,codicioso,h6_w0.3,True,76,21.152,236,401,395
689,a_estrella,h6_w0.3,True,18,68.943,726,1202,1176
689,codicioso,h6_w0.6,True,90,40.863,434,742,735
689,a_estrella,h6_w0.6,True,18,40.061,387,629,613
689,codicioso,h6_w1.0,True,40,28.409,324,560,556
689,a_estrella,h6_w1.0,True,18,23.727,252,407,396
690,codicioso,h1,True,43,33.481,468,787,770
690,a_estrella,h1,True,21,447.425,5831,9667,9345
690,codicioso,h2,True,29,5.261,82,139,138
690,a_estrella,h2,True,21,74.081,986,1623,1593
690,codicioso,h3,True,39,11.542,124,214,213
690,a_estrella,h3,True,21,79.049,632,1047,1031
690,codicioso,h4,True,39,18.237,124,214,213
690,a_estrella,h4,True,21,63.925,496,832,819
690,codicioso,h5,True,21,1.58,25,46,46
690,a_estrella,h5,True,21,11.084,113,192,191
690,codicioso,h6_w0.3,True,31,21.274,255,428,425
690,a_estrella,h6_w0.3,True,21,201.343,2489,4144,4032
690,codicioso,h6_w0.6,True,29,4.547,70,127,126
690,a_estrella,h6_w0.6,True,21,112.235,1375,2275,2216
690,codicioso,h6_w1.0,True,29,9.017,82,139,138
690,a_estrella,h6_w1.0,True,21,72.139,986,1623,1593
691,codicioso,h1,True,37,76.139,1143,1924,1879
691,a_estrella,h1,True,17,73.529,984,1650,1610
691,codicioso,h2,True,21,17.372,246,423,419
691,a_estrella,h2,True,17,13.104,218,366,362
691,codicioso,h3,True,21,2.84,30,56,56
691,a_estrella,h3,True,17,15.154,134,230,230
691,codicioso,h4,True,21,2.689,29,54,54
691,a_estrella,h4,True,17,16.931,106,179,179
691,codicioso,h5,True,21,1.438,28,49,49
691,a_estrella,h5,True,17,2.895,45,84,84
691,codicioso,h6_w0.3,True,27,17.049,220,367,362
691,a_estrella,h6_w0.3,True,17,36.807,473,770,750
691,codicioso,h6_w0.6,True,27,15.808,210,354,349
691,a_estrella,h6_w0.6,True,17,19.388,285,475,465
691,codicioso,h6_w1.0,True,21,21.559,246,423,419
691,a_estrella,h6_w1.0,True,17,18.812,218,366,362
692,codicioso,h1,True,45,32.902,493,822,804
692,a_estrella,h1,True,23,930.31,12263,20104,19322
692,codicioso,h2,True,45,41.52,467,808,797
692,a_estrella,h2,True,23,46.27,664,1076,1060
692,codicioso,h3,True,33,6.741,46,85,85
692,a_estrella,h3,True,23,45.36,403,677,667
692,codicioso,h4,True,33,7.365,46,85,85
692,a_estrella,h4,True,23,29.654,205,351,349
692,codicioso,h5,True,47,9.379,101,170,169
692,a_estrella,h5,True,23,6.611,95,170,169
692,codicioso,h6_w0.3,True,45,28.651,319,541,536
692,a_estrella,h6_w0.3,True,23,332.871,3791,6223,6045
692,codicioso,h6_w0.6,True,45,29.229,322,550,545
692,a_estrella,h6_w0.6,True,23,164.172,1526,2477,2409
692,codicioso,h6_w1.0,True,45,54.163,467,808,797
692,a_estrella,h6_w1.0,True,23,78.392,664,1076,1060
693,codicioso,h1,True,60,46.079,685,1151,1124
693,a_estrella,h1,True,20,229.178,3118,5174,5039
693,codicioso,h2,True,30,26.167,293,506,504
693,a_estrella,h2,True,20,27.016,318,521,517
693,codicioso,h3,True,32,7.939,58,104,104
693,a_estrella,h3,True,20,26.923,188,307,303
693,codicioso,h4,True,32,11.157,63,111,111
693,a_estrella,h4,True,20,15.248,140,240,239
693,codicioso,h5,True,32,4.74,56,101,101
693,a_estrella,h5,True,20,5.88,46,83,82
693,codicioso,h6_w0.3,True,70,56.633,616,1056,1044
693,a_estrella,h6_w0.3,True,20,98.599,1149,1909,1873
693,codicioso,h6_w0.6,True,28,16.972,210,352,349
693,a_estrella,h6_w0.6,True,20,49.876,560,930,916
693,codicioso,h6_w1.0,True,30,25.351,293,506,504
693,a_estrella,h6_w1.0,True,20,31.211,318,521,517
694,codicioso,h1,True,40,69.638,798,1327,1293
694,a_estrella,h1,True,20,314.762,3758,6246,6071
694,codicioso,h2,True,48,49.5,543,933,921
694,a_estrella,h2,True,20,81.805,914,1495,1469
694,codicioso,h3,True,28,7.657,67,116,116
694,a_estrella,h3,True,20,53.983,423,693,687
694,codicioso,h4,True,28,14.219,67,116,116
694,a_estrella,h4,True,20,46.019,365,598,594
694,codicioso,h5,True,28,4.005,38,70,70
694,a_estrella,h5,True,20,6.276,74,135,135
694,codicioso,h6_w0.3,True,44,28.0,353,597,589
694,a_estrella,h6_w0.3,True,20,172.951,1866,3073,3001
694,codicioso,h6_w0.6,True,46,31.049,366,632,627
694,a_estrella,h6_w0.6,True,20,97.055,1122,1844,1802
694,codicioso,h6_w1.0,True,48,43.071,543,933,921
694,a_estrella,h6_w1.0,True,20,78.048,914,1495,1469
695,codicioso,h1,True,61,51.961,711,1197,1167
695,a_estrella,h1,True,25,2967.972,28885,46097,43461
695,codicioso,h2,True,53,40.73,372,648,642
695,a_estrella,h2,True,25,250.019,2703,4330,4253
695,codicioso,h3,True,43,17.233,83,149,149
695,a_estrella,h3,True,25,267.806,1685,2704,2652
695,codicioso,h4,True,43,16.307,83,149,149
695,a_estrella,h4,True,25,194.479,1338,2158,2119
695,codicioso,h5,True,25,3.109,30,59,59
695,a_estrella,h5,True,25,21.175,172,310,308
695,codicioso,h6_w0.3,True,49,13.119,165,278,273
695,a_estrella,h6_w0.3,True,25,1176.29,11261,18242,17562
695,codicioso,h6_w0.6,True,49,12.315,129,222,220
695,a_estrella,h6_w0.6,True,25,542.792,5304,8573,8319
695,codicioso,h6_w1.0,True,53,32.976,372,648,642
695,a_estrella,h6_w1.0,True,25,274.368,2703,4330,4253
696,codicioso,h1,True,41,50.726,633,1059,1035
696,a_estrella,h1,True,17,72.866,856,1439,1411
696,codicioso,h2,True,49,34.457,347,609,602
696,a_estrella,h2,True,17,10.54,94,161,160
696,codicioso,h3,True,17,4.966,21,40,40
696,a_estrella,h3,True,17,7.716,49,85,85
696,codicioso,h4,True,17,2.889,20,39,39
696,a_estrella,h4,True,17,5.62,27,49,49
696,codicioso,h5,True,17,1.79,18,36,36
696,a_estrella,h5,True,17,3.045,18,36,36
696,codicioso,h6_w0.3,True,43,23.436,225,390,381
696,a_estrella,h6_w0.3,True,17,35.811,299,508,502
696,codicioso,h6_w0.6,True,65,47.509,455,779,768
696,a_estrella,h6_w0.6,True,17,12.233,143,240,238
696,codicioso,h6_w1.0,True,49,34.731,347,609,602
696,a_estrella,h6_w1.0,True,17,8.52,94,161,160
697,codicioso,h1,True,33,50.474,588,987,966
697,a_estrella,h1,True,19,207.141,2402,4006,3905
697,codicioso,h2,True,41,32.535,358,612,609
697,a_estrella,h2,True,19,27.511,328,532,523
697,codicioso,h3,True,21,4.162,34,60,60
697,a_estrella,h3,True,19,27.603,196,325,322
697,codicioso,h4,True,21,3.402,34,60,60
697,a_estrella,h4,True,19,26.003,169,279,276
697,codicioso,h5,True,21,1.959,23,45,45
697,a_estrella,h5,True,19,6.431,62,112,111
697,codicioso,h6_w0.3,True,67,52.474,580,987,973
697,a_estrella,h6_w0.3,True,19,89.378,968,1619,1585
697,codicioso,h6_w0.6,True,59,45.08,425,719,714
697,a_estrella,h6_w0.6,True,19,45.267,481,795,778
697,codicioso,h6_w1.0,True,41,36.466,358,612,609
697,a_estrella,h6_w1.0,True,19,31.172,328,532,523
698,codicioso,h1,True,63,89.386,1104,1878,1834
698,a_estrella,h1,True,23,1249.635,12862,21008,20230
698,codicioso,h2,True,25,4.666,53,96,96
698,a_estrella,h2,True,23,88.031,1054,1682,1659
698,codicioso,h3,True,25,5.399,36,64,64
698,a_estrella,h3,True,23,65.272,534,852,837
698,codicioso,h4,True,43,13.007,84,140,140
698,a_estrella,h4,True,23,52.417,329,526,520
698,codicioso,h5,True,25,6.197,41,74,74
698,a_estrella,h5,True,23,10.762,135,232,230
698,codicioso,h6_w0.3,True,47,36.359,325,554,549
698,a_estrella,h6_w0.3,True,23,468.644,4459,7256,7064
698,codicioso,h6_w0.6,True,25,5.822,54,98,98
698,a_estrella,h6_w0.6,True,23,187.841,1980,3208,3126
698,codicioso,h6_w1.0,True,25,4.173,53,96,96
698,a_estrella,h6_w1.0,True,23,89.037,1054,1682,1659
699,codicioso,h1,True,70,180.638,2071,3465,3393
699,a_estrella,h1,True,20,236.305,2890,4806,4695
699,codicioso,h2,True,42,27.497,313,538,534
699,a_estrella,h2,True,20,18.208,203,328,326
699,codicioso,h3,True,34,8.942,49,89,89
699,a_estrella,h3,True,20,17.018,112,183,182
699,codicioso,h4,True,48,22.385,136,231,230
699,a_estrella,h4,True,20,8.282,70,115,115
699,codicioso,h5,True,32,8.704,65,117,117
699,a_estrella,h5,True,20,3.065,31,56,56
699,codicioso,h6_w0.3,True,58,21.303,245,423,414
699,a_estrella,h6_w0.3,True,20,99.929,924,1525,1495
699,codicioso,h6_w0.6,True,34,5.754,65,114,114
699,a_estrella,h6_w0.6,True,20,45.415,394,657,648
699,codicioso,h6_w1.0,True,42,27.232,313,538,534
699,a_estrella,h6_w1.0,True,20,19.052,203,328,326
700,codicioso,h1,True,28,25.644,293,493,482
700,a_estrella,h1,True,20,334.182,3443,5750,5595
700,codicioso,h2,True,46,16.323,196,343,342
700,a_estrella,h2,True,20,41.065,461,761,752
700,codicioso,h3,True,46,23.293,142,242,241
700,a_estrella,h3,True,20,49.787,289,474,467
700,codicioso,h4,True,46,24.077,142,242,241
700,a_estrella,h4,True,20,48.685,287,472,465
700,codicioso,h5,True,28,3.196,45,78,78
700,a_estrella,h5,True,20,2.816,48,91,91
700,codicioso,h6_w0.3,True,42,13.233,146,254,252
700,a_estrella,h6_w0.3,True,20,155.491,1380,2301,2246
700,codicioso,h6_w0.6,True,66,40.712,388,663,657
700,a_estrella,h6_w0.6,True,20,90.337,720,1197,1172
700,codicioso,h6_w1.0,True,46,20.031,196,343,342
700,a_estrella,h6_w1.0,True,20,48.964,461,761,752
701,codicioso,h1,True,39,49.947,469,787,767
701,a_estrella,h1,True,23,1208.89,13098,21378,20507
701,codicioso,h2,True,43,31.618,378,651,647
701,a_estrella,h2,True,23,109.727,1318,2138,2092
701,codicioso,h3,True,29,6.775,51,95,95
701,a_estrella,h3,True,23,131.266,796,1307,1288
701,codicioso,h4,True,29,10.44,58,106,106
701,a_estrella,h4,True,23,98.91,689,1128,1113
701,codicioso,h5,True,25,2.839,33,58,58
701,a_estrella,h5,True,23,7.251,80,141,141
701,codicioso,h6_w0.3,True,43,42.361,483,821,810
701,a_estrella,h6_w0.3,True,23,501.435,4867,7945,7702
701,codicioso,h6_w0.6,True,43,41.926,331,563,560
701,a_estrella,h6_w0.6,True,23,196.54,2351,3841,3742
701,codicioso,h6_w1.0,True,43,36.848,378,651,647
701,a_estrella,h6_w1.0,True,23,102.51,1318,2138,2092
702,codicioso,h1,True,47,25.115,339,570,556
702,a_estrella,h1,True,23,1084.578,13819,22504,21542
702,codicioso,h2,True,33,10.979,135,233,232
702,a_estrella,h2,True,23,174.869,2142,3481,3409
702,codicioso,h3,True,31,10.062,65,116,116
702,a_estrella,h3,True,23,187.348,1184,1942,1911
702,codicioso,h4,True,31,18.161,65,116,116
702,a_estrella,h4,True,23,157.631,1116,1825,1795
702,codicioso,h5,True,23,2.013,29,54,54
702,a_estrella,h5,True,23,32.603,275,461,454
702,codicioso,h6_w0.3,True,39,39.63,548,927,917
702,a_estrella,h6_w0.3,True,23,503.422,5901,9682,9361
702,codicioso,h6_w0.6,True,39,37.741,413,709,703
702,a_estrella,h6_w0.6,True,23,288.588,3236,5275,5127
702,codicioso,h6_w1.0,True,33,9.72,135,233,232
702,a_estrella,h6_w1.0,True,23,197.209,2142,3481,3409
703,codicioso,h1,True,86,146.337,1906,3175,3109
703,a_estrella,h1,True,24,1378.579,17955,29157,27863
703,codicioso,h2,True,24,4.207,28,52,52
703,a_estrella,h2,True,24,140.98,1739,2827,2776
703,codicioso,h3,True,24,7.063,28,52,52
703,a_estrella,h3,True,24,129.084,1162,1906,1883
703,codicioso,h4,True,24,4.523,28,52,52
703,a_estrella,h4,True,24,100.292,828,1356,1341
703,codicioso,h5,True,26,3.466,45,80,80
703,a_estrella,h5,True,24,22.313,296,510,504
703,codicioso,h6_w0.3,True,36,13.628,179,306,299
703,a_estrella,h6_w0.3,True,24,595.831,6696,10953,10610
703,codicioso,h6_w0.6,True,36,7.651,120,209,206
703,a_estrella,h6_w0.6,True,24,314.099,3175,5181,5053
703,codicioso,h6_w1.0,True,24,1.639,28,52,52
703,a_estrella,h6_w1.0,True,24,150.972,1739,2827,2776
704,codicioso,h1,True,42,28.742,508,863,845
704,a_estrella,h1,True,18,97.245,1414,2361,2315
704,codicioso,h2,True,52,9.77,165,272,269
704,a_estrella,h2,True,18,9.748,143,233,231
704,codicioso,h3,True,24,6.009,42,72,72
704,a_estrella,h3,True,18,5.288,63,105,105
704,codicioso,h4,True,24,3.911,36,63,63
704,a_estrella,h4,True,18,6.867,67,116,116
704,codicioso,h5,True,18,3.772,19,39,39
704,a_estrella,h5,True,18,1.576,19,39,39
704,codicioso,h6_w0.3,True,52,14.255,182,307,302
704,a_estrella,h6_w0.3,True,18,39.887,477,799,787
704,codicioso,h6_w0.6,True,52,10.119,150,254,252
704,a_estrella,h6_w0.6,True,18,18.578,229,380,376
704,codicioso,h6_w1.0,True,52,10.215,165,272,269
704,a_estrella,h6_w1.0,True,18,9.218,143,233,231
705,codicioso,h1,True,80,68.188,972,1615,1569
705,a_estrella,h1,True,26,3465.797,38944,61441,57318
705,codicioso,h2,True,44,44.78,343,584,581
705,a_estrella,h2,True,26,442.039,5014,7987,7792
705,codicioso,h3,True,30,8.17,51,88,88
705,a_estrella,h3,True,26,300.696,2569,4122,4049
705,codicioso,h4,True,30,6.557,51,88,88
705,a_estrella,h4,True,26,221.977,1714,2773,2730
705,codicioso,h5,True,32,4.336,58,104,104
705,a_estrella,h5,True,26,38.188,399,689,685
705,codicioso,h6_w0.3,True,74,36.849,400,680,675
705,a_estrella,h6_w0.3,True,26,1614.271,16657,26850,25680
705,codicioso,h6_w0.6,True,60,32.39,393,670,665
705,a_estrella,h6_w0.6,True,26,714.386,8478,13699,13217
705,codicioso,h6_w1.0,True,44,26.738,343,584,581
705,a_estrella,h6_w1.0,True,26,411.463,5014,7987,7792
706,codicioso,h1,True,25,13.446,184,316,313
706,a_estrella,h1,True,19,174.25,2479,4154,4053
706,codicioso,h2,True,25,7.542,142,244,242
706,a_estrella,h2,True,19,33.869,367,602,588
706,codicioso,h3,True,25,4.112,48,88,88
706,a_estrella,h3,True,19,25.354,222,373,366
706,codicioso,h4,True,25,5.574,48,88,88
706,a_estrella,h4,True,19,21.111,192,326,321
706,codicioso,h5,True,19,2.042,27,52,52
706,a_estrella,h5,True,19,3.336,48,85,84
706,codicioso,h6_w0.3,True,25,12.09,139,235,233
706,a_estrella,h6_w0.3,True,19,81.46,1024,1701,1662
706,codicioso,h6_w0.6,True,25,9.51,142,244,242
706,a_estrella,h6_w0.6,True,19,42.763,542,884,868
706,codicioso,h6_w1.0,True,25,9.626,142,244,242
706,a_estrella,h6_w1.0,True,19,28.699,367,602,588
707,codicioso,h1,True,72,99.705,1283,2142,2098
707,a_estrella,h1,True,20,313.756,4419,7353,7157
707,codicioso,h2,True,36,13.969,188,336,334
707,a_estrella,h2,True,20,67.742,941,1542,1516
707,codicioso,h3,True,28,4.452,51,90,90
707,a_estrella,h3,True,20,65.858,581,962,948
707,codicioso,h4,True,28,7.929,72,123,122
707,a_estrella,h4,True,20,64.744,493,817,807
707,codicioso,h5,True,24,4.308,39,70,70
707,a_estrella,h5,True,20,8.835,139,243,241
707,codicioso,h6_w0.3,True,52,24.417,309,526,521
707,a_estrella,h6_w0.3,True,20,169.99,2035,3371,3292
707,codicioso,h6_w0.6,True,52,29.67,312,535,530
707,a_estrella,h6_w0.6,True,20,102.124,1211,1993,1950
707,codicioso,h6_w1.0,True,36,16.318,188,336,334
707,a_estrella,h6_w1.0,True,20,74.353,941,1542,1516
708,codicioso,h1,True,69,96.77,1348,2270,2214
708,a_estrella,h1,True,25,2154.238,28008,44938,42517
708,codicioso,h2,True,65,10.932,163,286,285
708,a_estrella,h2,True,25,107.861,1295,2061,2022
708,codicioso,h3,True,53,12.326,106,188,188
708,a_estrella,h3,True,25,89.653,713,1154,1136
708,codicioso,h4,True,53,14.895,106,188,188
708,a_estrella,h4,True,25,64.818,514,827,817
708,codicioso,h5,True,33,3.953,39,75,75
708,a_estrella,h5,True,25,11.474,107,192,192
708,codicioso,h6_w0.3,True,67,30.28,364,616,603
708,a_estrella,h6_w0.3,True,25,978.604,9103,14835,14376
708,codicioso,h6_w0.6,True,65,20.085,206,355,351
708,a_estrella,h6_w0.6,True,25,334.813,3472,5589,5449
708,codicioso,h6_w1.0,True,65,15.652,163,286,285
708,a_estrella,h6_w1.0,True,25,156.998,1295,2061,2022
709,codicioso,h1,True,58,43.749,541,906,888
709,a_estrella,h1,True,20,230.516,3069,5146,5005
709,codicioso,h2,True,58,12.03,143,258,257
709,a_estrella,h2,True,20,14.912,221,368,365
709,codicioso,h3,True,34,8.577,96,157,156
709,a_estrella,h3,True,20,13.695,128,215,214
709,codicioso,h4,True,32,6.602,71,118,118
709,a_estrella,h4,True,20,14.745,125,211,210
709,codicioso,h5,True,36,6.377,53,96,96
709,a_estrella,h5,True,20,1.591,28,53,53
709,codicioso,h6_w0.3,True,58,18.159,235,397,393
709,a_estrella,h6_w0.3,True,20,89.54,1052,1748,1713
709,codicioso,h6_w0.6,True,58,14.899,186,325,321
709,a_estrella,h6_w0.6,True,20,38.56,484,808,801
709,codicioso,h6_w1.0,True,58,8.962,143,258,257
709,a_estrella,h6_w1.0,True,20,16.302,221,368,365
710,codicioso,h1,True,62,90.0,1280,2141,2095
710,a_estrella,h1,True,28,7183.799,80684,122410,109964
710,codicioso,h2,True,64,23.865,298,518,516
710,a_estrella,h2,True,28,519.173,6823,10721,10483
710,codicioso,h3,True,48,14.998,115,196,195
710,a_estrella,h3,True,28,465.88,4127,6524,6381
710,codicioso,h4,True,36,8.539,65,114,114
710,a_estrella,h4,True,28,261.702,2097,3318,3258
710,codicioso,h5,True,38,6.488,67,117,117
710,a_estrella,h5,True,28,63.815,732,1250,1228
710,codicioso,h6_w0.3,True,44,5.678,88,150,149
710,a_estrella,h6_w0.3,True,28,3384.954,35937,56494,53216
710,codicioso,h6_w0.6,True,56,17.042,252,427,422
710,a_estrella,h6_w0.6,True,28,1335.289,15911,25194,24175
710,codicioso,h6_w1.0,True,64,22.718,298,518,516
710,a_estrella,h6_w1.0,True,28,692.035,6823,10721,10483
711,codicioso,h1,True,52,63.162,868,1446,1411
711,a_estrella,h1,True,20,324.092,3972,6631,6450
711,codicioso,h2,True,46,29.023,346,594,590
711,a_estrella,h2,True,20,36.472,323,523,517
711,codicioso,h3,True,30,13.614,102,174,174
711,a_estrella,h3,True,20,28.308,217,355,352
711,codicioso,h4,True,30,16.059,102,173,173
711,a_estrella,h4,True,20,16.897,146,241,239
711,codicioso,h5,True,20,2.364,24,47,47
711,a_estrella,h5,True,20,2.73,32,59,58
711,codicioso,h6_w0.3,True,54,29.764,372,627,622
711,a_estrella,h6_w0.3,True,20,123.789,1408,2308,2257
711,codicioso,h6_w0.6,True,54,25.255,307,525,522
711,a_estrella,h6_w0.6,True,20,51.083,641,1069,1053
711,codicioso,h6_w1.0,True,46,27.576,346,594,590
711,a_estrella,h6_w1.0,True,20,24.497,323,523,517
712,codicioso,h1,True,65,156.794,1977,3296,3218
712,a_estrella,h1,True,21,415.492,4703,7820,7599
712,codicioso,h2,True,37,4.555,63,107,107
712,a_estrella,h2,True,21,4.397,101,160,160
712,codicioso,h3,True,21,2.34,22,38,38
712,a_estrella,h3,True,21,8.006,64,106,106
712,codicioso,h4,True,21,2.788,22,38,38
712,a_estrella,h4,True,21,4.185,27,46,46
712,codicioso,h5,True,23,1.88,24,45,45
712,a_estrella,h5,True,21,4.479,48,82,80
712,codicioso,h6_w0.3,True,57,14.244,172,293,288
712,a_estrella,h6_w0.3,True,21,101.08,1194,1962,1921
712,codicioso,h6_w0.6,True,43,12.437,114,198,196
712,a_estrella,h6_w0.6,True,21,29.531,359,577,569
712,codicioso,h6_w1.0,True,37,6.025,63,107,107
712,a_estrella,h6_w1.0,True,21,8.799,101,160,160
713,codicioso,h1,True,49,25.671,373,631,620
713,a_estrella,h1,True,23,1292.995,13701,22404,21582
713,codicioso,h2,True,23,6.074,76,131,130
713,a_estrella,h2,True,23,154.49,1656,2691,2638
713,codicioso,h3,True,23,4.762,36,65,65
713,a_estrella,h3,True,23,110.504,825,1330,1310
713,codicioso,h4,True,23,5.919,36,65,65
713,a_estrella,h4,True,23,82.005,586,946,931
713,codicioso,h5,True,23,2.51,27,52,52
713,a_estrella,h5,True,23,26.633,249,419,410
713,codicioso,h6_w0.3,True,23,3.882,49,89,89
713,a_estrella,h6_w0.3,True,23,764.742,5508,9047,8808
713,codicioso,h6_w0.6,True,23,7.738,62,111,110
713,a_estrella,h6_w0.6,True,23,295.241,2746,4473,4359
713,codicioso,h6_w1.0,True,23,5.619,76,131,130
713,a_estrella,h6_w1.0,True,23,166.847,1656,2691,2638
714,codicioso,h1,True,50,93.871,1045,1746,1709
714,a_estrella,h1,True,20,321.333,3468,5787,5640
714,codicioso,h2,True,32,34.802,349,600,595
714,a_estrella,h2,True,20,55.631,605,992,971
714,codicioso,h3,True,30,8.418,55,95,95
714,a_estrella,h3,True,20,45.324,331,545,538
714,codicioso,h4,True,30,8.364,55,95,95
714,a_estrella,h4,True,20,40.529,279,467,462
714,codicioso,h5,True,32,6.549,70,123,123
714,a_estrella,h5,True,20,4.46,48,86,86
714,codicioso,h6_w0.3,True,40,43.099,424,723,714
714,a_estrella,h6_w0.3,True,20,269.351,1506,2517,2455
714,codicioso,h6_w0.6,True,34,52.828,311,528,525
714,a_estrella,h6_w0.6,True,20,86.844,832,1372,1338
714,codicioso,h6_w1.0,True,32,31.347,349,600,595
714,a_estrella,h6_w1.0,True,20,55.355,605,992,971
715,codicioso,h1,True,35,14.639,217,371,358
715,a_estrella,h1,True,15,39.776,480,799,781
715,codicioso,h2,True,47,50.13,627,1081,1066
715,a_estrella,h2,True,15,12.144,179,301,297
715,codicioso,h3,True,23,12.962,99,168,166
715,a_estrella,h3,True,15,13.974,120,201,198
715,codicioso,h4,True,23,13.408,97,165,163
715,a_estrella,h4,True,15,14.787,118,198,195
715,codicioso,h5,True,15,1.39,16,29,29
715,a_estrella,h5,True,15,1.016,16,29,29
715,codicioso,h6_w0.3,True,35,17.125,218,377,368
715,a_estrella,h6_w0.3,True,15,24.253,286,481,472
715,codicioso,h6_w0.6,True,33,15.962,207,360,353
715,a_estrella,h6_w0.6,True,15,17.022,186,316,311
715,codicioso,h6_w1.0,True,47,55.724,627,1081,1066
715,a_estrella,h6_w1.0,True,15,16.351,179,301,297
716,codicioso,h1,True,64,131.761,1933,3201,3118
716,a_estrella,h1,True,20,284.782,3836,6377,6202
716,codicioso,h2,True,54,23.743,222,386,385
716,a_estrella,h2,True,20,27.517,312,523,514
716,codicioso,h3,True,32,12.0,88,155,155
716,a_estrella,h3,True,20,26.526,205,340,335
716,codicioso,h4,True,32,15.436,81,144,144
716,a_estrella,h4,True,20,25.732,178,298,294
716,codicioso,h5,True,30,3.448,43,79,79
716,a_estrella,h5,True,20,4.003,44,77,77
716,codicioso,h6_w0.3,True,68,42.745,453,769,759
716,a_estrella,h6_w0.3,True,20,131.673,1291,2128,2076
716,codicioso,h6_w0.6,True,74,44.747,416,710,704
716,a_estrella,h6_w0.6,True,20,59.019,593,983,963
716,codicioso,h6_w1.0,True,54,19.124,222,386,385
716,a_estrella,h6_w1.0,True,20,27.197,312,523,514
717,codicioso,h1,True,62,118.14,1515,2542,2486
717,a_estrella,h1,True,24,1888.592,18313,29700,28364
717,codicioso,h2,True,64,58.704,637,1099,1080
717,a_estrella,h2,True,24,219.304,2120,3417,3354
717,codicioso,h3,True,42,12.6,93,159,158
717,a_estrella,h3,True,24,148.118,987,1578,1562
717,codicioso,h4,True,36,10.781,66,112,112
717,a_estrella,h4,True,24,108.364,605,970,965
717,codicioso,h5,True,30,7.232,62,105,105
717,a_estrella,h5,True,24,26.267,196,356,354
717,codicioso,h6_w0.3,True,58,62.734,582,998,987
717,a_estrella,h6_w0.3,True,24,787.083,7318,11895,11508
717,codicioso,h6_w0.6,True,70,35.557,385,659,654
717,a_estrella,h6_w0.6,True,24,358.188,3633,5903,5730
717,codicioso,h6_w1.0,True,64,77.3,637,1099,1080
717,a_estrella,h6_w1.0,True,24,216.414,2120,3417,3354
718,codicioso,h1,True,36,111.874,1413,2345,2301
718,a_estrella,h1,True,22,589.186,7090,11734,11382
718,codicioso,h2,True,64,44.249,538,928,918
718,a_estrella,h2,True,22,22.729,311,494,489
718,codicioso,h3,True,38,6.126,53,93,93
718,a_estrella,h3,True,22,20.196,208,337,334
718,codicioso,h4,True,38,5.003,52,91,91
718,a_estrella,h4,True,22,23.916,144,234,232
718,codicioso,h5,True,26,5.08,31,59,59
718,a_estrella,h5,True,22,4.532,35,65,65
718,codicioso,h6_w0.3,True,48,43.273,420,708,703
718,a_estrella,h6_w0.3,True,22,218.145,2106,3458,3371
718,codicioso,h6_w0.6,True,48,33.237,290,496,493
718,a_estrella,h6_w0.6,True,22,77.994,793,1290,1271
718,codicioso,h6_w1.0,True,64,51.01,538,928,918
718,a_estrella,h6_w1.0,True,22,27.45,311,494,489
719,codicioso,h1,True,42,42.346,528,882,856
719,a_estrella,h1,True,22,687.095,8132,13440,13011
719,codicioso,h2,True,52,26.546,368,634,629
719,a_estrella,h2,True,22,86.263,1104,1800,1766
719,codicioso,h3,True,40,12.419,96,164,164
719,a_estrella,h3,True,22,79.222,526,854,840
719,codicioso,h4,True,40,10.363,94,161,161
719,a_estrella,h4,True,22,65.968,391,641,631
719,codicioso,h5,True,34,9.926,57,102,102
719,a_estrella,h5,True,22,5.714,71,126,126
719,codicioso,h6_w0.3,True,52,44.617,408,689,678
719,a_estrella,h6_w0.3,True,22,452.102,3302,5463,5323
719,codicioso,h6_w0.6,True,52,33.532,281,479,473
719,a_estrella,h6_w0.6,True,22,203.817,1710,2804,2738
719,codicioso,h6_w1.0,True,52,42.189,368,634,629
719,a_estrella,h6_w1.0,True,22,116.767,1104,1800,1766
720,codicioso,h1,True,64,142.336,1565,2627,2563
720,a_estrella,h1,True,28,9861.837,80891,122582,109892
720,codicioso,h2,True,50,11.98,119,201,200
720,a_estrella,h2,True,28,1150.084,11193,17577,17048
720,codicioso,h3,True,46,21.983,144,246,244
720,a_estrella,h3,True,28,1013.031,6717,10653,10403
720,codicioso,h4,True,28,8.108,47,85,85
720,a_estrella,h4,True,28,725.653,4725,7537,7371
720,codicioso,h5,True,30,3.058,41,77,77
720,a_estrella,h5,True,28,62.445,715,1229,1219
720,codicioso,h6_w0.3,True,56,12.972,143,247,244
720,a_estrella,h6_w0.3,True,28,3528.285,39122,61039,57010
720,codicioso,h6_w0.6,True,56,6.795,120,210,209
720,a_estrella,h6_w0.6,True,28,1723.649,20230,31798,30212
720,codicioso,h6_w1.0,True,50,8.029,119,201,200
720,a_estrella,h6_w1.0,True,28,886.325,11193,17577,17048
721,codicioso,h1,True,53,67.317,987,1654,1620
721,a_estrella,h1,True,25,2287.855,28676,45704,43085
721,codicioso,h2,True,43,37.844,474,819,808
721,a_estrella,h2,True,25,255.724,2969,4774,4679
721,codicioso,h3,True,37,10.309,75,131,131
721,a_estrella,h3,True,25,217.06,1686,2726,2672
721,codicioso,h4,True,37,9.207,68,118,118
721,a_estrella,h4,True,25,154.35,1201,1958,1935
721,codicioso,h5,True,27,3.067,33,61,61
721,a_estrella,h5,True,25,20.693,204,357,352
721,codicioso,h6_w0.3,True,43,28.892,324,549,544
721,a_estrella,h6_w0.3,True,25,932.987,11041,17837,17166
721,codicioso,h6_w0.6,True,43,30.532,327,558,553
721,a_estrella,h6_w0.6,True,25,416.158,5282,8523,8261
721,codicioso,h6_w1.0,True,43,34.324,474,819,808
721,a_estrella,h6_w1.0,True,25,235.338,2969,4774,4679
722,codicioso,h1,True,43,45.174,633,1063,1037
722,a_estrella,h1,True,17,63.07,862,1457,1422
722,codicioso,h2,True,17,2.748,19,33,33
722,a_estrella,h2,True,17,3.634,66,111,109
722,codicioso,h3,True,17,1.802,19,33,33
722,a_estrella,h3,True,17,6.737,62,105,103
722,codicioso,h4,True,17,1.612,19,33,33
722,a_estrella,h4,True,17,8.677,62,105,103
722,codicioso,h5,True,17,1.073,18,32,32
722,a_estrella,h5,True,17,3.65,42,77,77
722,codicioso,h6_w0.3,True,49,15.062,202,340,334
722,a_estrella,h6_w0.3,True,17,26.257,301,502,491
722,codicioso,h6_w0.6,True,49,11.859,177,305,303
722,a_estrella,h6_w0.6,True,17,12.915,136,228,224
722,codicioso,h6_w1.0,True,17,1.307,19,33,33
722,a_estrella,h6_w1.0,True,17,5.512,66,111,109
723,codicioso,h1,True,28,23.565,343,587,577
723,a_estrella,h1,True,20,269.669,3582,5957,5797
723,codicioso,h2,True,28,23.894,315,538,534
723,a_estrella,h2,True,20,62.453,871,1436,1412
723,codicioso,h3,True,26,8.388,57,103,103
723,a_estrella,h3,True,20,53.415,453,742,733
723,codicioso,h4,True,26,7.473,58,104,104
723,a_estrella,h4,True,20,51.641,371,623,615
723,codicioso,h5,True,26,2.942,50,87,87
723,a_estrella,h5,True,20,8.768,125,221,219
723,codicioso,h6_w0.3,True,28,18.477,236,397,394
723,a_estrella,h6_w0.3,True,20,151.283,1749,2879,2812
723,codicioso,h6_w0.6,True,28,20.845,238,405,402
723,a_estrella,h6_w0.6,True,20,114.531,1049,1723,1681
723,codicioso,h6_w1.0,True,28,30.055,315,538,534
723,a_estrella,h6_w1.0,True,20,76.861,871,1436,1412
724,codicioso,h1,True,50,99.862,1470,2476,2417
724,a_estrella,h1,True,28,6184.947,71262,108760,98273
724,codicioso,h2,True,66,39.6,430,744,739
724,a_estrella,h2,True,28,845.793,9481,15030,14609
724,codicioso,h3,True,40,9.518,77,139,139
724,a_estrella,h3,True,28,645.491,5237,8351,8162
724,codicioso,h4,True,40,9.946,77,139,139
724,a_estrella,h4,True,28,506.145,3941,6300,6171
724,codicioso,h5,True,30,2.44,44,83,83
724,a_estrella,h5,True,28,67.049,747,1310,1294
724,codicioso,h6_w0.3,True,70,35.939,436,737,731
724,a_estrella,h6_w0.3,True,28,3260.658,33690,53056,49722
724,codicioso,h6_w0.6,True,70,27.176,365,614,609
724,a_estrella,h6_w0.6,True,28,1535.666,17333,27462,26148
724,codicioso,h6_w1.0,True,66,35.738,430,744,739
724,a_estrella,h6_w1.0,True,28,858.755,9481,15030,14609
725,codicioso,h1,True,32,5.787,68,117,115
725,a_estrella,h1,True,18,112.759,1660,2777,2717
725,codicioso,h2,True,46,38.271,565,979,960
725,a_estrella,h2,True,18,18.221,301,493,487
725,codicioso,h3,True,20,5.345,30,54,54
725,a_estrella,h3,True,18,16.687,152,246,244
725,codicioso,h4,True,20,5.345,30,54,54
725,a_estrella,h4,True,18,14.825,119,191,189
725,codicioso,h5,True,20,1.839,26,49,49
725,a_estrella,h5,True,18,2.154,27,49,49
725,codicioso,h6_w0.3,True,32,8.743,60,105,104
725,a_estrella,h6_w0.3,True,18,76.818,714,1188,1164
725,codicioso,h6_w0.6,True,32,8.666,62,109,108
725,a_estrella,h6_w0.6,True,18,51.803,388,639,624
725,codicioso,h6_w1.0,True,46,53.102,565,979,960
725,a_estrella,h6_w1.0,True,18,28.542,301,493,487
726,codicioso,h1,True,46,104.656,1357,2244,2177
726,a_estrella,h1,True,26,3129.307,38020,60124,56105
726,codicioso,h2,True,60,36.672,379,657,650
726,a_estrella,h2,True,26,355.082,4223,6771,6605
726,codicioso,h3,True,50,14.311,111,196,196
726,a_estrella,h3,True,26,307.946,2666,4294,4196
726,codicioso,h4,True,50,19.245,111,196,196
726,a_estrella,h4,True,26,306.956,2493,4010,3921
726,codicioso,h5,True,32,2.607,39,70,70
726,a_estrella,h5,True,26,24.774,269,482,477
726,codicioso,h6_w0.3,True,60,34.478,429,724,712
726,a_estrella,h6_w0.3,True,26,1384.844,15622,25138,24015
726,codicioso,h6_w0.6,True,60,23.431,299,510,505
726,a_estrella,h6_w0.6,True,26,684.074,7727,12396,11969
726,codicioso,h6_w1.0,True,60,28.613,379,657,650
726,a_estrella,h6_w1.0,True,26,344.43,4223,6771,6605
727,codicioso,h1,True,57,28.298,429,739,727
727,a_estrella,h1,True,21,593.541,5232,8647,8396
727,codicioso,h2,True,63,30.001,283,499,496
727,a_estrella,h2,True,21,30.563,321,519,510
727,codicioso,h3,True,29,8.723,49,89,89
727,a_estrella,h3,True,21,21.706,164,264,259
727,codicioso,h4,True,33,19.39,113,190,188
727,a_estrella,h4,True,21,32.037,96,158,157
727,codicioso,h5,True,21,3.943,22,42,42
727,a_estrella,h5,True,21,4.246,22,42,42
727,codicioso,h6_w0.3,True,77,71.941,425,721,708
727,a_estrella,h6_w0.3,True,21,257.577,1663,2749,2680
727,codicioso,h6_w0.6,True,61,126.168,265,448,443
727,a_estrella,h6_w0.6,True,21,106.642,676,1097,1075
727,codicioso,h6_w1.0,True,63,28.22,283,499,496
727,a_estrella,h6_w1.0,True,21,30.282,321,519,510
728,codicioso,h1,True,62,51.384,666,1118,1097
728,a_estrella,h1,True,24,2137.7,23023,37000,34994
728,codicioso,h2,True,60,59.022,714,1232,1217
728,a_estrella,h2,True,24,319.383,4017,6412,6222
728,codicioso,h3,True,24,5.107,59,102,102
728,a_estrella,h3,True,24,265.367,2300,3714,3621
728,codicioso,h4,True,24,6.893,59,102,102
728,a_estrella,h4,True,24,268.198,2135,3448,3362
728,codicioso,h5,True,26,2.145,37,67,67
728,a_estrella,h5,True,24,20.295,246,431,430
728,codicioso,h6_w0.3,True,62,30.93,393,672,667
728,a_estrella,h6_w0.3,True,24,838.433,10497,16917,16201
728,codicioso,h6_w0.6,True,62,29.461,387,665,660
728,a_estrella,h6_w0.6,True,24,535.619,5942,9599,9245
728,codicioso,h6_w1.0,True,60,64.56,714,1232,1217
728,a_estrella,h6_w1.0,True,24,326.907,4017,6412,6222
729,codicioso,h1,True,58,50.326,862,1461,1421
729,a_estrella,h1,True,20,269.847,4039,6689,6518
729,codicioso,h2,True,36,6.136,107,186,184
729,a_estrella,h2,True,20,22.221,363,595,585
729,codicioso,h3,True,36,11.708,105,181,181
729,a_estrella,h3,True,20,24.614,242,396,386
729,codicioso,h4,True,32,7.355,66,113,112
729,a_estrella,h4,True,20,25.102,224,365,355
729,codicioso,h5,True,20,1.367,22,43,43
729,a_estrella,h5,True,20,2.654,36,66,65
729,codicioso,h6_w0.3,True,68,25.001,364,607,600
729,a_estrella,h6_w0.3,True,20,110.268,1469,2428,2376
729,codicioso,h6_w0.6,True,46,19.063,253,433,428
729,a_estrella,h6_w0.6,True,20,50.74,663,1098,1077
729,codicioso,h6_w1.0,True,36,12.272,107,186,184
729,a_estrella,h6_w1.0,True,20,26.486,363,595,585
730,codicioso,h1,True,68,120.645,1885,3132,3044
730,a_estrella,h1,True,24,1314.799,18351,29758,28403
730,codicioso,h2,True,70,30.652,456,790,783
730,a_estrella,h2,True,24,138.136,2035,3293,3232
730,codicioso,h3,True,36,10.295,122,208,206
730,a_estrella,h3,True,24,116.427,1141,1862,1835
730,codicioso,h4,True,36,13.835,122,208,206
730,a_estrella,h4,True,24,100.434,907,1486,1467
730,codicioso,h5,True,28,2.214,39,72,72
730,a_estrella,h5,True,24,18.122,215,385,383
730,codicioso,h6_w0.3,True,60,30.534,409,688,681
730,a_estrella,h6_w0.3,True,24,541.977,7278,11876,11487
730,codicioso,h6_w0.6,True,52,23.924,347,594,589
730,a_estrella,h6_w0.6,True,24,275.669,3554,5791,5631
730,codicioso,h6_w1.0,True,70,32.347,456,790,783
730,a_estrella,h6_w1.0,True,24,145.139,2035,3293,3232
731,codicioso,h1,True,62,94.322,1557,2585,2516
731,a_estrella,h1,True,20,270.481,4351,7180,6983
731,codicioso,h2,True,46,35.986,523,901,891
731,a_estrella,h2,True,20,55.604,767,1249,1232
731,codicioso,h3,True,26,10.884,124,211,211
731,a_estrella,h3,True,20,28.809,315,502,497
731,codicioso,h4,True,26,12.669,112,188,188
731,a_estrella,h4,True,20,22.27,209,335,332
731,codicioso,h5,True,30,3.357,50,89,89
731,a_estrella,h5,True,20,8.086,92,164,164
731,codicioso,h6_w0.3,True,62,36.383,407,691,683
731,a_estrella,h6_w0.3,True,20,172.109,1867,3095,3023
731,codicioso,h6_w0.6,True,54,35.772,365,628,623
731,a_estrella,h6_w0.6,True,20,93.032,1047,1709,1673
731,codicioso,h6_w1.0,True,46,57.425,523,901,891
731,a_estrella,h6_w1.0,True,20,57.697,767,1249,1232
732,codicioso,h1,True,51,19.239,324,545,533
732,a_estrella,h1,True,25,2030.204,28500,45367,42861
732,codicioso,h2,True,53,37.035,395,674,669
732,a_estrella,h2,True,25,208.508,2446,3907,3827
732,codicioso,h3,True,31,7.414,73,124,123
732,a_estrella,h3,True,25,159.361,1295,2064,2033
732,codicioso,h4,True,31,10.839,71,121,120
732,a_estrella,h4,True,25,119.083,839,1340,1324
732,codicioso,h5,True,25,2.836,29,53,53
732,a_estrella,h5,True,25,9.378,136,247,245
732,codicioso,h6_w0.3,True,53,29.561,290,484,478
732,a_estrella,h6_w0.3,True,25,1005.86,10595,17132,16535
732,codicioso,h6_w0.6,True,53,27.62,285,477,471
732,a_estrella,h6_w0.6,True,25,473.734,4738,7643,7424
732,codicioso,h6_w1.0,True,53,28.646,395,674,669
732,a_estrella,h6_w1.0,True,25,229.987,2446,3907,3827
733,codicioso,h1,True,67,162.573,1994,3310,3221
733,a_estrella,h1,True,21,518.821,5933,9798,9503
733,codicioso,h2,True,53,49.148,508,880,867
733,a_estrella,h2,True,21,81.358,971,1577,1550
733,codicioso,h3,True,29,6.982,50,90,90
733,a_estrella,h3,True,21,72.977,514,839,829
733,codicioso,h4,True,29,5.717,45,82,82
733,a_estrella,h4,True,21,61.405,400,656,649
733,codicioso,h5,True,29,4.626,50,89,89
733,a_estrella,h5,True,21,11.027,112,200,199
733,codicioso,h6_w0.3,True,67,40.894,419,713,705
733,a_estrella,h6_w0.3,True,21,219.365,2511,4148,4042
733,codicioso,h6_w0.6,True,61,31.958,374,644,639
733,a_estrella,h6_w0.6,True,21,121.952,1368,2256,2207
733,codicioso,h6_w1.0,True,53,44.256,508,880,867
733,a_estrella,h6_w1.0,True,21,80.397,971,1577,1550
734,codicioso,h1,True,30,15.896,208,353,350
734,a_estrella,h1,True,24,1622.248,18166,29382,28019
734,codicioso,h2,True,30,13.251,146,250,248
734,a_estrella,h2,True,24,161.832,1801,2937,2881
734,codicioso,h3,True,30,7.088,52,94,94
734,a_estrella,h3,True,24,128.938,995,1613,1586
734,codicioso,h4,True,30,7.679,53,95,95
734,a_estrella,h4,True,24,91.14,680,1110,1094
734,codicioso,h5,True,34,3.126,51,90,90
734,a_estrella,h5,True,24,10.408,154,271,271
734,codicioso,h6_w0.3,True,30,14.01,147,247,245
734,a_estrella,h6_w0.3,True,24,687.672,7008,11446,11083
734,codicioso,h6_w0.6,True,30,16.066,149,255,253
734,a_estrella,h6_w0.6,True,24,310.166,3347,5425,5272
734,codicioso,h6_w1.0,True,30,13.664,146,250,248
734,a_estrella,h6_w1.0,True,24,1165.593,1801,2937,2881
735,codicioso,h1,True,43,123.026,1142,1902,1857
735,a_estrella,h1,True,17,84.323,943,1594,1564
735,codicioso,h2,True,31,9.73,77,133,132
735,a_estrella,h2,True,17,17.251,157,264,263
735,codicioso,h3,True,45,16.446,89,162,162
735,a_estrella,h3,True,17,14.825,113,188,188
735,codicioso,h4,True,45,9.229,89,162,162
735,a_estrella,h4,True,17,54.033,101,167,167
735,codicioso,h5,True,17,2.455,21,40,40
735,a_estrella,h5,True,17,7.834,22,41,41
735,codicioso,h6_w0.3,True,27,16.586,56,99,98
735,a_estrella,h6_w0.3,True,17,157.84,411,676,664
735,codicioso,h6_w0.6,True,27,25.01,58,103,102
735,a_estrella,h6_w0.6,True,17,54.109,224,382,377
735,codicioso,h6_w1.0,True,31,36.889,77,133,132
735,a_estrella,h6_w1.0,True,17,64.973,157,264,263
736,codicioso,h1,True,65,300.659,952,1583,1551
736,a_estrella,h1,True,27,6040.178,55698,86376,79382
736,codicioso,h2,True,71,27.301,391,674,670
736,a_estrella,h2,True,27,383.826,3759,5983,5865
736,codicioso,h3,True,37,11.708,70,122,122
736,a_estrella,h3,True,27,348.594,2140,3409,3344
736,codicioso,h4,True,37,8.099,74,125,125
736,a_estrella,h4,True,27,203.35,1431,2294,2263
736,codicioso,h5,True,27,4.053,31,58,58
736,a_estrella,h5,True,27,27.543,243,424,420
736,codicioso,h6_w0.3,True,59,15.39,177,301,299
736,a_estrella,h6_w0.3,True,27,2578.886,21736,34755,33137
736,codicioso,h6_w0.6,True,91,48.874,483,825,814
736,a_estrella,h6_w0.6,True,27,840.169,9205,14661,14146
736,codicioso,h6_w1.0,True,71,29.35,391,674,670
736,a_estrella,h6_w1.0,True,27,358.46,3759,5983,5865
737,codicioso,h1,True,43,36.999,496,854,839
737,a_estrella,h1,True,19,176.694,2148,3612,3522
737,codicioso,h2,True,47,7.787,120,205,203
737,a_estrella,h2,True,19,11.38,176,282,274
737,codicioso,h3,True,39,8.783,64,115,115
737,a_estrella,h3,True,19,10.92,115,190,185
737,codicioso,h4,True,39,10.069,64,115,115
737,a_estrella,h4,True,19,18.563,113,187,182
737,codicioso,h5,True,19,1.642,20,37,37
737,a_estrella,h5,True,19,2.081,21,40,40
737,codicioso,h6_w0.3,True,47,13.699,214,361,355
737,a_estrella,h6_w0.3,True,19,63.205,710,1192,1165
737,codicioso,h6_w0.6,True,47,7.904,107,189,188
737,a_estrella,h6_w0.6,True,19,22.854,315,523,510
737,codicioso,h6_w1.0,True,47,11.568,120,205,203
737,a_estrella,h6_w1.0,True,19,14.506,176,282,274
738,codicioso,h1,True,82,113.257,1338,2229,2184
738,a_estrella,h1,True,22,639.897,7345,12157,11782
738,codicioso,h2,True,66,29.99,406,711,705
738,a_estrella,h2,True,22,43.085,480,782,772
738,codicioso,h3,True,42,12.238,122,211,210
738,a_estrella,h3,True,22,31.721,285,465,461
738,codicioso,h4,True,28,4.35,37,65,65
738,a_estrella,h4,True,22,22.242,199,325,322
738,codicioso,h5,True,22,2.394,23,45,45
738,a_estrella,h5,True,22,4.404,45,84,83
738,codicioso,h6_w0.3,True,52,24.034,236,406,397
738,a_estrella,h6_w0.3,True,22,208.941,2437,4067,3975
738,codicioso,h6_w0.6,True,78,41.39,468,801,790
738,a_estrella,h6_w0.6,True,22,101.014,1034,1703,1674
738,codicioso,h6_w1.0,True,66,35.759,406,711,705
738,a_estrella,h6_w1.0,True,22,46.364,480,782,772
739,codicioso,h1,True,54,53.498,756,1266,1244
739,a_estrella,h1,True,22,578.174,7353,12081,11721
739,codicioso,h2,True,52,32.927,518,894,884
739,a_estrella,h2,True,22,25.686,365,591,585
739,codicioso,h3,True,32,4.896,65,108,108
739,a_estrella,h3,True,22,25.588,204,328,325
739,codicioso,h4,True,32,12.946,60,100,100
739,a_estrella,h4,True,22,14.414,147,238,235
739,codicioso,h5,True,26,4.275,35,62,62
739,a_estrella,h5,True,22,2.343,40,74,73
739,codicioso,h6_w0.3,True,62,43.511,450,756,748
739,a_estrella,h6_w0.3,True,22,195.787,2291,3779,3699
739,codicioso,h6_w0.6,True,62,23.649,312,526,521
739,a_estrella,h6_w0.6,True,22,60.718,905,1468,1439
739,codicioso,h6_w1.0,True,52,36.377,518,894,884
739,a_estrella,h6_w1.0,True,22,22.769,365,591,585
740,codicioso,h1,True,38,14.752,247,419,412
740,a_estrella,h1,True,22,558.006,7648,12640,12223
740,codicioso,h2,True,54,19.97,285,478,475
740,a_estrella,h2,True,22,48.819,718,1162,1149
740,codicioso,h3,True,26,4.641,44,79,79
740,a_estrella,h3,True,22,39.616,359,595,591
740,codicioso,h4,True,26,4.639,45,80,80
740,a_estrella,h4,True,22,21.148,197,329,328
740,codicioso,h5,True,36,4.014,63,116,116
740,a_estrella,h5,True,22,4.4,72,130,130
740,codicioso,h6_w0.3,True,38,8.015,101,174,173
740,a_estrella,h6_w0.3,True,22,251.11,2792,4579,4457
740,codicioso,h6_w0.6,True,62,34.291,335,562,557
740,a_estrella,h6_w0.6,True,22,98.336,1341,2216,2168
740,codicioso,h6_w1.0,True,54,18.336,285,478,475
740,a_estrella,h6_w1.0,True,22,57.047,718,1162,1149
741,codicioso,h1,True,38,16.864,282,478,469
741,a_estrella,h1,True,22,624.434,8404,13861,13345
741,codicioso,h2,True,42,11.532,188,330,329
741,a_estrella,h2,True,22,98.684,1409,2300,2256
741,codicioso,h3,True,30,5.371,43,79,79
741,a_estrella,h3,True,22,80.646,734,1216,1199
741,codicioso,h4,True,30,4.221,43,79,79
741,a_estrella,h4,True,22,86.253,682,1127,1111
741,codicioso,h5,True,32,5.44,61,109,109
741,a_estrella,h5,True,22,5.195,74,132,132
741,codicioso,h6_w0.3,True,38,9.157,141,244,242
741,a_estrella,h6_w0.3,True,22,293.511,3692,6097,5925
741,codicioso,h6_w0.6,True,62,23.914,382,652,646
741,a_estrella,h6_w0.6,True,22,129.326,2050,3362,3276
741,codicioso,h6_w1.0,True,42,13.649,188,330,329
741,a_estrella,h6_w1.0,True,22,101.118,1409,2300,2256
742,codicioso,h1,True,38,64.041,956,1619,1591
742,a_estrella,h1,True,22,550.845,7995,13150,12660
742,codicioso,h2,True,52,30.039,365,631,624
742,a_estrella,h2,True,22,72.318,1153,1884,1841
742,codicioso,h3,True,36,10.37,113,193,193
742,a_estrella,h3,True,22,68.418,668,1101,1087
742,codicioso,h4,True,36,10.907,112,191,191
742,a_estrella,h4,True,22,59.256,537,881,870
742,codicioso,h5,True,44,7.434,103,177,176
742,a_estrella,h5,True,22,6.252,112,201,198
742,codicioso,h6_w0.3,True,64,29.826,437,746,740
742,a_estrella,h6_w0.3,True,22,253.574,3305,5436,5271
742,codicioso,h6_w0.6,True,64,25.308,363,627,624
742,a_estrella,h6_w0.6,True,22,143.899,1737,2855,2781
742,codicioso,h6_w1.0,True,52,23.437,365,631,624
742,a_estrella,h6_w1.0,True,22,91.216,1153,1884,1841
743,codicioso,h1,True,26,8.366,177,302,299
743,a_estrella,h1,True,22,633.787,10545,17283,16613
743,codicioso,h2,True,38,21.496,334,577,571
743,a_estrella,h2,True,22,108.493,1891,3073,3007
743,codicioso,h3,True,26,4.0,43,80,80
743,a_estrella,h3,True,22,93.005,1032,1700,1679
743,codicioso,h4,True,26,3.793,43,80,80
743,a_estrella,h4,True,22,86.897,910,1491,1472
743,codicioso,h5,True,26,6.542,70,129,129
743,a_estrella,h5,True,22,14.139,145,254,251
743,codicioso,h6_w0.3,True,38,34.228,436,744,735
743,a_estrella,h6_w0.3,True,22,377.85,4790,7846,7610
743,codicioso,h6_w0.6,True,38,25.32,310,528,525
743,a_estrella,h6_w0.6,True,22,249.747,2716,4457,4341
743,codicioso,h6_w1.0,True,38,33.406,334,577,571
743,a_estrella,h6_w1.0,True,22,125.831,1891,3073,3007
744,codicioso,h1,True,50,41.528,713,1202,1161
744,a_estrella,h1,True,24,1132.186,17496,28287,27078
744,codicioso,h2,True,50,29.537,483,832,820
744,a_estrella,h2,True,24,87.306,1438,2296,2254
744,codicioso,h3,True,30,4.548,41,74,74
744,a_estrella,h3,True,24,65.054,776,1216,1198
744,codicioso,h4,True,40,7.34,73,129,129
744,a_estrella,h4,True,24,46.825,481,754,749
744,codicioso,h5,True,44,6.775,95,166,166
744,a_estrella,h5,True,24,3.429,65,115,114
744,codicioso,h6_w0.3,True,58,25.046,377,637,629
744,a_estrella,h6_w0.3,True,24,473.285,6140,9992,9702
744,codicioso,h6_w0.6,True,74,23.321,371,634,628
744,a_estrella,h6_w0.6,True,24,193.352,2732,4416,4307
744,codicioso,h6_w1.0,True,50,30.392,483,832,820
744,a_estrella,h6_w1.0,True,24,83.753,1438,2296,2254
745,codicioso,h1,True,46,24.4,508,853,833
745,a_estrella,h1,True,22,419.022,7606,12494,12109
745,codicioso,h2,True,52,17.582,308,517,514
745,a_estrella,h2,True,22,39.895,706,1142,1124
745,codicioso,h3,True,36,3.982,45,77,77
745,a_estrella,h3,True,22,33.121,359,576,566
745,codicioso,h4,True,40,9.685,89,154,154
745,a_estrella,h4,True,22,23.529,244,394,392
745,codicioso,h5,True,24,3.294,27,49,49
745,a_estrella,h5,True,22,3.7,71,126,125
745,codicioso,h6_w0.3,True,46,22.494,351,598,593
745,a_estrella,h6_w0.3,True,22,203.464,2720,4461,4350
745,codicioso,h6_w0.6,True,46,22.321,358,615,610
745,a_estrella,h6_w0.6,True,22,75.162,1254,2038,1993
745,codicioso,h6_w1.0,True,52,18.777,308,517,514
745,a_estrella,h6_w1.0,True,22,42.083,706,1142,1124
746,codicioso,h1,True,61,40.383,866,1450,1410
746,a_estrella,h1,True,27,3886.296,57920,89718,82252
746,codicioso,h2,True,51,15.081,278,468,465
746,a_estrella,h2,True,27,419.786,7298,11587,11257
746,codicioso,h3,True,49,11.852,130,220,219
746,a_estrella,h3,True,27,353.244,3989,6393,6242
746,codicioso,h4,True,43,8.952,97,163,163
746,a_estrella,h4,True,27,304.404,3192,5135,5022
746,codicioso,h5,True,47,4.887,98,166,165
746,a_estrella,h5,True,27,30.792,480,837,831
746,codicioso,h6_w0.3,True,61,34.785,608,1036,1022
746,a_estrella,h6_w0.3,True,27,1698.395,25932,41154,38886
746,codicioso,h6_w0.6,True,59,19.464,328,552,547
746,a_estrella,h6_w0.6,True,27,870.499,13127,20858,19994
746,codicioso,h6_w1.0,True,51,11.871,278,468,465
746,a_estrella,h6_w1.0,True,27,505.235,7298,11587,11257
747,codicioso,h1,True,34,25.345,410,686,674
747,a_estrella,h1,True,26,3243.062,45213,70820,65725
747,codicioso,h2,True,44,7.951,135,234,233
747,a_estrella,h2,True,26,315.26,4500,7197,7036
747,codicioso,h3,True,38,5.946,74,133,133
747,a_estrella,h3,True,26,263.817,2708,4361,4288
747,codicioso,h4,True,36,12.019,127,214,212
747,a_estrella,h4,True,26,183.289,1785,2897,2860
747,codicioso,h5,True,28,3.638,49,84,84
747,a_estrella,h5,True,26,32.88,490,839,832
747,codicioso,h6_w0.3,True,32,5.812,101,169,167
747,a_estrella,h6_w0.3,True,26,1487.836,18502,29667,28323
747,codicioso,h6_w0.6,True,44,8.109,120,211,210
747,a_estrella,h6_w0.6,True,26,893.155,8769,14077,13601
747,codicioso,h6_w1.0,True,44,9.198,135,234,233
747,a_estrella,h6_w1.0,True,26,374.866,4500,7197,7036
748,codicioso,h1,True,70,135.347,1622,2712,2653
748,a_estrella,h1,True,24,2111.4,21864,35166,33385
748,codicioso,h2,True,40,9.072,110,190,190
748,a_estrella,h2,True,24,226.488,2094,3374,3306
748,codicioso,h3,True,34,9.581,70,125,125
748,a_estrella,h3,True,24,126.12,1140,1838,1802
748,codicioso,h4,True,42,8.332,77,140,140
748,a_estrella,h4,True,24,144.726,1018,1646,1621
748,codicioso,h5,True,24,6.054,54,93,93
748,a_estrella,h5,True,24,14.369,197,342,341
748,codicioso,h6_w0.3,True,52,36.163,344,569,562
748,a_estrella,h6_w0.3,True,24,778.71,8520,13793,13295
748,codicioso,h6_w0.6,True,40,3.972,101,177,176
748,a_estrella,h6_w0.6,True,24,380.359,4038,6543,6365
748,codicioso,h6_w1.0,True,40,7.208,110,190,190
748,a_estrella,h6_w1.0,True,24,166.095,2094,3374,3306
749,codicioso,h1,True,40,15.361,264,451,442
749,a_estrella,h1,True,22,759.732,10207,16799,16173
749,codicioso,h2,True,40,9.033,144,246,244
749,a_estrella,h2,True,22,111.318,1459,2374,2310
749,codicioso,h3,True,38,8.067,67,121,121
749,a_estrella,h3,True,22,81.823,839,1361,1321
749,codicioso,h4,True,38,8.511,67,121,121
749,a_estrella,h4,True,22,82.998,795,1286,1251
749,codicioso,h5,True,38,8.486,75,133,133
749,a_estrella,h5,True,22,10.226,117,211,211
749,codicioso,h6_w0.3,True,60,12.77,198,337,332
749,a_estrella,h6_w0.3,True,22,340.278,4186,6899,6694
749,codicioso,h6_w0.6,True,60,13.844,162,277,275
749,a_estrella,h6_w0.6,True,22,165.902,2223,3623,3518
749,codicioso,h6_w1.0,True,40,17.644,144,246,244
749,a_estrella,h6_w1.0,True,22,97.763,1459,2374,2310
750,codicioso,h1,True,52,97.196,1539,2580,2518
750,a_estrella,h1,True,24,1315.851,17475,28315,27049
750,codicioso,h2,True,58,16.865,293,491,488
750,a_estrella,h2,True,24,89.028,1356,2183,2148
750,codicioso,h3,True,52,10.769,112,200,200
750,a_estrella,h3,True,24,51.411,631,994,981
750,codicioso,h4,True,52,12.027,111,198,198
750,a_estrella,h4,True,24,46.693,458,730,722
750,codicioso,h5,True,24,1.121,29,50,50
750,a_estrella,h5,True,24,5.418,67,125,124
750,codicioso,h6_w0.3,True,72,15.356,288,483,477
750,a_estrella,h6_w0.3,True,24,508.087,6169,10099,9821
750,codicioso,h6_w0.6,True,62,14.266,266,449,444
750,a_estrella,h6_w0.6,True,24,208.706,2702,4354,4238
750,codicioso,h6_w1.0,True,58,20.329,293,491,488
750,a_estrella,h6_w1.0,True,24,110.14,1356,2183,2148
751,codicioso,h1,True,58,71.912,1413,2370,2326
751,a_estrella,h1,True,22,550.195,8129,13371,12913
751,codicioso,h2,True,44,22.618,372,649,643
751,a_estrella,h2,True,22,62.435,973,1582,1550
751,codicioso,h3,True,42,10.652,110,192,192
751,a_estrella,h3,True,22,58.28,554,894,879
751,codicioso,h4,True,42,11.312,110,192,192
751,a_estrella,h4,True,22,48.483,499,804,793
751,codicioso,h5,True,32,5.271,52,93,93
751,a_estrella,h5,True,22,1.816,34,65,65
751,codicioso,h6_w0.3,True,72,22.3,428,728,723
751,a_estrella,h6_w0.3,True,22,273.56,3156,5214,5074
751,codicioso,h6_w0.6,True,66,31.168,383,656,650
751,a_estrella,h6_w0.6,True,22,112.563,1582,2592,2530
751,codicioso,h6_w1.0,True,44,20.835,372,649,643
751,a_estrella,h6_w1.0,True,22,65.449,973,1582,1550
752,codicioso,h1,True,61,56.956,914,1530,1492
752,a_estrella,h1,True,23,837.389,11780,19339,18629
752,codicioso,h2,True,35,8.088,76,130,130
752,a_estrella,h2,True,23,10.907,156,248,245
752,codicioso,h3,True,35,5.903,57,101,101
752,a_estrella,h3,True,23,13.676,79,134,133
752,codicioso,h4,True,35,4.923,58,102,102
752,a_estrella,h4,True,23,3.404,60,102,101
752,codicioso,h5,True,23,0.947,26,50,50
752,a_estrella,h5,True,23,1.076,31,59,59
752,codicioso,h6_w0.3,True,63,19.146,523,896,885
752,a_estrella,h6_w0.3,True,23,263.901,2994,4925,4801
752,codicioso,h6_w0.6,True,77,25.081,371,638,635
752,a_estrella,h6_w0.6,True,23,67.236,825,1325,1294
752,codicioso,h6_w1.0,True,35,3.69,76,130,130
752,a_estrella,h6_w1.0,True,23,9.129,156,248,245
753,codicioso,h1,True,49,8.94,154,262,257
753,a_estrella,h1,True,25,2159.47,27103,43534,41218
753,codicioso,h2,True,75,27.02,439,749,744
753,a_estrella,h2,True,25,25.456,390,615,608
753,codicioso,h3,True,47,10.8,128,215,215
753,a_estrella,h3,True,25,14.034,183,295,295
753,codicioso,h4,True,43,7.492,87,145,144
753,a_estrella,h4,True,25,10.375,145,237,237
753,codicioso,h5,True,25,1.298,28,54,54
753,a_estrella,h5,True,25,1.698,34,65,65
753,codicioso,h6_w0.3,True,85,30.232,397,664,656
753,a_estrella,h6_w0.3,True,25,569.941,7578,12387,12037
753,codicioso,h6_w0.6,True,77,45.54,425,710,703
753,a_estrella,h6_w0.6,True,25,253.023,2203,3521,3432
753,codicioso,h6_w1.0,True,75,34.236,439,749,744
753,a_estrella,h6_w1.0,True,25,40.592,390,615,608
754,codicioso,h1,True,29,3.495,77,136,133
754,a_estrella,h1,True,23,1147.138,14155,23194,22282
754,codicioso,h2,True,55,33.872,518,892,881
754,a_estrella,h2,True,23,125.434,1998,3253,3186
754,codicioso,h3,True,29,4.212,48,86,86
754,a_estrella,h3,True,23,103.595,1082,1761,1731
754,codicioso,h4,True,29,7.185,48,86,86
754,a_estrella,h4,True,23,95.369,918,1485,1461
754,codicioso,h5,True,29,3.618,52,94,94
754,a_estrella,h5,True,23,15.011,154,266,263
754,codicioso,h6_w0.3,True,71,24.368,346,589,576
754,a_estrella,h6_w0.3,True,23,517.977,5921,9709,9413
754,codicioso,h6_w0.6,True,51,9.874,105,181,180
754,a_estrella,h6_w0.6,True,23,288.084,3099,5050,4921
754,codicioso,h6_w1.0,True,55,41.09,518,892,881
754,a_estrella,h6_w1.0,True,23,151.461,1998,3253,3186
755,codicioso,h1,True,60,150.381,2282,3803,3706
755,a_estrella,h1,True,22,845.286,10747,17572,16909
755,codicioso,h2,True,50,37.119,604,1043,1023
755,a_estrella,h2,True,22,155.635,2199,3569,3499
755,codicioso,h3,True,32,4.836,49,86,86
755,a_estrella,h3,True,22,100.844,1027,1653,1633
755,codicioso,h4,True,32,5.276,49,86,86
755,a_estrella,h4,True,22,104.509,864,1399,1386
755,codicioso,h5,True,34,4.043,62,113,113
755,a_estrella,h5,True,22,11.63,168,299,298
755,codicioso,h6_w0.3,True,60,34.473,404,685,677
755,a_estrella,h6_w0.3,True,22,422.565,5044,8231,7976
755,codicioso,h6_w0.6,True,56,27.259,374,640,635
755,a_estrella,h6_w0.6,True,22,255.567,2939,4802,4670
755,codicioso,h6_w1.0,True,50,42.115,604,1043,1023
755,a_estrella,h6_w1.0,True,22,153.298,2199,3569,3499
756,codicioso,h1,True,17,10.038,157,270,264
756,a_estrella,h1,True,15,23.012,398,680,667
756,codicioso,h2,True,17,3.837,44,76,75
756,a_estrella,h2,True,15,6.294,110,186,184
756,codicioso,h3,True,17,2.487,19,37,37
756,a_estrella,h3,True,15,7.05,80,141,141
756,codicioso,h4,True,17,1.318,19,37,37
756,a_estrella,h4,True,15,8.591,80,141,141
756,codicioso,h5,True,15,1.548,21,40,40
756,a_estrella,h5,True,15,1.123,19,36,36
756,codicioso,h6_w0.3,True,17,3.825,49,85,83
756,a_estrella,h6_w0.3,True,15,21.042,201,339,333
756,codicioso,h6_w0.6,True,17,4.574,41,70,69
756,a_estrella,h6_w0.6,True,15,10.765,137,229,224
756,codicioso,h6_w1.0,True,17,2.586,44,76,75
756,a_estrella,h6_w1.0,True,15,8.343,110,186,184
757,codicioso,h1,True,32,6.144,138,238,233
757,a_estrella,h1,True,14,23.024,336,569,559
757,codicioso,h2,True,32,5.36,89,150,148
757,a_estrella,h2,True,14,8.956,128,214,212
757,codicioso,h3,True,24,7.76,63,109,109
757,a_estrella,h3,True,14,9.308,91,158,157
757,codicioso,h4,True,24,7.663,63,109,109
757,a_estrella,h4,True,14,11.635,89,154,153
757,codicioso,h5,True,14,1.55,15,29,29
757,a_estrella,h5,True,14,1.51,18,35,35
757,codicioso,h6_w0.3,True,32,6.198,80,141,139
757,a_estrella,h6_w0.3,True,14,12.276,189,315,309
757,codicioso,h6_w0.6,True,32,5.089,73,129,128
757,a_estrella,h6_w0.6,True,14,10.903,136,230,226
757,codicioso,h6_w1.0,True,32,8.496,89,150,148
757,a_estrella,h6_w1.0,True,14,9.259,128,214,212
758,codicioso,h1,True,66,90.594,1381,2297,2247
758,a_estrella,h1,True,22,491.916,7174,11873,11507
758,codicioso,h2,True,46,8.348,146,248,246
758,a_estrella,h2,True,22,25.591,425,707,696
758,codicioso,h3,True,46,6.661,88,158,158
758,a_estrella,h3,True,22,22.645,265,436,430
758,codicioso,h4,True,46,9.678,87,157,157
758,a_estrella,h4,True,22,17.796,200,334,329
758,codicioso,h5,True,22,2.646,39,70,70
758,a_estrella,h5,True,22,5.644,64,114,114
758,codicioso,h6_w0.3,True,60,21.055,305,521,509
758,a_estrella,h6_w0.3,True,22,161.895,2269,3745,3651
758,codicioso,h6_w0.6,True,58,20.139,268,465,457
758,a_estrella,h6_w0.6,True,22,70.615,938,1545,1513
758,codicioso,h6_w1.0,True,46,11.696,146,248,246
758,a_estrella,h6_w1.0,True,22,28.663,425,707,696
759,codicioso,h1,True,66,46.495,754,1275,1247
759,a_estrella,h1,True,22,492.003,7476,12357,11976
759,codicioso,h2,True,28,4.735,79,134,133
759,a_estrella,h2,True,22,42.363,610,997,984
759,codicioso,h3,True,28,3.497,37,66,66
759,a_estrella,h3,True,22,37.9,333,549,546
759,codicioso,h4,True,28,4.232,42,73,73
759,a_estrella,h4,True,22,33.894,217,361,359
759,codicioso,h5,True,22,2.085,25,47,47
759,a_estrella,h5,True,22,5.459,81,147,147
759,codicioso,h6_w0.3,True,48,19.092,232,401,392
759,a_estrella,h6_w0.3,True,22,214.434,2523,4174,4079
759,codicioso,h6_w0.6,True,70,31.813,461,789,778
759,a_estrella,h6_w0.6,True,22,86.054,1112,1821,1777
759,codicioso,h6_w1.0,True,28,7.513,79,134,133
759,a_estrella,h6_w1.0,True,22,44.187,610,997,984
760,codicioso,h1,True,40,15.432,218,376,367
760,a_estrella,h1,True,24,1226.428,17714,28752,27506
760,codicioso,h2,True,46,9.531,123,202,200
760,a_estrella,h2,True,24,87.141,1415,2276,2235
760,codicioso,h3,True,42,6.053,82,141,141
760,a_estrella,h3,True,24,62.689,764,1250,1231
760,codicioso,h4,True,42,8.488,81,139,139
760,a_estrella,h4,True,24,88.268,972,1587,1559
760,codicioso,h5,True,38,4.972,79,144,144
760,a_estrella,h5,True,24,3.625,58,106,105
760,codicioso,h6_w0.3,True,62,13.491,246,423,414
760,a_estrella,h6_w0.3,True,24,491.994,6290,10276,9955
760,codicioso,h6_w0.6,True,40,5.956,97,172,171
760,a_estrella,h6_w0.6,True,24,212.7,2792,4528,4402
760,codicioso,h6_w1.0,True,46,11.213,123,202,200
760,a_estrella,h6_w1.0,True,24,123.75,1415,2276,2235
761,codicioso,h1,True,49,73.884,822,1369,1336
761,a_estrella,h1,True,25,2456.931,29061,46254,43549
761,codicioso,h2,True,49,17.188,259,453,451
761,a_estrella,h2,True,25,235.595,3475,5543,5417
761,codicioso,h3,True,43,9.98,85,146,146
761,a_estrella,h3,True,25,206.304,1974,3155,3097
761,codicioso,h4,True,43,8.172,75,128,128
761,a_estrella,h4,True,25,120.37,1280,2051,2023
761,codicioso,h5,True,27,2.736,37,67,67
761,a_estrella,h5,True,25,13.713,194,351,350
761,codicioso,h6_w0.3,True,45,8.912,180,305,303
761,a_estrella,h6_w0.3,True,25,975.804,11845,19108,18333
761,codicioso,h6_w0.6,True,73,26.315,402,686,680
761,a_estrella,h6_w0.6,True,25,420.478,5863,9447,9134
761,codicioso,h6_w1.0,True,49,23.695,259,453,451
761,a_estrella,h6_w1.0,True,25,255.161,3475,5543,5417
762,codicioso,h1,True,44,43.049,735,1238,1208
762,a_estrella,h1,True,20,244.731,3421,5712,5560
762,codicioso,h2,True,54,43.419,522,900,888
762,a_estrella,h2,True,20,45.034,612,1007,987
762,codicioso,h3,True,34,5.59,64,113,113
762,a_estrella,h3,True,20,31.869,338,571,568
762,codicioso,h4,True,36,8.465,74,133,133
762,a_estrella,h4,True,20,27.049,247,429,428
762,codicioso,h5,True,28,1.468,33,61,61
762,a_estrella,h5,True,20,4.47,51,95,95
762,codicioso,h6_w0.3,True,60,25.315,375,632,627
762,a_estrella,h6_w0.3,True,20,94.953,1479,2447,2392
762,codicioso,h6_w0.6,True,60,16.13,313,535,532
762,a_estrella,h6_w0.6,True,20,55.452,848,1401,1369
762,codicioso,h6_w1.0,True,54,32.071,522,900,888
762,a_estrella,h6_w1.0,True,20,34.398,612,1007,987
763,codicioso,h1,True,35,52.694,1067,1778,1732
763,a_estrella,h1,True,19,167.378,2342,3886,3792
763,codicioso,h2,True,35,25.146,321,557,550
763,a_estrella,h2,True,19,22.365,435,711,704
763,codicioso,h3,True,33,10.934,120,204,202
763,a_estrella,h3,True,19,19.769,257,415,410
763,codicioso,h4,True,33,12.474,115,196,194
763,a_estrella,h4,True,19,18.046,191,313,308
763,codicioso,h5,True,25,1.942,30,56,56
763,a_estrella,h5,True,19,4.976,66,115,113
763,codicioso,h6_w0.3,True,35,22.415,350,592,584
763,a_estrella,h6_w0.3,True,19,67.813,1053,1744,1704
763,codicioso,h6_w0.6,True,35,16.844,241,411,406
763,a_estrella,h6_w0.6,True,19,39.503,600,993,973
763,codicioso,h6_w1.0,True,35,19.796,321,557,550
763,a_estrella,h6_w1.0,True,19,27.205,435,711,704
764,codicioso,h1,True,64,94.777,1620,2705,2634
764,a_estrella,h1,True,24,1216.157,17964,29323,28020
764,codicioso,h2,True,38,35.95,471,816,806
764,a_estrella,h2,True,24,125.273,1696,2739,2687
764,codicioso,h3,True,42,11.613,121,205,204
764,a_estrella,h3,True,24,86.807,952,1546,1515
764,codicioso,h4,True,42,10.587,119,202,201
764,a_estrella,h4,True,24,70.016,822,1334,1305
764,codicioso,h5,True,36,4.847,67,115,115
764,a_estrella,h5,True,24,11.428,181,314,313
764,codicioso,h6_w0.3,True,64,36.895,596,1024,1012
764,a_estrella,h6_w0.3,True,24,532.739,6543,10747,10390
764,codicioso,h6_w0.6,True,56,28.503,369,632,628
764,a_estrella,h6_w0.6,True,24,265.909,3055,4976,4848
764,codicioso,h6_w1.0,True,38,47.744,471,816,806
764,a_estrella,h6_w1.0,True,24,148.851,1696,2739,2687
765,codicioso,h1,True,86,66.195,978,1628,1582
765,a_estrella,h1,True,20,254.211,4151,6929,6752
765,codicioso,h2,True,36,19.564,317,550,543
765,a_estrella,h2,True,20,36.844,516,840,822
765,codicioso,h3,True,42,12.043,118,200,200
765,a_estrella,h3,True,20,19.416,238,383,377
765,codicioso,h4,True,42,13.735,119,201,201
765,a_estrella,h4,True,20,17.879,170,279,275
765,codicioso,h5,True,36,5.549,88,149,148
765,a_estrella,h5,True,20,9.281,121,196,193
765,codicioso,h6_w0.3,True,36,22.282,360,612,604
765,a_estrella,h6_w0.3,True,20,109.085,1658,2719,2641
765,codicioso,h6_w0.6,True,36,14.976,239,408,403
765,a_estrella,h6_w0.6,True,20,50.622,835,1381,1351
765,codicioso,h6_w1.0,True,36,21.379,317,550,543
765,a_estrella,h6_w1.0,True,20,27.963,516,840,822
766,codicioso,h1,True,84,56.209,1030,1726,1679
766,a_estrella,h1,True,22,507.217,7197,11864,11512
766,codicioso,h2,True,58,22.848,350,609,602
766,a_estrella,h2,True,22,17.721,374,602,587
766,codicioso,h3,True,28,3.732,57,97,96
766,a_estrella,h3,True,22,7.973,172,271,265
766,codicioso,h4,True,28,3.732,55,94,93
766,a_estrella,h4,True,22,9.026,101,161,159
766,codicioso,h5,True,22,2.218,25,46,46
766,a_estrella,h5,True,22,3.009,43,79,78
766,codicioso,h6_w0.3,True,58,22.959,388,656,647
766,a_estrella,h6_w0.3,True,22,162.907,2124,3469,3393
766,codicioso,h6_w0.6,True,58,21.442,271,464,459
766,a_estrella,h6_w0.6,True,22,64.888,836,1374,1350
766,codicioso,h6_w1.0,True,58,25.026,350,609,602
766,a_estrella,h6_w1.0,True,22,20.75,374,602,587
767,codicioso,h1,True,37,31.517,592,986,964
767,a_estrella,h1,True,23,851.28,13416,21938,21033
767,codicioso,h2,True,45,27.997,363,621,614
767,a_estrella,h2,True,23,128.75,1647,2667,2611
767,codicioso,h3,True,25,6.618,68,121,121
767,a_estrella,h3,True,23,129.642,1121,1842,1808
767,codicioso,h4,True,29,7.497,76,130,130
767,a_estrella,h4,True,23,98.491,939,1555,1527
767,codicioso,h5,True,25,5.306,36,66,66
767,a_estrella,h5,True,23,12.821,137,236,236
767,codicioso,h6_w0.3,True,51,28.807,424,717,708
767,a_estrella,h6_w0.3,True,23,442.707,5353,8787,8516
767,codicioso,h6_w0.6,True,51,18.811,330,557,554
767,a_estrella,h6_w0.6,True,23,205.303,2687,4399,4271
767,codicioso,h6_w1.0,True,45,25.913,363,621,614
767,a_estrella,h6_w1.0,True,23,140.106,1647,2667,2611
768,codicioso,h1,True,30,16.792,222,377,368
768,a_estrella,h1,True,16,33.294,520,860,843
768,codicioso,h2,True,30,19.15,306,528,522
768,a_estrella,h2,True,16,8.928,161,271,268
768,codicioso,h3,True,16,2.1,17,30,30
768,a_estrella,h3,True,16,7.407,88,150,150
768,codicioso,h4,True,16,1.805,20,35,35
768,a_estrella,h4,True,16,4.904,52,90,90
768,codicioso,h5,True,16,0.732,17,30,30
768,a_estrella,h5,True,16,3.288,49,89,89
768,codicioso,h6_w0.3,True,30,12.419,219,365,360
768,a_estrella,h6_w0.3,True,16,16.816,270,453,447
768,codicioso,h6_w0.6,True,30,12.003,212,357,352
768,a_estrella,h6_w0.6,True,16,10.472,182,305,301
768,codicioso,h6_w1.0,True,30,17.013,306,528,522
768,a_estrella,h6_w1.0,True,16,9.309,161,271,268
769,codicioso,h1,True,62,45.01,939,1567,1527
769,a_estrella,h1,True,26,2638.525,37721,59959,56134
769,codicioso,h2,True,60,19.721,282,491,489
769,a_estrella,h2,True,26,197.624,2822,4505,4406
769,codicioso,h3,True,42,8.889,89,152,152
769,a_estrella,h3,True,26,141.313,1635,2655,2599
769,codicioso,h4,True,42,8.862,84,143,143
769,a_estrella,h4,True,26,132.611,1343,2179,2136
769,codicioso,h5,True,38,6.712,66,118,118
769,a_estrella,h5,True,26,17.052,212,358,352
769,codicioso,h6_w0.3,True,56,20.448,220,372,367
769,a_estrella,h6_w0.3,True,26,1058.45,14038,22800,21919
769,codicioso,h6_w0.6,True,84,32.567,434,738,732
769,a_estrella,h6_w0.6,True,26,470.428,6038,9750,9436
769,codicioso,h6_w1.0,True,60,22.095,282,491,489
769,a_estrella,h6_w1.0,True,26,220.98,2822,4505,4406
770,codicioso,h1,True,53,11.439,250,427,421
770,a_estrella,h1,True,25,2053.289,28799,46121,43524
770,codicioso,h2,True,63,28.914,386,658,652
770,a_estrella,h2,True,25,168.134,2492,3994,3919
770,codicioso,h3,True,43,7.163,72,129,129
770,a_estrella,h3,True,25,152.273,1509,2465,2429
770,codicioso,h4,True,41,7.042,70,122,122
770,a_estrella,h4,True,25,103.936,954,1561,1539
770,codicioso,h5,True,37,3.575,62,109,109
770,a_estrella,h5,True,25,13.154,206,356,352
770,codicioso,h6_w0.3,True,47,9.085,160,269,267
770,a_estrella,h6_w0.3,True,25,962.209,10975,17837,17202
770,codicioso,h6_w0.6,True,77,29.43,397,672,666
770,a_estrella,h6_w0.6,True,25,528.535,4996,8112,7876
770,codicioso,h6_w1.0,True,63,34.925,386,658,652
770,a_estrella,h6_w1.0,True,25,197.747,2492,3994,3919
771,codicioso,h1,True,43,41.875,647,1113,1089
771,a_estrella,h1,True,25,2257.712,29349,46804,44022
771,codicioso,h2,True,47,15.046,269,452,449
771,a_estrella,h2,True,25,180.896,3338,5405,5294
771,codicioso,h3,True,39,6.829,77,134,134
771,a_estrella,h3,True,25,154.024,1638,2657,2611
771,codicioso,h4,True,31,9.126,73,129,129
771,a_estrella,h4,True,25,140.885,1150,1870,1840
771,codicioso,h5,True,41,4.31,95,159,158
771,a_estrella,h5,True,25,11.492,167,295,294
771,codicioso,h6_w0.3,True,61,32.129,500,844,833
771,a_estrella,h6_w0.3,True,25,1089.894,12139,19660,18836
771,codicioso,h6_w0.6,True,55,22.771,328,551,546
771,a_estrella,h6_w0.6,True,25,399.114,6042,9809,9492
771,codicioso,h6_w1.0,True,47,14.719,269,452,449
771,a_estrella,h6_w1.0,True,25,206.903,3338,5405,5294
772,codicioso,h1,True,40,20.068,374,642,627
772,a_estrella,h1,True,16,25.996,516,874,858
772,codicioso,h2,True,40,6.471,156,262,260
772,a_estrella,h2,True,16,5.414,85,145,145
772,codicioso,h3,True,40,8.494,82,148,148
772,a_estrella,h3,True,16,7.731,80,139,139
772,codicioso,h4,True,40,7.077,82,148,148
772,a_estrella,h4,True,16,7.505,80,139,139
772,codicioso,h5,True,16,0.705,17,30,30
772,a_estrella,h5,True,16,3.014,37,65,64
772,codicioso,h6_w0.3,True,40,12.155,207,351,345
772,a_estrella,h6_w0.3,True,16,12.248,220,375,370
772,codicioso,h6_w0.6,True,40,7.435,165,281,279
772,a_estrella,h6_w0.6,True,16,8.619,125,210,209
772,codicioso,h6_w1.0,True,40,9.876,156,262,260
772,a_estrella,h6_w1.0,True,16,5.13,85,145,145
773,codicioso,h1,True,61,78.597,1455,2436,2380
773,a_estrella,h1,True,27,3619.988,56383,87383,80301
773,codicioso,h2,True,49,6.183,124,219,218
773,a_estrella,h2,True,27,244.685,4249,6745,6618
773,codicioso,h3,True,31,4.594,48,86,86
773,a_estrella,h3,True,27,220.909,2517,3991,3925
773,codicioso,h4,True,53,9.264,104,187,187
773,a_estrella,h4,True,27,181.484,1981,3164,3122
773,codicioso,h5,True,35,2.159,47,86,86
773,a_estrella,h5,True,27,9.819,167,297,293
773,codicioso,h6_w0.3,True,77,26.362,443,744,737
773,a_estrella,h6_w0.3,True,27,1610.458,22740,36324,34636
773,codicioso,h6_w0.6,True,49,11.319,175,301,297
773,a_estrella,h6_w0.6,True,27,755.787,9898,15878,15348
773,codicioso,h6_w1.0,True,49,7.516,124,219,218
773,a_estrella,h6_w1.0,True,27,278.767,4249,6745,6618
774,codicioso,h1,True,54,68.866,986,1666,1634
774,a_estrella,h1,True,22,448.719,7246,11947,11579
774,codicioso,h2,True,52,13.46,265,445,442
774,a_estrella,h2,True,22,29.53,596,960,947
774,codicioso,h3,True,34,6.45,88,153,153
774,a_estrella,h3,True,22,27.676,345,550,543
774,codicioso,h4,True,40,10.437,95,164,164
774,a_estrella,h4,True,22,19.024,195,318,316
774,codicioso,h5,True,24,2.869,31,56,56
774,a_estrella,h5,True,22,5.058,67,121,120
774,codicioso,h6_w0.3,True,52,41.738,466,791,784
774,a_estrella,h6_w0.3,True,22,193.016,2383,3927,3833
774,codicioso,h6_w0.6,True,62,19.606,328,548,543
774,a_estrella,h6_w0.6,True,22,74.028,1078,1758,1718
774,codicioso,h6_w1.0,True,52,15.592,265,445,442
774,a_estrella,h6_w1.0,True,22,34.516,596,960,947
775,codicioso,h1,True,46,19.483,364,614,604
775,a_estrella,h1,True,22,431.838,7917,13085,12664
775,codicioso,h2,True,30,2.929,90,152,152
775,a_estrella,h2,True,22,54.762,1037,1687,1646
775,codicioso,h3,True,50,7.882,122,215,215
775,a_estrella,h3,True,22,32.995,472,773,765
775,codicioso,h4,True,36,6.562,69,123,123
775,a_estrella,h4,True,22,38.418,421,687,681
775,codicioso,h5,True,28,2.995,34,62,62
775,a_estrella,h5,True,22,1.387,39,73,73
775,codicioso,h6_w0.3,True,46,9.253,166,277,274
775,a_estrella,h6_w0.3,True,22,205.733,3138,5188,5050
775,codicioso,h6_w0.6,True,34,6.413,107,184,183
775,a_estrella,h6_w0.6,True,22,118.955,1622,2688,2628
775,codicioso,h6_w1.0,True,30,5.148,90,152,152
775,a_estrella,h6_w1.0,True,22,77.015,1037,1687,1646
776,codicioso,h1,True,47,79.463,1297,2149,2082
776,a_estrella,h1,True,19,144.485,2360,3954,3859
776,codicioso,h2,True,43,5.782,104,175,174
776,a_estrella,h2,True,19,15.455,273,455,450
776,codicioso,h3,True,49,10.688,93,167,167
776,a_estrella,h3,True,19,16.98,173,288,286
776,codicioso,h4,True,49,11.372,93,167,167
776,a_estrella,h4,True,19,16.697,169,282,280
776,codicioso,h5,True,19,3.824,20,39,39
776,a_estrella,h5,True,19,1.721,24,46,46
776,codicioso,h6_w0.3,True,43,10.923,168,283,278
776,a_estrella,h6_w0.3,True,19,65.748,939,1557,1516
776,codicioso,h6_w0.6,True,43,6.041,119,207,205
776,a_estrella,h6_w0.6,True,19,27.465,460,762,750
776,codicioso,h6_w1.0,True,43,8.262,104,175,174
776,a_estrella,h6_w1.0,True,19,17.238,273,455,450
777,codicioso,h1,True,55,24.644,458,764,746
777,a_estrella,h1,True,21,381.628,5549,9220,8950
777,codicioso,h2,True,39,13.038,201,358,356
777,a_estrella,h2,True,21,39.074,656,1072,1056
777,codicioso,h3,True,25,5.88,67,115,114
777,a_estrella,h3,True,21,40.822,450,736,723
777,codicioso,h4,True,25,6.968,66,113,112
777,a_estrella,h4,True,21,31.971,396,643,632
777,codicioso,h5,True,25,1.849,39,71,71
777,a_estrella,h5,True,21,8.856,106,189,189
777,codicioso,h6_w0.3,True,55,21.058,317,540,535
777,a_estrella,h6_w0.3,True,21,145.469,2025,3351,3275
777,codicioso,h6_w0.6,True,55,24.488,320,549,544
777,a_estrella,h6_w0.6,True,21,73.221,980,1605,1571
777,codicioso,h6_w1.0,True,39,18.301,201,358,356
777,a_estrella,h6_w1.0,True,21,39.504,656,1072,1056
778,codicioso,h1,True,52,17.304,320,544,531
778,a_estrella,h1,True,22,435.758,7361,12162,11776
778,codicioso,h2,True,42,5.774,119,198,196
778,a_estrella,h2,True,22,19.609,399,639,629
778,codicioso,h3,True,28,5.077,62,108,108
778,a_estrella,h3,True,22,22.453,265,432,427
778,codicioso,h4,True,28,4.745,62,108,108
778,a_estrella,h4,True,22,19.857,229,373,368
778,codicioso,h5,True,28,2.743,37,68,68
778,a_estrella,h5,True,22,5.277,100,171,170
778,codicioso,h6_w0.3,True,66,25.345,439,737,726
778,a_estrella,h6_w0.3,True,22,141.473,2344,3890,3797
778,codicioso,h6_w0.6,True,66,22.165,310,524,518
778,a_estrella,h6_w0.6,True,22,52.711,895,1471,1442
778,codicioso,h6_w1.0,True,42,6.654,119,198,196
778,a_estrella,h6_w1.0,True,22,20.905,399,639,629
779,codicioso,h1,True,55,49.984,1015,1710,1672
779,a_estrella,h1,True,23,806.189,13122,21486,20661
779,codicioso,h2,True,53,26.502,512,888,878
779,a_estrella,h2,True,23,56.944,1010,1642,1616
779,codicioso,h3,True,49,8.951,142,241,240
779,a_estrella,h3,True,23,47.037,565,926,913
779,codicioso,h4,True,23,4.935,66,118,118
779,a_estrella,h4,True,23,46.077,487,797,785
779,codicioso,h5,True,25,3.129,32,59,59
779,a_estrella,h5,True,23,5.325,85,151,149
779,codicioso,h6_w0.3,True,53,27.535,510,874,863
779,a_estrella,h6_w0.3,True,23,299.524,4631,7652,7445
779,codicioso,h6_w0.6,True,53,22.318,393,675,670
779,a_estrella,h6_w0.6,True,23,189.687,2091,3417,3332
779,codicioso,h6_w1.0,True,53,39.058,512,888,878
779,a_estrella,h6_w1.0,True,23,66.4,1010,1642,1616
780,codicioso,h1,True,80,95.212,1822,3027,2956
780,a_estrella,h1,True,24,1214.181,17912,29179,27882
780,codicioso,h2,True,56,22.64,419,718,714
780,a_estrella,h2,True,24,111.694,1781,2894,2842
780,codicioso,h3,True,36,7.147,56,99,99
780,a_estrella,h3,True,24,105.439,1142,1862,1831
780,codicioso,h4,True,36,5.284,56,99,99
780,a_estrella,h4,True,24,86.099,872,1415,1393
780,codicioso,h5,True,28,1.843,34,62,62
780,a_estrella,h5,True,24,22.168,322,548,545
780,codicioso,h6_w0.3,True,74,26.964,422,720,715
780,a_estrella,h6_w0.3,True,24,480.528,6685,10956,10611
780,codicioso,h6_w0.6,True,74,25.012,364,629,626
780,a_estrella,h6_w0.6,True,24,265.82,3190,5183,5041
780,codicioso,h6_w1.0,True,56,26.359,419,718,714
780,a_estrella,h6_w1.0,True,24,108.906,1781,2894,2842
781,codicioso,h1,True,66,38.992,751,1262,1241
781,a_estrella,h1,True,24,1083.137,16716,27173,26053
781,codicioso,h2,True,40,8.627,155,264,262
781,a_estrella,h2,True,24,44.923,755,1210,1195
781,codicioso,h3,True,48,7.801,88,153,153
781,a_estrella,h3,True,24,40.617,447,714,705
781,codicioso,h4,True,26,2.852,43,79,79
781,a_estrella,h4,True,24,15.922,175,283,281
781,codicioso,h5,True,26,2.011,29,57,57
781,a_estrella,h5,True,24,6.597,71,128,127
781,codicioso,h6_w0.3,True,78,28.613,435,742,737
781,a_estrella,h6_w0.3,True,24,411.101,5007,8165,7942
781,codicioso,h6_w0.6,True,40,8.214,157,269,267
781,a_estrella,h6_w0.6,True,24,124.501,1851,2967,2896
781,codicioso,h6_w1.0,True,40,10.624,155,264,262
781,a_estrella,h6_w1.0,True,24,48.575,755,1210,1195
782,codicioso,h1,True,28,9.102,199,345,339
782,a_estrella,h1,True,24,1135.262,17464,28408,27199
782,codicioso,h2,True,34,10.096,148,250,248
782,a_estrella,h2,True,24,70.684,1072,1727,1700
782,codicioso,h3,True,38,4.206,63,112,112
782,a_estrella,h3,True,24,51.985,501,829,820
782,codicioso,h4,True,34,8.318,70,122,122
782,a_estrella,h4,True,24,27.781,282,466,462
782,codicioso,h5,True,34,3.953,81,142,141
782,a_estrella,h5,True,24,8.483,142,257,254
782,codicioso,h6_w0.3,True,46,9.736,146,252,250
782,a_estrella,h6_w0.3,True,24,498.672,5822,9524,9249
782,codicioso,h6_w0.6,True,36,6.497,158,265,263
782,a_estrella,h6_w0.6,True,24,177.289,2431,3939,3837
782,codicioso,h6_w1.0,True,34,9.635,148,250,248
782,a_estrella,h6_w1.0,True,24,70.378,1072,1727,1700
783,codicioso,h1,True,70,96.29,1712,2867,2807
783,a_estrella,h1,True,28,5644.147,71372,109352,99156
783,codicioso,h2,True,72,10.58,165,291,290
783,a_estrella,h2,True,28,414.221,5233,8312,8149
783,codicioso,h3,True,46,8.16,99,172,172
783,a_estrella,h3,True,28,300.325,2972,4747,4654
783,codicioso,h4,True,44,7.956,86,150,150
783,a_estrella,h4,True,28,177.475,1612,2578,2543
783,codicioso,h5,True,40,2.726,50,91,91
783,a_estrella,h5,True,28,53.729,558,966,959
783,codicioso,h6_w0.3,True,78,20.757,261,435,426
783,a_estrella,h6_w0.3,True,28,2703.618,30470,48347,45749
783,codicioso,h6_w0.6,True,78,13.609,191,322,320
783,a_estrella,h6_w0.6,True,28,1191.427,13393,21338,20535
783,codicioso,h6_w1.0,True,72,11.446,165,291,290
783,a_estrella,h6_w1.0,True,28,432.059,5233,8312,8149
784,codicioso,h1,True,17,8.365,165,284,277
784,a_estrella,h1,True,17,51.15,790,1319,1288
784,codicioso,h2,True,33,3.799,61,105,105
784,a_estrella,h2,True,17,2.423,45,74,73
784,codicioso,h3,True,43,9.342,66,119,119
784,a_estrella,h3,True,17,1.853,35,60,59
784,codicioso,h4,True,43,10.21,66,119,119
784,a_estrella,h4,True,17,4.326,35,60,59
784,codicioso,h5,True,17,3.086,20,38,38
784,a_estrella,h5,True,17,0.673,20,38,38
784,codicioso,h6_w0.3,True,33,4.883,73,128,127
784,a_estrella,h6_w0.3,True,17,17.496,239,399,395
784,codicioso,h6_w0.6,True,33,3.743,64,109,108
784,a_estrella,h6_w0.6,True,17,7.711,89,144,144
784,codicioso,h6_w1.0,True,33,3.603,61,105,105
784,a_estrella,h6_w1.0,True,17,4.431,45,74,73
785,codicioso,h1,True,39,38.25,694,1171,1143
785,a_estrella,h1,True,25,2034.627,28811,46049,43342
785,codicioso,h2,True,53,25.701,380,656,650
785,a_estrella,h2,True,25,197.699,2677,4280,4190
785,codicioso,h3,True,39,8.992,95,164,164
785,a_estrella,h3,True,25,153.443,1699,2745,2685
785,codicioso,h4,True,39,9.369,95,164,164
785,a_estrella,h4,True,25,130.091,1383,2231,2187
785,codicioso,h5,True,37,3.973,58,100,100
785,a_estrella,h5,True,25,9.79,148,264,264
785,codicioso,h6_w0.3,True,59,28.305,444,751,739
785,a_estrella,h6_w0.3,True,25,839.481,11168,18067,17371
785,codicioso,h6_w0.6,True,59,18.06,293,500,495
785,a_estrella,h6_w0.6,True,25,386.274,5293,8550,8272
785,codicioso,h6_w1.0,True,53,26.088,380,656,650
785,a_estrella,h6_w1.0,True,25,175.664,2677,4280,4190
786,codicioso,h1,True,46,19.719,365,619,608
786,a_estrella,h1,True,24,1171.615,18193,29480,28203
786,codicioso,h2,True,40,10.302,198,354,352
786,a_estrella,h2,True,24,133.899,2253,3642,3585
786,codicioso,h3,True,42,4.9,59,101,101
786,a_estrella,h3,True,24,90.368,1113,1764,1741
786,codicioso,h4,True,42,5.618,62,109,109
786,a_estrella,h4,True,24,68.42,800,1275,1264
786,codicioso,h5,True,42,4.713,74,131,131
786,a_estrella,h5,True,24,11.421,181,315,312
786,codicioso,h6_w0.3,True,56,19.371,323,548,543
786,a_estrella,h6_w0.3,True,24,532.806,7210,11771,11414
786,codicioso,h6_w0.6,True,56,20.519,320,549,544
786,a_estrella,h6_w0.6,True,24,226.504,3587,5810,5664
786,codicioso,h6_w1.0,True,40,13.568,198,354,352
786,a_estrella,h6_w1.0,True,24,138.486,2253,3642,3585
787,codicioso,h1,True,82,54.88,1061,1760,1712
787,a_estrella,h1,True,24,966.682,17340,28119,26890
787,codicioso,h2,True,46,16.894,329,566,560
787,a_estrella,h2,True,24,72.949,1352,2181,2147
787,codicioso,h3,True,28,3.062,41,72,72
787,a_estrella,h3,True,24,42.756,591,953,944
787,codicioso,h4,True,28,4.145,43,75,75
787,a_estrella,h4,True,24,30.406,365,596,592
787,codicioso,h5,True,46,5.215,100,170,169
787,a_estrella,h5,True,24,6.814,138,239,239
787,codicioso,h6_w0.3,True,44,24.497,433,735,726
787,a_estrella,h6_w0.3,True,24,369.8,5948,9747,9452
787,codicioso,h6_w0.6,True,54,28.045,324,545,542
787,a_estrella,h6_w0.6,True,24,173.992,2612,4244,4135
787,codicioso,h6_w1.0,True,46,18.774,329,566,560
787,a_estrella,h6_w1.0,True,24,74.849,1352,2181,2147
788,codicioso,h1,True,59,18.556,338,576,564
788,a_estrella,h1,True,23,690.679,11966,19585,18867
788,codicioso,h2,True,35,5.096,103,180,179
788,a_estrella,h2,True,23,16.797,339,538,528
788,codicioso,h3,True,33,3.085,50,88,88
788,a_estrella,h3,True,23,9.391,156,249,246
788,codicioso,h4,True,33,4.955,61,107,107
788,a_estrella,h4,True,23,9.489,104,169,167
788,codicioso,h5,True,23,1.643,24,49,49
788,a_estrella,h5,True,23,3.143,51,92,90
788,codicioso,h6_w0.3,True,55,23.138,407,686,678
788,a_estrella,h6_w0.3,True,23,204.823,3219,5271,5144
788,codicioso,h6_w0.6,True,55,16.19,279,473,468
788,a_estrella,h6_w0.6,True,23,74.627,1068,1710,1669
788,codicioso,h6_w1.0,True,35,6.329,103,180,179
788,a_estrella,h6_w1.0,True,23,19.136,339,538,528
789,codicioso,h1,True,29,8.991,138,235,231
789,a_estrella,h1,True,17,48.327,973,1615,1584
789,codicioso,h2,True,35,24.826,464,808,799
789,a_estrella,h2,True,17,8.496,188,312,310
789,codicioso,h3,True,25,5.721,86,150,148
789,a_estrella,h3,True,17,5.791,111,183,181
789,codicioso,h4,True,25,7.551,84,147,145
789,a_estrella,h4,True,17,8.388,96,161,159
789,codicioso,h5,True,17,1.034,18,34,34
789,a_estrella,h5,True,17,2.23,21,39,39
789,codicioso,h6_w0.3,True,43,20.371,312,530,525
789,a_estrella,h6_w0.3,True,17,23.16,425,709,697
789,codicioso,h6_w0.6,True,43,19.079,315,539,534
789,a_estrella,h6_w0.6,True,17,14.688,239,401,398
789,codicioso,h6_w1.0,True,35,29.09,464,808,799
789,a_estrella,h6_w1.0,True,17,12.08,188,312,310
790,codicioso,h1,True,50,35.59,852,1447,1413
790,a_estrella,h1,True,24,1021.178,17678,28842,27611
790,codicioso,h2,True,32,4.972,85,148,147
790,a_estrella,h2,True,24,71.564,1160,1865,1845
790,codicioso,h3,True,24,2.842,42,75,75
790,a_estrella,h3,True,24,60.77,673,1096,1084
790,codicioso,h4,True,24,4.011,40,72,72
790,a_estrella,h4,True,24,37.43,427,696,689
790,codicioso,h5,True,44,6.889,100,170,169
790,a_estrella,h5,True,24,9.575,145,259,256
790,codicioso,h6_w0.3,True,58,34.563,553,944,931
790,a_estrella,h6_w0.3,True,24,418.486,5933,9767,9493
790,codicioso,h6_w0.6,True,58,23.513,411,701,696
790,a_estrella,h6_w0.6,True,24,157.933,2516,4101,4003
790,codicioso,h6_w1.0,True,32,3.884,85,148,147
790,a_estrella,h6_w1.0,True,24,68.176,1160,1865,1845
791,codicioso,h1,True,58,28.092,603,1007,989
791,a_estrella,h1,True,28,4870.538,71454,109178,98744
791,codicioso,h2,True,34,3.086,62,111,111
791,a_estrella,h2,True,28,557.679,8138,12847,12494
791,codicioso,h3,True,28,1.619,31,54,54
791,a_estrella,h3,True,28,367.19,4746,7568,7413
791,codicioso,h4,True,34,3.688,46,79,79
791,a_estrella,h4,True,28,289.759,3216,5129,5030
791,codicioso,h5,True,28,2.523,33,62,62
791,a_estrella,h5,True,28,40.792,609,1059,1053
791,codicioso,h6_w0.3,True,46,6.132,84,146,145
791,a_estrella,h6_w0.3,True,28,2526.884,31888,50352,47407
791,codicioso,h6_w0.6,True,46,6.276,80,140,139
791,a_estrella,h6_w0.6,True,28,1314.189,15602,24735,23597
791,codicioso,h6_w1.0,True,34,2.785,62,111,111
791,a_estrella,h6_w1.0,True,28,620.732,8138,12847,12494
792,codicioso,h1,True,75,50.308,835,1400,1368
792,a_estrella,h1,True,25,2144.021,27855,44774,42378
792,codicioso,h2,True,55,8.923,147,247,245
792,a_estrella,h2,True,25,76.205,1171,1878,1852
792,codicioso,h3,True,41,4.567,68,119,119
792,a_estrella,h3,True,25,47.054,517,855,852
792,codicioso,h4,True,33,5.577,55,99,99
792,a_estrella,h4,True,25,14.199,180,297,297
792,codicioso,h5,True,25,1.735,28,51,51
792,a_estrella,h5,True,25,5.557,82,150,150
792,codicioso,h6_w0.3,True,55,13.16,169,285,280
792,a_estrella,h6_w0.3,True,25,777.883,8757,14253,13815
792,codicioso,h6_w0.6,True,55,8.9,135,233,231
792,a_estrella,h6_w0.6,True,25,261.623,3185,5195,5077
792,codicioso,h6_w1.0,True,55,11.223,147,247,245
792,a_estrella,h6_w1.0,True,25,86.815,1171,1878,1852
793,codicioso,h1,True,46,28.024,393,664,652
793,a_estrella,h1,True,22,509.749,7655,12604,12201
793,codicioso,h2,True,58,36.386,517,893,880
793,a_estrella,h2,True,22,70.688,871,1411,1383
793,codicioso,h3,True,52,8.132,95,166,166
793,a_estrella,h3,True,22,30.546,331,525,523
793,codicioso,h4,True,40,8.266,83,140,140
793,a_estrella,h4,True,22,23.573,204,325,324
793,codicioso,h5,True,40,4.557,54,97,97
793,a_estrella,h5,True,22,2.905,36,69,69
793,codicioso,h6_w0.3,True,72,40.329,451,761,753
793,a_estrella,h6_w0.3,True,22,213.464,2817,4620,4493
793,codicioso,h6_w0.6,True,66,23.097,389,669,664
793,a_estrella,h6_w0.6,True,22,82.082,1376,2235,2174
793,codicioso,h6_w1.0,True,58,34.857,517,893,880
793,a_estrella,h6_w1.0,True,22,63.987,871,1411,1383
794,codicioso,h1,True,44,51.39,942,1588,1555
794,a_estrella,h1,True,16,33.225,540,901,885
794,codicioso,h2,True,22,3.394,72,126,125
794,a_estrella,h2,True,16,8.594,121,202,201
794,codicioso,h3,True,22,3.778,53,91,90
794,a_estrella,h3,True,16,5.85,63,108,108
794,codicioso,h4,True,22,7.228,53,91,90
794,a_estrella,h4,True,16,4.69,43,76,76
794,codicioso,h5,True,16,1.274,19,35,35
794,a_estrella,h5,True,16,1.565,29,53,53
794,codicioso,h6_w0.3,True,44,33.818,483,825,818
794,a_estrella,h6_w0.3,True,16,15.858,240,409,405
794,codicioso,h6_w0.6,True,54,18.317,309,518,513
794,a_estrella,h6_w0.6,True,16,7.82,143,238,237
794,codicioso,h6_w1.0,True,22,4.886,72,126,125
794,a_estrella,h6_w1.0,True,16,8.052,121,202,201
795,codicioso,h1,True,31,20.801,404,676,658
795,a_estrella,h1,True,21,362.316,5657,9334,9067
795,codicioso,h2,True,23,2.357,60,107,107
795,a_estrella,h2,True,21,41.536,647,1048,1027
795,codicioso,h3,True,23,6.175,41,71,71
795,a_estrella,h3,True,21,36.564,351,571,566
795,codicioso,h4,True,41,5.944,71,126,126
795,a_estrella,h4,True,21,33.954,318,517,514
795,codicioso,h5,True,23,3.819,40,73,73
795,a_estrella,h5,True,21,7.055,91,156,155
795,codicioso,h6_w0.3,True,31,10.134,127,216,214
795,a_estrella,h6_w0.3,True,21,161.913,2157,3551,3466
795,codicioso,h6_w0.6,True,31,4.277,82,143,143
795,a_estrella,h6_w0.6,True,21,71.697,1059,1725,1684
795,codicioso,h6_w1.0,True,23,3.743,60,107,107
795,a_estrella,h6_w1.0,True,21,44.148,647,1048,1027
796,codicioso,h1,True,75,87.047,1696,2819,2738
796,a_estrella,h1,True,21,328.44,5592,9327,9059
796,codicioso,h2,True,41,5.013,110,183,182
796,a_estrella,h2,True,21,31.603,483,793,787
796,codicioso,h3,True,29,2.38,37,68,68
796,a_estrella,h3,True,21,22.528,272,458,455
796,codicioso,h4,True,29,4.772,37,68,68
796,a_estrella,h4,True,21,23.101,250,421,419
796,codicioso,h5,True,41,4.599,90,155,154
796,a_estrella,h5,True,21,4.313,42,74,74
796,codicioso,h6_w0.3,True,71,27.648,409,695,690
796,a_estrella,h6_w0.3,True,21,144.35,2001,3309,3232
796,codicioso,h6_w0.6,True,53,32.618,434,743,737
796,a_estrella,h6_w0.6,True,21,67.688,938,1553,1522
796,codicioso,h6_w1.0,True,41,7.22,110,183,182
796,a_estrella,h6_w1.0,True,21,32.366,483,793,787
797,codicioso,h1,True,80,116.429,1818,3029,2944
797,a_estrella,h1,True,20,211.968,3094,5156,5028
797,codicioso,h2,True,22,2.591,30,54,54
797,a_estrella,h2,True,20,12.088,204,329,325
797,codicioso,h3,True,22,2.536,30,54,54
797,a_estrella,h3,True,20,13.203,160,256,254
797,codicioso,h4,True,22,3.651,30,54,54
797,a_estrella,h4,True,20,8.3,111,183,181
797,codicioso,h5,True,20,0.976,24,45,45
797,a_estrella,h5,True,20,3.121,28,54,54
797,codicioso,h6_w0.3,True,68,25.056,424,711,704
797,a_estrella,h6_w0.3,True,20,76.08,1037,1701,1666
797,codicioso,h6_w0.6,True,68,25.479,411,691,684
797,a_estrella,h6_w0.6,True,20,26.643,435,704,687
797,codicioso,h6_w1.0,True,22,2.216,30,54,54
797,a_estrella,h6_w1.0,True,20,12.153,204,329,325
798,codicioso,h1,True,70,67.758,1252,2092,2051
798,a_estrella,h1,True,24,1064.283,17799,28846,27556
798,codicioso,h2,True,48,38.705,534,922,912
798,a_estrella,h2,True,24,101.368,1599,2599,2559
798,codicioso,h3,True,30,6.633,85,145,145
798,a_estrella,h3,True,24,93.909,945,1522,1499
798,codicioso,h4,True,30,10.266,75,126,126
798,a_estrella,h4,True,24,70.303,626,1028,1019
798,codicioso,h5,True,30,3.732,55,99,99
798,a_estrella,h5,True,24,14.985,213,364,361
798,codicioso,h6_w0.3,True,66,44.47,555,945,938
798,a_estrella,h6_w0.3,True,24,511.885,6611,10777,10451
798,codicioso,h6_w0.6,True,60,18.972,290,486,481
798,a_estrella,h6_w0.6,True,24,227.158,3056,4962,4835
798,codicioso,h6_w1.0,True,48,34.707,534,922,912
798,a_estrella,h6_w1.0,True,24,104.408,1599,2599,2559
799,codicioso,h1,True,45,36.0,603,1029,1007
799,a_estrella,h1,True,19,150.06,2398,3999,3894
799,codicioso,h2,True,29,5.173,84,142,141
799,a_estrella,h2,True,19,29.592,457,745,734
799,codicioso,h3,True,29,5.639,49,87,87
799,a_estrella,h3,True,19,19.399,196,322,321
799,codicioso,h4,True,29,3.762,53,96,96
799,a_estrella,h4,True,19,16.863,154,257,256
799,codicioso,h5,True,19,1.86,21,38,38
799,a_estrella,h5,True,19,1.432,21,38,38
799,codicioso,h6_w0.3,True,51,11.229,190,324,321
799,a_estrella,h6_w0.3,True,19,77.838,1051,1753,1717
799,codicioso,h6_w0.6,True,29,4.514,64,114,113
799,a_estrella,h6_w0.6,True,19,40.489,593,971,952
799,codicioso,h6_w1.0,True,29,2.833,84,142,141
799,a_estrella,h6_w1.0,True,19,18.376,457,745,734
800,codicioso,h1,True,31,5.616,203,344,335
800,a_estrella,h1,True,21,272.958,5875,9740,9420
800,codicioso,h2,True,53,41.551,600,1030,1012
800,a_estrella,h2,True,21,64.853,847,1380,1355
800,codicioso,h3,True,41,11.125,125,216,215
800,a_estrella,h3,True,21,72.703,589,981,969
800,codicioso,h4,True,41,16.992,125,216,215
800,a_estrella,h4,True,21,80.819,546,910,899
800,codicioso,h5,True,41,6.63,94,161,160
800,a_estrella,h5,True,21,7.007,105,185,185
800,codicioso,h6_w0.3,True,31,18.733,224,375,370
800,a_estrella,h6_w0.3,True,21,165.522,2376,3944,3841
800,codicioso,h6_w0.6,True,75,30.986,462,787,776
800,a_estrella,h6_w0.6,True,21,111.013,1277,2086,2036
800,codicioso,h6_w1.0,True,53,39.337,600,1030,1012
800,a_estrella,h6_w1.0,True,21,54.722,847,1380,1355
801,codicioso,h1,True,50,85.395,1517,2550,2493
801,a_estrella,h1,True,26,2898.866,44955,70478,65368
801,codicioso,h2,True,44,10.26,147,253,252
801,a_estrella,h2,True,26,272.654,3903,6270,6159
801,codicioso,h3,True,48,7.291,90,158,158
801,a_estrella,h3,True,26,234.354,2396,3859,3785
801,codicioso,h4,True,40,7.653,90,158,158
801,a_estrella,h4,True,26,147.028,1645,2663,2624
801,codicioso,h5,True,28,3.143,56,100,100
801,a_estrella,h5,True,26,26.299,442,762,756
801,codicioso,h6_w0.3,True,54,21.288,420,717,712
801,a_estrella,h6_w0.3,True,26,1372.338,18529,29697,28425
801,codicioso,h6_w0.6,True,72,31.257,397,686,683
801,a_estrella,h6_w0.6,True,26,458.887,8538,13730,13298
801,codicioso,h6_w1.0,True,44,4.956,147,253,252
801,a_estrella,h6_w1.0,True,26,258.203,3903,6270,6159
802,codicioso,h1,True,54,41.178,688,1162,1142
802,a_estrella,h1,True,22,497.275,7852,12921,12497
802,codicioso,h2,True,54,21.082,371,635,628
802,a_estrella,h2,True,22,54.499,910,1474,1445
802,codicioso,h3,True,34,7.734,97,162,162
802,a_estrella,h3,True,22,45.214,541,892,876
802,codicioso,h4,True,26,7.034,54,93,93
802,a_estrella,h4,True,22,33.506,353,584,575
802,codicioso,h5,True,40,4.404,75,133,133
802,a_estrella,h5,True,22,6.558,81,150,148
802,codicioso,h6_w0.3,True,66,26.422,421,714,709
802,a_estrella,h6_w0.3,True,22,198.356,2987,4910,4787
802,codicioso,h6_w0.6,True,66,22.656,364,624,621
802,a_estrella,h6_w0.6,True,22,103.167,1487,2429,2367
802,codicioso,h6_w1.0,True,54,24.091,371,635,628
802,a_estrella,h6_w1.0,True,22,55.37,910,1474,1445
803,codicioso,h1,True,24,7.588,141,240,237
803,a_estrella,h1,True,20,219.535,3460,5788,5646
803,codicioso,h2,True,24,6.964,134,228,226
803,a_estrella,h2,True,20,31.181,511,830,809
803,codicioso,h3,True,24,4.18,41,74,74
803,a_estrella,h3,True,20,31.443,334,546,537
803,codicioso,h4,True,24,7.198,40,73,73
803,a_estrella,h4,True,20,28.7,311,509,500
803,codicioso,h5,True,20,1.141,25,47,47
803,a_estrella,h5,True,20,3.139,57,104,104
803,codicioso,h6_w0.3,True,24,6.536,129,216,214
803,a_estrella,h6_w0.3,True,20,95.388,1413,2342,2278
803,codicioso,h6_w0.6,True,24,6.387,140,238,236
803,a_estrella,h6_w0.6,True,20,47.253,771,1263,1233
803,codicioso,h6_w1.0,True,24,9.033,134,228,226
803,a_estrella,h6_w1.0,True,20,31.809,511,830,809
804,codicioso,h1,True,84,51.875,991,1644,1598
804,a_estrella,h1,True,22,418.399,7477,12331,11939
804,codicioso,h2,True,58,18.447,363,624,620
804,a_estrella,h2,True,22,29.459,560,914,906
804,codicioso,h3,True,28,4.021,53,93,93
804,a_estrella,h3,True,22,22.974,278,457,453
804,codicioso,h4,True,28,5.105,53,93,93
804,a_estrella,h4,True,22,12.343,163,268,266
804,codicioso,h5,True,24,2.73,27,48,48
804,a_estrella,h5,True,22,1.977,36,67,67
804,codicioso,h6_w0.3,True,38,9.102,160,274,270
804,a_estrella,h6_w0.3,True,22,160.384,2548,4198,4093
804,codicioso,h6_w0.6,True,38,6.396,102,179,178
804,a_estrella,h6_w0.6,True,22,69.741,1101,1801,1756
804,codicioso,h6_w1.0,True,58,26.745,363,624,620
804,a_estrella,h6_w1.0,True,22,32.186,560,914,906
805,codicioso,h1,True,41,13.327,278,476,466
805,a_estrella,h1,True,17,47.125,826,1381,1352
805,codicioso,h2,True,47,18.369,310,538,531
805,a_estrella,h2,True,17,5.307,88,145,142
805,codicioso,h3,True,27,3.412,37,68,68
805,a_estrella,h3,True,17,5.177,63,103,103
805,codicioso,h4,True,27,4.15,36,66,66
805,a_estrella,h4,True,17,4.115,47,77,77
805,codicioso,h5,True,17,0.81,18,32,32
805,a_estrella,h5,True,17,0.949,20,37,37
805,codicioso,h6_w0.3,True,53,18.378,232,401,392
805,a_estrella,h6_w0.3,True,17,21.16,289,492,487
805,codicioso,h6_w0.6,True,63,30.188,455,783,772
805,a_estrella,h6_w0.6,True,17,8.587,145,239,237
805,codicioso,h6_w1.0,True,47,17.518,310,538,531
805,a_estrella,h6_w1.0,True,17,4.569,88,145,142
806,codicioso,h1,True,40,12.126,290,488,476
806,a_estrella,h1,True,24,1026.879,17768,28702,27389
806,codicioso,h2,True,40,23.853,320,552,549
806,a_estrella,h2,True,24,104.056,1758,2841,2792
806,codicioso,h3,True,36,12.049,113,190,190
806,a_estrella,h3,True,24,72.629,785,1252,1227
806,codicioso,h4,True,32,4.765,50,87,87
806,a_estrella,h4,True,24,48.14,497,813,805
806,codicioso,h5,True,24,1.187,28,54,54
806,a_estrella,h5,True,24,11.004,189,343,339
806,codicioso,h6_w0.3,True,40,12.765,238,398,393
806,a_estrella,h6_w0.3,True,24,481.206,6713,10923,10576
806,codicioso,h6_w0.6,True,40,13.877,230,389,384
806,a_estrella,h6_w0.6,True,24,202.025,3148,5094,4963
806,codicioso,h6_w1.0,True,40,17.51,320,552,549
806,a_estrella,h6_w1.0,True,24,115.707,1758,2841,2792
807,codicioso,h1,True,37,4.814,108,187,185
807,a_estrella,h1,True,27,3608.91,57859,89651,82264
807,codicioso,h2,True,73,26.574,468,809,802
807,a_estrella,h2,True,27,358.736,6605,10524,10275
807,codicioso,h3,True,37,6.418,72,125,125
807,a_estrella,h3,True,27,246.146,3262,5252,5148
807,codicioso,h4,True,31,4.161,52,92,92
807,a_estrella,h4,True,27,186.861,2417,3894,3827
807,codicioso,h5,True,43,3.903,85,144,144
807,a_estrella,h5,True,27,15.017,297,526,523
807,codicioso,h6_w0.3,True,55,16.745,365,618,612
807,a_estrella,h6_w0.3,True,27,1785.774,25326,40323,38229
807,codicioso,h6_w0.6,True,55,27.176,356,608,603
807,a_estrella,h6_w0.6,True,27,1064.285,12455,19840,19074
807,codicioso,h6_w1.0,True,73,34.211,468,809,802
807,a_estrella,h6_w1.0,True,27,549.628,6605,10524,10275
808,codicioso,h1,True,44,43.692,691,1153,1134
808,a_estrella,h1,True,22,536.706,7422,12193,11793
808,codicioso,h2,True,52,47.384,510,880,870
808,a_estrella,h2,True,22,40.617,515,829,818
808,codicioso,h3,True,30,6.455,48,87,87
808,a_estrella,h3,True,22,26.381,273,448,444
808,codicioso,h4,True,30,6.781,51,90,90
808,a_estrella,h4,True,22,21.762,203,338,336
808,codicioso,h5,True,34,5.359,73,132,132
808,a_estrella,h5,True,22,2.667,36,67,67
808,codicioso,h6_w0.3,True,66,26.571,415,703,695
808,a_estrella,h6_w0.3,True,22,221.658,2468,4062,3969
808,codicioso,h6_w0.6,True,60,32.526,373,640,635
808,a_estrella,h6_w0.6,True,22,103.281,1044,1706,1664
808,codicioso,h6_w1.0,True,52,51.826,510,880,870
808,a_estrella,h6_w1.0,True,22,43.543,515,829,818
809,codicioso,h1,True,60,40.876,485,809,791
809,a_estrella,h1,True,20,240.356,3329,5581,5434
809,codicioso,h2,True,26,6.469,78,137,136
809,a_estrella,h2,True,20,36.796,498,815,797
809,codicioso,h3,True,26,3.677,35,65,65
809,a_estrella,h3,True,20,22.987,256,411,406
809,codicioso,h4,True,26,4.703,35,65,65
809,a_estrella,h4,True,20,25.327,233,373,368
809,codicioso,h5,True,20,2.595,21,40,40
809,a_estrella,h5,True,20,1.426,22,41,41
809,codicioso,h6_w0.3,True,60,24.229,318,539,534
809,a_estrella,h6_w0.3,True,20,109.331,1420,2353,2300
809,codicioso,h6_w0.6,True,80,33.987,427,719,713
809,a_estrella,h6_w0.6,True,20,57.8,726,1204,1179
809,codicioso,h6_w1.0,True,26,5.942,78,137,136
809,a_estrella,h6_w1.0,True,20,34.41,498,815,797
810,codicioso,h1,True,26,50.114,772,1305,1277
810,a_estrella,h1,True,14,14.041,257,439,434
810,codicioso,h2,True,34,17.669,324,558,554
810,a_estrella,h2,True,14,5.669,85,144,144
810,codicioso,h3,True,14,6.225,72,123,123
810,a_estrella,h3,True,14,7.355,62,106,105
810,codicioso,h4,True,14,6.158,64,108,108
810,a_estrella,h4,True,14,5.21,53,89,88
810,codicioso,h5,True,14,2.502,17,32,32
810,a_estrella,h5,True,14,2.136,21,39,39
810,codicioso,h6_w0.3,True,42,28.772,366,617,612
810,a_estrella,h6_w0.3,True,14,8.02,149,254,253
810,codicioso,h6_w0.6,True,42,23.255,299,512,509
810,a_estrella,h6_w0.6,True,14,7.047,94,158,157
810,codicioso,h6_w1.0,True,34,22.972,324,558,554
810,a_estrella,h6_w1.0,True,14,5.504,85,144,144
811,codicioso,h1,True,52,49.2,790,1357,1329
811,a_estrella,h1,True,28,5798.616,72055,110280,99909
811,codicioso,h2,True,34,10.295,171,300,299
811,a_estrella,h2,True,28,449.753,6568,10469,10235
811,codicioso,h3,True,32,10.153,93,157,157
811,a_estrella,h3,True,28,373.805,3720,5959,5853
811,codicioso,h4,True,38,6.297,72,122,122
811,a_estrella,h4,True,28,226.324,2376,3843,3792
811,codicioso,h5,True,32,2.361,50,90,90
811,a_estrella,h5,True,28,20.089,263,472,472
811,codicioso,h6_w0.3,True,44,23.731,317,540,535
811,a_estrella,h6_w0.3,True,28,2416.03,31710,50232,47428
811,codicioso,h6_w0.6,True,44,18.214,320,549,544
811,a_estrella,h6_w0.6,True,28,960.617,14772,23490,22558
811,codicioso,h6_w1.0,True,34,10.53,171,300,299
811,a_estrella,h6_w1.0,True,28,460.954,6568,10469,10235
812,codicioso,h1,True,47,44.876,813,1370,1335
812,a_estrella,h1,True,23,837.261,12886,21072,20279
812,codicioso,h2,True,39,6.858,126,219,218
812,a_estrella,h2,True,23,73.108,1123,1826,1797
812,codicioso,h3,True,39,6.576,75,137,137
812,a_estrella,h3,True,23,61.221,625,1030,1008
812,codicioso,h4,True,39,6.506,75,137,137
812,a_estrella,h4,True,23,46.144,573,942,923
812,codicioso,h5,True,25,2.856,38,71,71
812,a_estrella,h5,True,23,7.187,155,272,269
812,codicioso,h6_w0.3,True,59,22.622,389,665,652
812,a_estrella,h6_w0.3,True,23,303.542,4468,7359,7162
812,codicioso,h6_w0.6,True,57,18.354,275,482,474
812,a_estrella,h6_w0.6,True,23,149.25,2024,3296,3220
812,codicioso,h6_w1.0,True,39,8.55,126,219,218
812,a_estrella,h6_w1.0,True,23,80.565,1123,1826,1797
813,codicioso,h1,True,41,35.428,590,986,962
813,a_estrella,h1,True,13,9.402,152,256,254
813,codicioso,h2,True,13,0.721,14,28,28
813,a_estrella,h2,True,13,1.072,24,43,43
813,codicioso,h3,True,13,0.896,14,28,28
813,a_estrella,h3,True,13,1.997,23,42,42
813,codicioso,h4,True,13,2.031,14,28,28
813,a_estrella,h4,True,13,2.782,23,42,42
813,codicioso,h5,True,13,2.328,14,28,28
813,a_estrella,h5,True,13,0.958,14,28,28
813,codicioso,h6_w0.3,True,55,30.289,425,720,711
813,a_estrella,h6_w0.3,True,13,3.299,69,122,122
813,codicioso,h6_w0.6,True,55,22.262,332,560,557
813,a_estrella,h6_w0.6,True,13,1.82,31,56,56
813,codicioso,h6_w1.0,True,13,0.815,14,28,28
813,a_estrella,h6_w1.0,True,13,1.917,24,43,43
814,codicioso,h1,True,63,50.82,864,1439,1402
814,a_estrella,h1,True,23,707.914,12004,19638,18887
814,codicioso,h2,True,61,10.581,216,375,374
814,a_estrella,h2,True,23,20.189,358,582,571
814,codicioso,h3,True,37,5.142,81,144,144
814,a_estrella,h3,True,23,17.946,220,371,367
814,codicioso,h4,True,37,7.65,80,143,143
814,a_estrella,h4,True,23,12.649,126,215,212
814,codicioso,h5,True,23,2.482,26,49,49
814,a_estrella,h5,True,23,1.221,29,54,54
814,codicioso,h6_w0.3,True,53,8.103,169,290,288
814,a_estrella,h6_w0.3,True,23,238.359,3361,5508,5358
814,codicioso,h6_w0.6,True,85,32.141,475,814,803
814,a_estrella,h6_w0.6,True,23,78.84,1156,1862,1819
814,codicioso,h6_w1.0,True,61,13.721,216,375,374
814,a_estrella,h6_w1.0,True,23,19.459,358,582,571
815,codicioso,h1,True,36,18.769,408,679,664
815,a_estrella,h1,True,26,2115.92,37567,59428,55427
815,codicioso,h2,True,56,20.603,391,665,659
815,a_estrella,h2,True,26,185.276,3196,5146,5038
815,codicioso,h3,True,36,4.558,62,106,106
815,a_estrella,h3,True,26,119.254,1682,2739,2696
815,codicioso,h4,True,36,3.586,62,106,106
815,a_estrella,h4,True,26,70.65,922,1503,1487
815,codicioso,h5,True,34,2.58,46,84,84
815,a_estrella,h5,True,26,11.811,242,429,427
815,codicioso,h6_w0.3,True,70,25.951,518,875,863
815,a_estrella,h6_w0.3,True,26,857.987,14617,23580,22582
815,codicioso,h6_w0.6,True,70,28.218,370,620,617
815,a_estrella,h6_w0.6,True,26,462.028,6528,10508,10178
815,codicioso,h6_w1.0,True,56,28.155,391,665,659
815,a_estrella,h6_w1.0,True,26,161.726,3196,5146,5038
816,codicioso,h1,True,32,4.92,180,305,301
816,a_estrella,h1,True,24,1077.208,18536,29972,28555
816,codicioso,h2,True,32,7.641,108,185,185
816,a_estrella,h2,True,24,169.807,2508,4053,3969
816,codicioso,h3,True,24,6.712,47,83,83
816,a_estrella,h3,True,24,104.08,1296,2101,2068
816,codicioso,h4,True,24,4.865,46,81,81
816,a_estrella,h4,True,24,98.692,1018,1653,1628
816,codicioso,h5,True,40,4.933,104,176,175
816,a_estrella,h5,True,24,12.26,197,348,347
816,codicioso,h6_w0.3,True,62,13.507,206,344,338
816,a_estrella,h6_w0.3,True,24,589.291,7778,12684,12239
816,codicioso,h6_w0.6,True,62,9.164,163,277,275
816,a_estrella,h6_w0.6,True,24,285.67,4074,6647,6462
816,codicioso,h6_w1.0,True,32,6.657,108,185,185
816,a_estrella,h6_w1.0,True,24,156.576,2508,4053,3969
817,codicioso,h1,True,58,60.312,1055,1789,1746
817,a_estrella,h1,True,24,1186.972,17684,28824,27535
817,codicioso,h2,True,32,15.027,253,433,431
817,a_estrella,h2,True,24,108.867,1679,2689,2638
817,codicioso,h3,True,30,4.387,51,90,90
817,a_estrella,h3,True,24,99.158,1069,1752,1726
817,codicioso,h4,True,30,6.449,51,90,90
817,a_estrella,h4,True,24,101.075,962,1578,1557
817,codicioso,h5,True,24,1.228,26,49,49
817,a_estrella,h5,True,24,15.608,199,351,349
817,codicioso,h6_w0.3,True,32,12.627,211,349,347
817,a_estrella,h6_w0.3,True,24,512.872,6464,10642,10302
817,codicioso,h6_w0.6,True,32,15.206,209,349,347
817,a_estrella,h6_w0.6,True,24,219.398,2995,4887,4754
817,codicioso,h6_w1.0,True,32,12.615,253,433,431
817,a_estrella,h6_w1.0,True,24,117.31,1679,2689,2638
818,codicioso,h1,True,56,48.975,748,1257,1229
818,a_estrella,h1,True,26,1710.157,37563,59410,55516
818,codicioso,h2,True,66,20.645,597,1033,1013
818,a_estrella,h2,True,26,119.393,3505,5577,5450
818,codicioso,h3,True,36,4.61,90,155,154
818,a_estrella,h3,True,26,86.984,1711,2712,2662
818,codicioso,h4,True,46,4.393,78,138,138
818,a_estrella,h4,True,26,90.64,1386,2213,2187
818,codicioso,h5,True,32,2.101,55,99,99
818,a_estrella,h5,True,26,12.029,295,516,512
818,codicioso,h6_w0.3,True,64,21.567,585,1006,992
818,a_estrella,h6_w0.3,True,26,607.962,14492,23308,22337
818,codicioso,h6_w0.6,True,64,15.41,442,763,755
818,a_estrella,h6_w0.6,True,26,248.003,6711,10778,10431
818,codicioso,h6_w1.0,True,66,24.834,597,1033,1013
818,a_estrella,h6_w1.0,True,26,137.637,3505,5577,5450
819,codicioso,h1,True,24,4.874,156,271,265
819,a_estrella,h1,True,20,139.375,4083,6829,6638
819,codicioso,h2,True,24,2.966,97,166,164
819,a_estrella,h2,True,20,41.795,1170,1933,1894
819,codicioso,h3,True,20,2.237,37,64,64
819,a_estrella,h3,True,20,50.126,856,1421,1394
819,codicioso,h4,True,20,2.012,37,64,64
819,a_estrella,h4,True,20,44.507,783,1298,1273
819,codicioso,h5,True,24,1.137,31,57,57
819,a_estrella,h5,True,20,12.667,360,620,613
819,codicioso,h6_w0.3,True,24,3.416,105,186,184
819,a_estrella,h6_w0.3,True,20,83.128,2151,3583,3502
819,codicioso,h6_w0.6,True,24,3.733,92,161,159
819,a_estrella,h6_w0.6,True,20,51.894,1336,2218,2162
819,codicioso,h6_w1.0,True,24,3.072,97,166,164
819,a_estrella,h6_w1.0,True,20,45.733,1170,1933,1894
820,codicioso,h1,True,54,20.61,735,1235,1215
820,a_estrella,h1,True,22,324.576,9648,15775,15196
820,codicioso,h2,True,50,11.419,269,453,450
820,a_estrella,h2,True,22,45.373,1118,1829,1804
820,codicioso,h3,True,52,6.708,142,244,243
820,a_estrella,h3,True,22,34.542,590,960,944
820,codicioso,h4,True,50,9.255,149,257,256
820,a_estrella,h4,True,22,21.315,329,539,534
820,codicioso,h5,True,22,1.258,26,51,51
820,a_estrella,h5,True,22,3.885,85,155,155
820,codicioso,h6_w0.3,True,76,13.698,396,677,665
820,a_estrella,h6_w0.3,True,22,158.026,3683,6066,5913
820,codicioso,h6_w0.6,True,54,12.54,352,602,597
820,a_estrella,h6_w0.6,True,22,68.252,1853,2995,2923
820,codicioso,h6_w1.0,True,50,9.533,269,453,450
820,a_estrella,h6_w1.0,True,22,52.266,1118,1829,1804
821,codicioso,h1,True,58,30.012,962,1619,1579
821,a_estrella,h1,True,20,114.577,3379,5632,5489
821,codicioso,h2,True,44,11.683,355,619,613
821,a_estrella,h2,True,20,14.974,494,805,796
821,codicioso,h3,True,20,2.462,46,78,77
821,a_estrella,h3,True,20,14.815,296,479,471
821,codicioso,h4,True,20,2.839,46,78,77
821,a_estrella,h4,True,20,16.57,286,464,457
821,codicioso,h5,True,24,1.91,34,60,60
821,a_estrella,h5,True,20,1.917,36,66,65
821,codicioso,h6_w0.3,True,52,19.2,359,607,599
821,a_estrella,h6_w0.3,True,20,57.196,1381,2282,2226
821,codicioso,h6_w0.6,True,66,16.119,353,604,598
821,a_estrella,h6_w0.6,True,20,28.539,720,1173,1152
821,codicioso,h6_w1.0,True,44,13.105,355,619,613
821,a_estrella,h6_w1.0,True,20,20.386,494,805,796
822,codicioso,h1,True,45,8.398,286,478,467
822,a_estrella,h1,True,23,454.488,12776,20867,20097
822,codicioso,h2,True,47,11.242,354,612,606
822,a_estrella,h2,True,23,29.351,965,1553,1530
822,codicioso,h3,True,35,3.378,65,118,118
822,a_estrella,h3,True,23,22.151,472,758,750
822,codicioso,h4,True,43,4.597,82,147,147
822,a_estrella,h4,True,23,11.44,223,365,362
822,codicioso,h5,True,27,2.272,46,82,82
822,a_estrella,h5,True,23,5.064,92,167,167
822,codicioso,h6_w0.3,True,47,12.344,246,415,410
822,a_estrella,h6_w0.3,True,23,220.651,4311,7053,6871
822,codicioso,h6_w0.6,True,47,14.324,237,401,396
822,a_estrella,h6_w0.6,True,23,102.988,1819,2950,2887
822,codicioso,h6_w1.0,True,47,24.344,354,612,606
822,a_estrella,h6_w1.0,True,23,40.582,965,1553,1530
823,codicioso,h1,True,64,19.93,666,1114,1088
823,a_estrella,h1,True,26,1908.332,38194,60339,56419
823,codicioso,h2,True,44,5.137,114,188,187
823,a_estrella,h2,True,26,209.203,4152,6614,6428
823,codicioso,h3,True,38,5.965,82,144,144
823,a_estrella,h3,True,26,133.612,2384,3832,3751
823,codicioso,h4,True,38,4.634,81,143,143
823,a_estrella,h4,True,26,109.011,1670,2679,2625
823,codicioso,h5,True,28,1.665,32,61,61
823,a_estrella,h5,True,26,14.334,260,455,452
823,codicioso,h6_w0.3,True,38,9.146,157,262,260
823,a_estrella,h6_w0.3,True,26,764.328,15309,24627,23591
823,codicioso,h6_w0.6,True,38,6.24,162,272,270
823,a_estrella,h6_w0.6,True,26,430.91,7356,11804,11405
823,codicioso,h6_w1.0,True,44,3.73,114,188,187
823,a_estrella,h6_w1.0,True,26,162.767,4152,6614,6428
824,codicioso,h1,True,48,28.227,774,1303,1272
824,a_estrella,h1,True,22,341.017,7870,12984,12541
824,codicioso,h2,True,50,7.167,180,303,300
824,a_estrella,h2,True,22,31.113,803,1293,1268
824,codicioso,h3,True,40,3.619,66,116,116
824,a_estrella,h3,True,22,23.277,480,780,766
824,codicioso,h4,True,40,3.747,66,116,116
824,a_estrella,h4,True,22,19.968,378,626,619
824,codicioso,h5,True,32,2.165,60,108,108
824,a_estrella,h5,True,22,4.67,131,234,232
824,codicioso,h6_w0.3,True,50,6.997,213,357,351
824,a_estrella,h6_w0.3,True,22,115.264,2942,4851,4731
824,codicioso,h6_w0.6,True,50,6.073,185,315,313
824,a_estrella,h6_w0.6,True,22,49.227,1432,2370,2323
824,codicioso,h6_w1.0,True,50,5.926,180,303,300
824,a_estrella,h6_w1.0,True,22,27.069,803,1293,1268
825,codicioso,h1,True,49,8.968,322,545,533
825,a_estrella,h1,True,21,176.635,5784,9586,9320
825,codicioso,h2,True,25,1.527,49,87,87
825,a_estrella,h2,True,21,24.684,773,1260,1237
825,codicioso,h3,True,37,4.234,88,156,156
825,a_estrella,h3,True,21,20.124,423,689,681
825,codicioso,h4,True,29,2.75,51,90,90
825,a_estrella,h4,True,21,16.845,335,543,538
825,codicioso,h5,True,29,2.482,69,123,123
825,a_estrella,h5,True,21,3.75,101,179,178
825,codicioso,h6_w0.3,True,25,1.768,54,93,91
825,a_estrella,h6_w0.3,True,21,81.419,2298,3786,3698
825,codicioso,h6_w0.6,True,43,3.289,96,169,167
825,a_estrella,h6_w0.6,True,21,41.658,1193,1964,1924
825,codicioso,h6_w1.0,True,25,1.855,49,87,87
825,a_estrella,h6_w1.0,True,21,27.069,773,1260,1237
826,codicioso,h1,True,43,13.12,336,566,553
826,a_estrella,h1,True,19,83.04,2696,4503,4393
826,codicioso,h2,True,49,16.262,506,877,867
826,a_estrella,h2,True,19,19.999,649,1054,1024
826,codicioso,h3,True,23,2.181,45,80,80
826,a_estrella,h3,True,19,21.735,454,744,727
826,codicioso,h4,True,23,2.428,45,80,80
826,a_estrella,h4,True,19,21.61,412,674,658
826,codicioso,h5,True,25,1.764,49,89,89
826,a_estrella,h5,True,19,3.685,107,183,183
826,codicioso,h6_w0.3,True,53,12.44,353,600,593
826,a_estrella,h6_w0.3,True,19,55.785,1272,2122,2068
826,codicioso,h6_w0.6,True,53,13.816,341,587,582
826,a_estrella,h6_w0.6,True,19,29.259,772,1269,1233
826,codicioso,h6_w1.0,True,49,25.924,506,877,867
826,a_estrella,h6_w1.0,True,19,30.261,649,1054,1024
827,codicioso,h1,True,32,36.252,1153,1933,1889
827,a_estrella,h1,True,18,45.228,1414,2353,2293
827,codicioso,h2,True,36,10.3,326,564,560
827,a_estrella,h2,True,18,8.319,283,466,462
827,codicioso,h3,True,18,3.353,71,122,122
827,a_estrella,h3,True,18,9.61,205,340,336
827,codicioso,h4,True,18,3.095,58,99,99
827,a_estrella,h4,True,18,7.663,145,248,246
827,codicioso,h5,True,18,0.674,23,42,42
827,a_estrella,h5,True,18,0.875,38,69,69
827,codicioso,h6_w0.3,True,32,14.381,367,618,613
827,a_estrella,h6_w0.3,True,18,30.67,672,1115,1093
827,codicioso,h6_w0.6,True,32,9.9,273,469,466
827,a_estrella,h6_w0.6,True,18,15.375,391,652,640
827,codicioso,h6_w1.0,True,36,12.228,326,564,560
827,a_estrella,h6_w1.0,True,18,10.406,283,466,462
828,codicioso,h1,True,76,18.917,580,971,952
828,a_estrella,h1,True,28,4554.792,72015,110360,100038
828,codicioso,h2,True,48,42.629,500,864,851
828,a_estrella,h2,True,28,562.964,6933,10980,10735
828,codicioso,h3,True,36,11.022,102,174,174
828,a_estrella,h3,True,28,409.09,3929,6273,6151
828,codicioso,h4,True,36,9.043,66,115,115
828,a_estrella,h4,True,28,319.129,2869,4592,4512
828,codicioso,h5,True,36,6.594,60,108,108
828,a_estrella,h5,True,28,39.471,554,983,977
828,codicioso,h6_w0.3,True,68,30.729,384,645,640
828,a_estrella,h6_w0.3,True,28,3221.214,31972,50711,47937
828,codicioso,h6_w0.6,True,56,32.416,341,582,577
828,a_estrella,h6_w0.6,True,28,1270.821,14953,23801,22865
828,codicioso,h6_w1.0,True,48,32.243,500,864,851
828,a_estrella,h6_w1.0,True,28,523.036,6933,10980,10735
829,codicioso,h1,True,60,30.705,484,819,797
829,a_estrella,h1,True,20,224.586,3310,5516,5371
829,codicioso,h2,True,56,24.826,400,698,691
829,a_estrella,h2,True,20,28.64,421,696,689
829,codicioso,h3,True,24,4.777,52,91,91
829,a_estrella,h3,True,20,33.465,245,407,404
829,codicioso,h4,True,24,7.425,52,91,91
829,a_estrella,h4,True,20,20.955,208,350,347
829,codicioso,h5,True,24,2.505,33,58,58
829,a_estrella,h5,True,20,5.912,59,107,107
829,codicioso,h6_w0.3,True,62,32.899,363,617,612
829,a_estrella,h6_w0.3,True,20,117.893,1316,2199,2149
829,codicioso,h6_w0.6,True,62,42.42,370,633,628
829,a_estrella,h6_w0.6,True,20,58.307,679,1121,1105
829,codicioso,h6_w1.0,True,56,33.739,400,698,691
829,a_estrella,h6_w1.0,True,20,19.791,421,696,689
830,codicioso,h1,True,44,48.21,787,1310,1278
830,a_estrella,h1,True,22,522.629,8057,13306,12883
830,codicioso,h2,True,50,15.357,252,424,421
830,a_estrella,h2,True,22,66.379,1059,1719,1691
830,codicioso,h3,True,28,4.183,80,136,135
830,a_estrella,h3,True,22,61.462,571,943,938
830,codicioso,h4,True,28,8.388,78,133,132
830,a_estrella,h4,True,22,37.789,372,609,604
830,codicioso,h5,True,22,1.062,31,57,57
830,a_estrella,h5,True,22,7.171,110,187,186
830,codicioso,h6_w0.3,True,36,15.482,236,393,388
830,a_estrella,h6_w0.3,True,22,231.593,3165,5219,5088
830,codicioso,h6_w0.6,True,60,18.993,318,536,531
830,a_estrella,h6_w0.6,True,22,138.996,1643,2683,2619
830,codicioso,h6_w1.0,True,50,16.912,252,424,421
830,a_estrella,h6_w1.0,True,22,84.225,1059,1719,1691
831,codicioso,h1,True,44,40.11,664,1118,1098
831,a_estrella,h1,True,20,190.191,2864,4756,4625
831,codicioso,h2,True,32,9.777,153,263,261
831,a_estrella,h2,True,20,4.937,109,180,178
831,codicioso,h3,True,40,8.378,85,148,148
831,a_estrella,h3,True,20,5.12,83,140,138
831,codicioso,h4,True,40,11.846,87,151,151
831,a_estrella,h4,True,20,5.696,65,109,109
831,codicioso,h5,True,20,0.719,22,42,42
831,a_estrella,h5,True,20,1.948,27,52,51
831,codicioso,h6_w0.3,True,80,31.766,493,839,834
831,a_estrella,h6_w0.3,True,20,52.06,836,1366,1338
831,codicioso,h6_w0.6,True,50,27.477,362,624,619
831,a_estrella,h6_w0.6,True,20,20.112,303,510,501
831,codicioso,h6_w1.0,True,32,9.642,153,263,261
831,a_estrella,h6_w1.0,True,20,4.204,109,180,178
832,codicioso,h1,True,54,27.139,462,777,760
832,a_estrella,h1,True,26,3215.562,39219,61811,57578
832,codicioso,h2,True,42,14.375,253,424,421
832,a_estrella,h2,True,26,483.23,6183,9850,9556
832,codicioso,h3,True,28,7.63,74,120,119
832,a_estrella,h3,True,26,315.757,3180,5053,4950
832,codicioso,h4,True,38,6.917,76,128,128
832,a_estrella,h4,True,26,263.303,2441,3892,3823
832,codicioso,h5,True,28,4.029,44,78,78
832,a_estrella,h5,True,26,23.077,354,618,613
832,codicioso,h6_w0.3,True,50,22.288,305,509,504
832,a_estrella,h6_w0.3,True,26,1511.773,17918,28645,27221
832,codicioso,h6_w0.6,True,50,23.39,299,501,496
832,a_estrella,h6_w0.6,True,26,782.574,9771,15638,15011
832,codicioso,h6_w1.0,True,42,16.793,253,424,421
832,a_estrella,h6_w1.0,True,26,527.782,6183,9850,9556
833,codicioso,h1,True,72,33.902,573,948,925
833,a_estrella,h1,True,24,1476.657,19023,30789,29293
833,codicioso,h2,True,42,34.127,501,865,855
833,a_estrella,h2,True,24,266.523,2890,4679,4574
833,codicioso,h3,True,38,11.287,71,126,126
833,a_estrella,h3,True,24,238.865,1470,2424,2384
833,codicioso,h4,True,42,23.353,122,206,205
833,a_estrella,h4,True,24,200.331,1251,2061,2027
833,codicioso,h5,True,26,7.532,66,113,112
833,a_estrella,h5,True,24,20.381,223,378,374
833,codicioso,h6_w0.3,True,60,40.315,488,825,815
833,a_estrella,h6_w0.3,True,24,757.961,8268,13540,13066
833,codicioso,h6_w0.6,True,42,27.587,378,647,642
833,a_estrella,h6_w0.6,True,24,335.273,4413,7195,6988
833,codicioso,h6_w1.0,True,42,46.224,501,865,855
833,a_estrella,h6_w1.0,True,24,348.066,2890,4679,4574
834,codicioso,h1,True,30,20.482,254,430,418
834,a_estrella,h1,True,18,106.783,1384,2340,2292
834,codicioso,h2,True,18,10.282,128,215,213
834,a_estrella,h2,True,18,21.28,297,492,488
834,codicioso,h3,True,18,1.666,25,44,44
834,a_estrella,h3,True,18,20.217,180,304,301
834,codicioso,h4,True,18,2.956,25,44,44
834,a_estrella,h4,True,18,17.344,161,272,269
834,codicioso,h5,True,18,2.62,19,33,33
834,a_estrella,h5,True,18,2.44,31,53,53
834,codicioso,h6_w0.3,True,30,12.071,218,362,357
834,a_estrella,h6_w0.3,True,18,42.431,625,1025,1005
834,codicioso,h6_w0.6,True,30,16.299,214,358,353
834,a_estrella,h6_w0.6,True,18,29.943,378,626,616
834,codicioso,h6_w1.0,True,18,9.896,128,215,213
834,a_estrella,h6_w1.0,True,18,39.865,297,492,488
835,codicioso,h1,True,42,40.232,659,1109,1082
835,a_estrella,h1,True,18,79.012,1284,2128,2080
835,codicioso,h2,True,36,24.767,398,685,679
835,a_estrella,h2,True,18,10.345,178,302,301
835,codicioso,h3,True,24,5.707,76,127,127
835,a_estrella,h3,True,18,7.36,77,127,127
835,codicioso,h4,True,18,2.807,27,49,49
835,a_estrella,h4,True,18,5.01,52,87,87
835,codicioso,h5,True,38,7.284,92,154,153
835,a_estrella,h5,True,18,0.971,30,58,58
835,codicioso,h6_w0.3,True,42,25.81,385,650,642
835,a_estrella,h6_w0.3,True,18,40.04,533,876,861
835,codicioso,h6_w0.6,True,42,25.794,264,446,441
835,a_estrella,h6_w0.6,True,18,19.48,276,461,456
835,codicioso,h6_w1.0,True,36,27.662,398,685,679
835,a_estrella,h6_w1.0,True,18,10.959,178,302,301
836,codicioso,h1,True,49,48.859,826,1395,1359
836,a_estrella,h1,True,27,4724.294,57016,88280,80848
836,codicioso,h2,True,51,30.91,391,671,667
836,a_estrella,h2,True,27,442.489,6379,10096,9816
836,codicioso,h3,True,49,8.783,90,159,159
836,a_estrella,h3,True,27,368.901,3653,5863,5735
836,codicioso,h4,True,49,10.294,90,159,159
836,a_estrella,h4,True,27,271.953,2699,4331,4240
836,codicioso,h5,True,41,4.943,72,130,130
836,a_estrella,h5,True,27,34.634,550,953,949
836,codicioso,h6_w0.3,True,55,32.933,498,845,834
836,a_estrella,h6_w0.3,True,27,2297.573,24819,39437,37318
836,codicioso,h6_w0.6,True,55,21.599,360,611,608
836,a_estrella,h6_w0.6,True,27,1022.226,12210,19484,18660
836,codicioso,h6_w1.0,True,51,29.295,391,671,667
836,a_estrella,h6_w1.0,True,27,458.821,6379,10096,9816
837,codicioso,h1,True,48,43.856,574,959,934
837,a_estrella,h1,True,22,524.066,7704,12729,12323
837,codicioso,h2,True,46,9.791,133,230,228
837,a_estrella,h2,True,22,45.829,697,1138,1122
837,codicioso,h3,True,30,12.199,74,125,124
837,a_estrella,h3,True,22,28.821,272,446,444
837,codicioso,h4,True,30,8.198,72,122,121
837,a_estrella,h4,True,22,21.084,164,274,273
837,codicioso,h5,True,24,1.106,26,50,50
837,a_estrella,h5,True,22,1.499,33,62,62
837,codicioso,h6_w0.3,True,70,13.165,194,328,323
837,a_estrella,h6_w0.3,True,22,255.422,2795,4615,4510
837,codicioso,h6_w0.6,True,70,12.312,162,275,273
837,a_estrella,h6_w0.6,True,22,82.441,1301,2133,2092
837,codicioso,h6_w1.0,True,46,6.551,133,230,228
837,a_estrella,h6_w1.0,True,22,43.723,697,1138,1122
838,codicioso,h1,True,78,24.189,433,723,709
838,a_estrella,h1,True,26,2469.596,36472,57809,54196
838,codicioso,h2,True,42,10.888,157,267,265
838,a_estrella,h2,True,26,104.859,1407,2231,2185
838,codicioso,h3,True,50,12.812,90,156,156
838,a_estrella,h3,True,26,77.246,819,1309,1283
838,codicioso,h4,True,28,4.66,45,82,82
838,a_estrella,h4,True,26,32.366,340,540,534
838,codicioso,h5,True,28,1.785,31,60,60
838,a_estrella,h5,True,26,9.602,167,305,301
838,codicioso,h6_w0.3,True,80,28.034,437,745,740
838,a_estrella,h6_w0.3,True,26,899.77,12012,19439,18760
838,codicioso,h6_w0.6,True,42,9.939,159,272,270
838,a_estrella,h6_w0.6,True,26,324.935,4302,6883,6688
838,codicioso,h6_w1.0,True,42,7.981,157,267,265
838,a_estrella,h6_w1.0,True,26,84.581,1407,2231,2185
839,codicioso,h1,True,60,73.766,1260,2103,2057
839,a_estrella,h1,True,18,72.361,1405,2343,2287
839,codicioso,h2,True,24,10.116,142,242,240
839,a_estrella,h2,True,18,10.223,277,457,452
839,codicioso,h3,True,34,6.341,103,173,173
839,a_estrella,h3,True,18,17.529,141,233,229
839,codicioso,h4,True,26,3.267,45,80,80
839,a_estrella,h4,True,18,13.449,113,186,184
839,codicioso,h5,True,32,2.379,60,105,105
839,a_estrella,h5,True,18,1.234,32,58,58
839,codicioso,h6_w0.3,True,62,32.459,410,696,691
839,a_estrella,h6_w0.3,True,18,49.158,644,1079,1061
839,codicioso,h6_w0.6,True,62,23.597,347,597,594
839,a_estrella,h6_w0.6,True,18,16.627,365,601,589
839,codicioso,h6_w1.0,True,24,9.189,142,242,240
839,a_estrella,h6_w1.0,True,18,20.823,277,457,452
840,codicioso,h1,True,56,43.461,625,1049,1024
840,a_estrella,h1,True,26,2255.036,36890,58600,54930
840,codicioso,h2,True,30,1.408,39,68,68
840,a_estrella,h2,True,26,76.658,1575,2498,2452
840,codicioso,h3,True,38,5.069,61,110,110
840,a_estrella,h3,True,26,82.408,973,1562,1535
840,codicioso,h4,True,36,5.246,59,103,103
840,a_estrella,h4,True,26,53.233,651,1041,1025
840,codicioso,h5,True,30,2.876,32,61,61
840,a_estrella,h5,True,26,11.607,183,321,319
840,codicioso,h6_w0.3,True,94,22.118,433,731,725
840,a_estrella,h6_w0.3,True,26,818.145,12156,19802,19127
840,codicioso,h6_w0.6,True,30,3.459,57,100,100
840,a_estrella,h6_w0.6,True,26,316.884,4419,7115,6923
840,codicioso,h6_w1.0,True,30,4.138,39,68,68
840,a_estrella,h6_w1.0,True,26,86.628,1575,2498,2452
841,codicioso,h1,True,42,15.635,383,656,645
841,a_estrella,h1,True,22,370.347,7419,12252,11893
841,codicioso,h2,True,28,5.649,147,251,249
841,a_estrella,h2,True,22,21.338,488,798,786
841,codicioso,h3,True,50,8.185,95,173,173
841,a_estrella,h3,True,22,25.456,381,627,620
841,codicioso,h4,True,50,6.799,96,174,174
841,a_estrella,h4,True,22,16.418,225,369,364
841,codicioso,h5,True,22,1.102,26,49,49
841,a_estrella,h5,True,22,5.219,75,128,127
841,codicioso,h6_w0.3,True,38,11.264,230,382,377
841,a_estrella,h6_w0.3,True,22,135.968,2474,4073,3979
841,codicioso,h6_w0.6,True,38,10.504,221,372,367
841,a_estrella,h6_w0.6,True,22,53.402,1061,1726,1686
841,codicioso,h6_w1.0,True,28,6.032,147,251,249
841,a_estrella,h6_w1.0,True,22,24.63,488,798,786
842,codicioso,h1,True,69,89.004,2048,3419,3344
842,a_estrella,h1,True,21,261.586,5593,9206,8934
842,codicioso,h2,True,53,19.0,380,658,654
842,a_estrella,h2,True,21,28.292,520,853,841
842,codicioso,h3,True,45,10.294,125,220,220
842,a_estrella,h3,True,21,27.928,354,573,566
842,codicioso,h4,True,23,3.148,40,71,71
842,a_estrella,h4,True,21,17.593,222,359,355
842,codicioso,h5,True,23,0.904,24,45,45
842,a_estrella,h5,True,21,2.383,64,111,111
842,codicioso,h6_w0.3,True,49,19.691,429,722,714
842,a_estrella,h6_w0.3,True,21,119.677,2029,3318,3242
842,codicioso,h6_w0.6,True,49,20.057,324,555,552
842,a_estrella,h6_w0.6,True,21,72.787,978,1608,1574
842,codicioso,h6_w1.0,True,53,24.537,380,658,654
842,a_estrella,h6_w1.0,True,21,26.897,520,853,841
843,codicioso,h1,True,46,49.704,1034,1745,1701
843,a_estrella,h1,True,22,525.998,9066,14881,14333
843,codicioso,h2,True,46,17.265,329,570,563
843,a_estrella,h2,True,22,31.155,638,1038,1022
843,codicioso,h3,True,44,10.938,137,232,230
843,a_estrella,h3,True,22,29.084,393,651,644
843,codicioso,h4,True,38,5.83,64,113,113
843,a_estrella,h4,True,22,32.036,288,480,477
843,codicioso,h5,True,22,1.358,26,52,52
843,a_estrella,h5,True,22,3.023,43,79,77
843,codicioso,h6_w0.3,True,46,29.166,366,620,612
843,a_estrella,h6_w0.3,True,22,207.998,2969,4876,4745
843,codicioso,h6_w0.6,True,46,12.424,247,419,414
843,a_estrella,h6_w0.6,True,22,74.994,1310,2141,2088
843,codicioso,h6_w1.0,True,46,17.768,329,570,563
843,a_estrella,h6_w1.0,True,22,32.792,638,1038,1022
844,codicioso,h1,True,66,34.003,836,1397,1353
844,a_estrella,h1,True,26,2104.987,37468,59083,55201
844,codicioso,h2,True,50,16.958,357,617,610
844,a_estrella,h2,True,26,193.886,3887,6266,6122
844,codicioso,h3,True,40,7.384,110,189,189
844,a_estrella,h3,True,26,169.218,2337,3749,3667
844,codicioso,h4,True,34,5.627,71,119,119
844,a_estrella,h4,True,26,124.037,1342,2147,2112
844,codicioso,h5,True,30,1.789,38,69,69
844,a_estrella,h5,True,26,36.621,569,962,942
844,codicioso,h6_w0.3,True,74,23.945,436,739,731
844,a_estrella,h6_w0.3,True,26,945.446,15040,24090,23031
844,codicioso,h6_w0.6,True,58,19.532,358,622,619
844,a_estrella,h6_w0.6,True,26,409.637,7255,11585,11165
844,codicioso,h6_w1.0,True,50,19.824,357,617,610
844,a_estrella,h6_w1.0,True,26,200.687,3887,6266,6122
845,codicioso,h1,True,55,32.338,691,1167,1140
845,a_estrella,h1,True,27,3239.872,57455,89098,81761
845,codicioso,h2,True,61,12.33,282,492,490
845,a_estrella,h2,True,27,245.0,4993,7982,7814
845,codicioso,h3,True,41,4.171,70,124,124
845,a_estrella,h3,True,27,224.484,2990,4836,4745
845,codicioso,h4,True,51,13.837,111,189,189
845,a_estrella,h4,True,27,286.251,2167,3504,3447
845,codicioso,h5,True,31,3.456,42,78,78
845,a_estrella,h5,True,27,44.328,580,979,970
845,codicioso,h6_w0.3,True,83,45.524,241,406,401
845,a_estrella,h6_w0.3,True,27,1707.276,23952,38255,36420
845,codicioso,h6_w0.6,True,99,29.096,440,749,742
845,a_estrella,h6_w0.6,True,27,661.686,10887,17432,16781
845,codicioso,h6_w1.0,True,61,13.181,282,492,490
845,a_estrella,h6_w1.0,True,27,269.178,4993,7982,7814
846,codicioso,h1,True,64,63.836,1521,2554,2498
846,a_estrella,h1,True,24,900.811,18162,29490,28209
846,codicioso,h2,True,46,15.887,366,630,625
846,a_estrella,h2,True,24,85.864,1917,3106,3046
846,codicioso,h3,True,42,5.564,64,115,115
846,a_estrella,h3,True,24,58.637,903,1464,1445
846,codicioso,h4,True,38,4.364,63,113,113
846,a_estrella,h4,True,24,60.4,816,1329,1315
846,codicioso,h5,True,32,4.471,64,108,108
846,a_estrella,h5,True,24,7.589,157,285,283
846,codicioso,h6_w0.3,True,62,8.678,181,308,303
846,a_estrella,h6_w0.3,True,24,390.519,6901,11298,10953
846,codicioso,h6_w0.6,True,44,19.755,315,537,534
846,a_estrella,h6_w0.6,True,24,183.6,3387,5514,5362
846,codicioso,h6_w1.0,True,46,15.607,366,630,625
846,a_estrella,h6_w1.0,True,24,94.973,1917,3106,3046
847,codicioso,h1,True,26,19.64,478,814,795
847,a_estrella,h1,True,18,60.508,1451,2450,2397
847,codicioso,h2,True,34,16.551,367,631,627
847,a_estrella,h2,True,18,12.148,301,497,491
847,codicioso,h3,True,28,3.041,53,97,97
847,a_estrella,h3,True,18,12.414,169,288,286
847,codicioso,h4,True,20,5.387,77,133,132
847,a_estrella,h4,True,18,10.197,151,256,255
847,codicioso,h5,True,20,1.095,24,44,44
847,a_estrella,h5,True,18,2.35,22,42,42
847,codicioso,h6_w0.3,True,34,22.941,477,810,799
847,a_estrella,h6_w0.3,True,18,31.87,663,1110,1086
847,codicioso,h6_w0.6,True,34,15.116,323,547,544
847,a_estrella,h6_w0.6,True,18,19.663,382,639,630
847,codicioso,h6_w1.0,True,34,15.971,367,631,627
847,a_estrella,h6_w1.0,True,18,18.642,301,497,491
848,codicioso,h1,True,38,21.963,509,873,853
848,a_estrella,h1,True,22,349.876,7889,12973,12540
848,codicioso,h2,True,46,23.105,512,882,871
848,a_estrella,h2,True,22,37.049,783,1273,1254
848,codicioso,h3,True,48,4.939,89,154,154
848,a_estrella,h3,True,22,24.293,375,607,602
848,codicioso,h4,True,48,6.05,89,154,154
848,a_estrella,h4,True,22,15.316,247,404,400
848,codicioso,h5,True,40,5.229,90,154,153
848,a_estrella,h5,True,22,1.779,28,53,53
848,codicioso,h6_w0.3,True,56,23.332,487,821,810
848,a_estrella,h6_w0.3,True,22,160.453,2949,4856,4734
848,codicioso,h6_w0.6,True,66,17.348,285,478,473
848,a_estrella,h6_w0.6,True,22,85.877,1413,2300,2248
848,codicioso,h6_w1.0,True,46,25.958,512,882,871
848,a_estrella,h6_w1.0,True,22,38.079,783,1273,1254
849,codicioso,h1,True,33,9.54,271,458,450
849,a_estrella,h1,True,21,253.446,5810,9621,9340
849,codicioso,h2,True,41,6.312,136,231,229
849,a_estrella,h2,True,21,36.218,852,1387,1361
849,codicioso,h3,True,23,3.67,41,71,71
849,a_estrella,h3,True,21,30.76,479,779,764
849,codicioso,h4,True,23,2.304,40,69,69
849,a_estrella,h4,True,21,29.534,427,695,680
849,codicioso,h5,True,23,2.658,42,77,77
849,a_estrella,h5,True,21,6.412,126,218,216
849,codicioso,h6_w0.3,True,57,8.944,190,322,317
849,a_estrella,h6_w0.3,True,21,126.229,2333,3839,3743
849,codicioso,h6_w0.6,True,57,8.046,151,257,255
849,a_estrella,h6_w0.6,True,21,69.328,1251,2043,1993
849,codicioso,h6_w1.0,True,41,6.293,136,231,229
849,a_estrella,h6_w1.0,True,21,40.358,852,1387,1361
850,codicioso,h1,True,53,21.421,544,904,884
850,a_estrella,h1,True,23,626.759,13432,21818,20938
850,codicioso,h2,True,39,9.525,201,355,353
850,a_estrella,h2,True,23,80.769,1736,2790,2731
850,codicioso,h3,True,25,1.473,34,59,59
850,a_estrella,h3,True,23,71.035,1020,1645,1621
850,codicioso,h4,True,47,7.052,93,165,165
850,a_estrella,h4,True,23,54.281,692,1124,1110
850,codicioso,h5,True,25,1.938,43,76,76
850,a_estrella,h5,True,23,9.958,169,296,294
850,codicioso,h6_w0.3,True,53,16.361,332,565,560
850,a_estrella,h6_w0.3,True,23,298.623,5344,8732,8474
850,codicioso,h6_w0.6,True,53,16.246,328,559,554
850,a_estrella,h6_w0.6,True,23,142.923,2692,4353,4232
850,codicioso,h6_w1.0,True,39,9.313,201,355,353
850,a_estrella,h6_w1.0,True,23,85.344,1736,2790,2731
851,codicioso,h1,True,43,8.421,219,372,368
851,a_estrella,h1,True,27,3052.891,57520,89013,81534
851,codicioso,h2,True,55,26.902,545,936,925
851,a_estrella,h2,True,27,297.373,6641,10542,10255
851,codicioso,h3,True,49,10.532,129,222,221
851,a_estrella,h3,True,27,239.565,3558,5673,5534
851,codicioso,h4,True,49,10.544,128,220,219
851,a_estrella,h4,True,27,183.925,2554,4092,4001
851,codicioso,h5,True,31,2.266,51,89,89
851,a_estrella,h5,True,27,24.98,517,930,923
851,codicioso,h6_w0.3,True,75,9.219,214,362,356
851,a_estrella,h6_w0.3,True,27,1397.576,25345,40263,38091
851,codicioso,h6_w0.6,True,75,6.971,173,298,296
851,a_estrella,h6_w0.6,True,27,679.306,12491,19884,19076
851,codicioso,h6_w1.0,True,55,27.409,545,936,925
851,a_estrella,h6_w1.0,True,27,358.467,6641,10542,10255
852,codicioso,h1,True,55,12.288,317,539,529
852,a_estrella,h1,True,25,1441.074,28708,45830,43291
852,codicioso,h2,True,47,2.971,76,128,127
852,a_estrella,h2,True,25,110.681,2468,3937,3857
852,codicioso,h3,True,33,1.913,35,59,59
852,a_estrella,h3,True,25,84.59,1328,2122,2091
852,codicioso,h4,True,33,3.265,54,95,95
852,a_estrella,h4,True,25,66.835,978,1561,1543
852,codicioso,h5,True,31,1.899,38,72,72
852,a_estrella,h5,True,25,7.495,139,245,239
852,codicioso,h6_w0.3,True,75,20.627,438,734,727
852,a_estrella,h6_w0.3,True,25,592.864,10751,17457,16883
852,codicioso,h6_w0.6,True,75,20.346,421,708,701
852,a_estrella,h6_w0.6,True,25,253.032,4855,7816,7607
852,codicioso,h6_w1.0,True,47,3.403,76,128,127
852,a_estrella,h6_w1.0,True,25,122.879,2468,3937,3857
853,codicioso,h1,True,64,55.311,1355,2252,2190
853,a_estrella,h1,True,22,370.21,7601,12565,12163
853,codicioso,h2,True,60,24.897,546,933,921
853,a_estrella,h2,True,22,35.241,737,1207,1178
853,codicioso,h3,True,36,8.395,120,204,202
853,a_estrella,h3,True,22,29.836,481,796,783
853,codicioso,h4,True,36,8.48,120,204,202
853,a_estrella,h4,True,22,27.786,367,607,598
853,codicioso,h5,True,26,1.575,43,76,76
853,a_estrella,h5,True,22,3.955,81,146,146
853,codicioso,h6_w0.3,True,64,16.781,363,614,606
853,a_estrella,h6_w0.3,True,22,130.72,2618,4307,4179
853,codicioso,h6_w0.6,True,40,6.837,150,260,256
853,a_estrella,h6_w0.6,True,22,57.92,1256,2045,1997
853,codicioso,h6_w1.0,True,60,26.116,546,933,921
853,a_estrella,h6_w1.0,True,22,34.525,737,1207,1178
854,codicioso,h1,True,18,1.263,31,59,59
854,a_estrella,h1,True,18,58.181,1439,2416,2361
854,codicioso,h2,True,18,0.659,19,37,37
854,a_estrella,h2,True,18,2.811,91,151,151
854,codicioso,h3,True,18,1.077,19,37,37
854,a_estrella,h3,True,18,6.235,60,102,102
854,codicioso,h4,True,18,1.172,19,37,37
854,a_estrella,h4,True,18,1.567,27,49,49
854,codicioso,h5,True,18,0.725,19,37,37
854,a_estrella,h5,True,18,1.888,36,69,67
854,codicioso,h6_w0.3,True,18,1.07,19,37,37
854,a_estrella,h6_w0.3,True,18,22.485,482,807,792
854,codicioso,h6_w0.6,True,18,0.825,19,37,37
854,a_estrella,h6_w0.6,True,18,10.877,216,355,347
854,codicioso,h6_w1.0,True,18,0.829,19,37,37
854,a_estrella,h6_w1.0,True,18,4.9,91,151,151
855,codicioso,h1,True,58,23.001,579,966,944
855,a_estrella,h1,True,24,1009.948,20821,33566,31996
855,codicioso,h2,True,72,21.975,485,841,834
855,a_estrella,h2,True,24,37.846,820,1303,1273
855,codicioso,h3,True,26,3.279,40,72,72
855,a_estrella,h3,True,24,31.545,517,829,811
855,codicioso,h4,True,36,5.652,76,138,138
855,a_estrella,h4,True,24,22.877,344,546,535
855,codicioso,h5,True,26,1.626,43,78,78
855,a_estrella,h5,True,24,9.677,197,329,325
855,codicioso,h6_w0.3,True,40,8.742,198,334,330
855,a_estrella,h6_w0.3,True,24,333.112,6637,10842,10517
855,codicioso,h6_w0.6,True,40,7.388,164,279,277
855,a_estrella,h6_w0.6,True,24,123.268,2506,4047,3939
855,codicioso,h6_w1.0,True,72,22.009,485,841,834
855,a_estrella,h6_w1.0,True,24,40.081,820,1303,1273
856,codicioso,h1,True,55,18.133,463,771,753
856,a_estrella,h1,True,23,625.428,12993,21238,20430
856,codicioso,h2,True,45,7.356,143,242,241
856,a_estrella,h2,True,23,50.733,1194,1935,1909
856,codicioso,h3,True,27,5.009,56,98,98
856,a_estrella,h3,True,23,36.148,560,898,887
856,codicioso,h4,True,41,4.014,66,110,110
856,a_estrella,h4,True,23,37.257,513,825,817
856,codicioso,h5,True,23,1.065,28,52,52
856,a_estrella,h5,True,23,3.384,88,154,154
856,codicioso,h6_w0.3,True,55,16.231,320,544,539
856,a_estrella,h6_w0.3,True,23,234.349,4588,7535,7340
856,codicioso,h6_w0.6,True,63,7.715,152,259,257
856,a_estrella,h6_w0.6,True,23,107.045,2136,3452,3371
856,codicioso,h6_w1.0,True,45,6.758,143,242,241
856,a_estrella,h6_w1.0,True,23,61.181,1194,1935,1909
857,codicioso,h1,True,52,29.719,688,1164,1145
857,a_estrella,h1,True,20,188.726,4221,6987,6807
857,codicioso,h2,True,30,4.418,84,144,143
857,a_estrella,h2,True,20,27.513,628,1016,994
857,codicioso,h3,True,24,2.621,51,92,92
857,a_estrella,h3,True,20,25.089,387,627,617
857,codicioso,h4,True,24,4.03,51,92,92
857,a_estrella,h4,True,20,20.685,308,508,500
857,codicioso,h5,True,20,0.898,23,43,43
857,a_estrella,h5,True,20,3.109,48,85,85
857,codicioso,h6_w0.3,True,38,6.133,141,246,242
857,a_estrella,h6_w0.3,True,20,85.331,1743,2881,2814
857,codicioso,h6_w0.6,True,30,3.761,70,127,126
857,a_estrella,h6_w0.6,True,20,44.567,932,1522,1485
857,codicioso,h6_w1.0,True,30,2.986,84,144,143
857,a_estrella,h6_w1.0,True,20,30.721,628,1016,994
858,codicioso,h1,True,37,16.503,461,767,755
858,a_estrella,h1,True,27,2806.594,56156,87049,79838
858,codicioso,h2,True,31,7.052,155,262,260
858,a_estrella,h2,True,27,212.642,4440,7016,6872
858,codicioso,h3,True,33,3.739,57,106,106
858,a_estrella,h3,True,27,190.59,2709,4349,4273
858,codicioso,h4,True,45,6.324,84,148,148
858,a_estrella,h4,True,27,149.941,2093,3401,3359
858,codicioso,h5,True,35,3.898,81,139,138
858,a_estrella,h5,True,27,22.749,472,841,836
858,codicioso,h6_w0.3,True,81,25.661,532,895,883
858,a_estrella,h6_w0.3,True,27,1320.736,22403,35850,34110
858,codicioso,h6_w0.6,True,69,25.694,452,766,761
858,a_estrella,h6_w0.6,True,27,514.243,9747,15572,14996
858,codicioso,h6_w1.0,True,31,8.07,155,262,260
858,a_estrella,h6_w1.0,True,27,245.778,4440,7016,6872
859,codicioso,h1,True,61,75.908,1570,2634,2578
859,a_estrella,h1,True,25,1976.87,29248,46876,44204
859,codicioso,h2,True,61,19.417,388,666,660
859,a_estrella,h2,True,25,147.931,2514,4058,3986
859,codicioso,h3,True,55,13.284,158,272,271
859,a_estrella,h3,True,25,120.376,1376,2266,2239
859,codicioso,h4,True,55,14.375,158,272,271
859,a_estrella,h4,True,25,86.753,865,1436,1422
859,codicioso,h5,True,43,6.899,90,153,152
859,a_estrella,h5,True,25,17.924,270,470,467
859,codicioso,h6_w0.3,True,61,9.328,160,276,271
859,a_estrella,h6_w0.3,True,25,753.423,11093,18064,17394
859,codicioso,h6_w0.6,True,61,8.561,125,216,215
859,a_estrella,h6_w0.6,True,25,359.551,5071,8216,7975
859,codicioso,h6_w1.0,True,61,23.673,388,666,660
859,a_estrella,h6_w1.0,True,25,179.5,2514,4058,3986
860,codicioso,h1,True,46,17.002,380,639,627
860,a_estrella,h1,True,22,620.691,9768,16055,15510
860,codicioso,h2,True,24,2.388,52,95,95
860,a_estrella,h2,True,22,59.144,1112,1822,1792
860,codicioso,h3,True,24,3.755,42,78,78
860,a_estrella,h3,True,22,66.776,673,1107,1089
860,codicioso,h4,True,24,3.818,42,78,78
860,a_estrella,h4,True,22,50.117,451,746,734
860,codicioso,h5,True,42,6.284,91,158,157
860,a_estrella,h5,True,22,11.004,154,268,266
860,codicioso,h6_w0.3,True,64,31.762,504,851,839
860,a_estrella,h6_w0.3,True,22,257.577,3778,6239,6082
860,codicioso,h6_w0.6,True,64,23.995,351,588,585
860,a_estrella,h6_w0.6,True,22,123.036,1927,3173,3102
860,codicioso,h6_w1.0,True,24,2.101,52,95,95
860,a_estrella,h6_w1.0,True,22,72.147,1112,1822,1792
861,codicioso,h1,True,48,33.112,574,974,957
861,a_estrella,h1,True,26,2521.079,37558,59567,55754
861,codicioso,h2,True,76,31.903,548,943,931
861,a_estrella,h2,True,26,137.445,2332,3727,3680
861,codicioso,h3,True,38,7.316,79,140,140
861,a_estrella,h3,True,26,117.249,1450,2355,2332
861,codicioso,h4,True,30,4.584,42,74,74
861,a_estrella,h4,True,26,59.757,779,1275,1264
861,codicioso,h5,True,26,4.184,27,47,47
861,a_estrella,h5,True,26,11.852,173,310,310
861,codicioso,h6_w0.3,True,48,9.622,172,293,289
861,a_estrella,h6_w0.3,True,26,959.873,13438,21710,20918
861,codicioso,h6_w0.6,True,52,9.323,168,286,284
861,a_estrella,h6_w0.6,True,26,379.755,5502,8893,8649
861,codicioso,h6_w1.0,True,76,36.492,548,943,931
861,a_estrella,h6_w1.0,True,26,129.867,2332,3727,3680
862,codicioso,h1,True,28,8.212,191,327,320
862,a_estrella,h1,True,18,64.413,1421,2397,2334
862,codicioso,h2,True,60,28.939,644,1108,1091
862,a_estrella,h2,True,18,13.588,319,534,521
862,codicioso,h3,True,36,9.478,121,207,206
862,a_estrella,h3,True,18,18.958,206,360,358
862,codicioso,h4,True,36,10.221,121,207,206
862,a_estrella,h4,True,18,15.818,181,315,313
862,codicioso,h5,True,18,1.037,19,35,35
862,a_estrella,h5,True,18,0.994,28,51,51
862,codicioso,h6_w0.3,True,28,10.31,209,348,346
862,a_estrella,h6_w0.3,True,18,38.038,663,1106,1080
862,codicioso,h6_w0.6,True,72,26.438,457,778,767
862,a_estrella,h6_w0.6,True,18,22.438,408,677,659
862,codicioso,h6_w1.0,True,60,37.456,644,1108,1091
862,a_estrella,h6_w1.0,True,18,18.506,319,534,521
863,codicioso,h1,True,48,32.95,774,1297,1262
863,a_estrella,h1,True,24,1332.291,21925,35232,33487
863,codicioso,h2,True,48,25.975,265,445,442
863,a_estrella,h2,True,24,154.767,2508,4003,3919
863,codicioso,h3,True,28,3.644,41,76,76
863,a_estrella,h3,True,24,109.592,1287,2071,2037
863,codicioso,h4,True,28,2.732,41,76,76
863,a_estrella,h4,True,24,66.85,757,1218,1199
863,codicioso,h5,True,24,2.912,44,77,77
863,a_estrella,h5,True,24,16.912,233,402,401
863,codicioso,h6_w0.3,True,58,19.682,321,537,532
863,a_estrella,h6_w0.3,True,24,585.346,8621,13996,13518
863,codicioso,h6_w0.6,True,58,18.051,315,529,524
863,a_estrella,h6_w0.6,True,24,273.896,4178,6755,6557
863,codicioso,h6_w1.0,True,48,16.581,265,445,442
863,a_estrella,h6_w1.0,True,24,128.684,2508,4003,3919
864,codicioso,h1,True,62,28.643,699,1176,1135
864,a_estrella,h1,True,14,6.338,166,289,286
864,codicioso,h2,True,14,0.499,15,27,27
864,a_estrella,h2,True,14,0.816,26,44,44
864,codicioso,h3,True,14,1.351,15,27,27
864,a_estrella,h3,True,14,1.567,26,44,44
864,codicioso,h4,True,14,1.5,15,27,27
864,a_estrella,h4,True,14,2.359,24,41,41
864,codicioso,h5,True,14,1.024,15,27,27
864,a_estrella,h5,True,14,0.85,15,27,27
864,codicioso,h6_w0.3,True,56,20.912,420,709,704
864,a_estrella,h6_w0.3,True,14,3.572,72,120,120
864,codicioso,h6_w0.6,True,42,16.05,315,540,535
864,a_estrella,h6_w0.6,True,14,2.05,40,68,68
864,codicioso,h6_w1.0,True,14,1.003,15,27,27
864,a_estrella,h6_w1.0,True,14,1.225,26,44,44
865,codicioso,h1,True,79,70.501,1467,2434,2366
865,a_estrella,h1,True,21,267.981,5658,9378,9104
865,codicioso,h2,True,45,18.949,364,634,628
865,a_estrella,h2,True,21,27.974,576,939,927
865,codicioso,h3,True,43,9.415,132,224,224
865,a_estrella,h3,True,21,24.825,346,561,556
865,codicioso,h4,True,45,10.178,150,255,253
865,a_estrella,h4,True,21,22.514,324,526,523
865,codicioso,h5,True,25,1.211,31,58,58
865,a_estrella,h5,True,21,2.637,53,100,100
865,codicioso,h6_w0.3,True,59,20.742,413,699,691
865,a_estrella,h6_w0.3,True,21,112.954,2190,3622,3533
865,codicioso,h6_w0.6,True,91,21.763,445,759,752
865,a_estrella,h6_w0.6,True,21,52.659,1063,1749,1714
865,codicioso,h6_w1.0,True,45,19.16,364,634,628
865,a_estrella,h6_w1.0,True,21,26.475,576,939,927
866,codicioso,h1,True,60,49.25,1210,2021,1963
866,a_estrella,h1,True,22,549.168,9955,16402,15827
866,codicioso,h2,True,32,6.446,117,200,199
866,a_estrella,h2,True,22,57.389,1130,1876,1847
866,codicioso,h3,True,32,4.351,52,95,95
866,a_estrella,h3,True,22,39.208,586,967,953
866,codicioso,h4,True,32,4.128,52,95,95
866,a_estrella,h4,True,22,36.491,480,795,785
866,codicioso,h5,True,40,4.643,90,154,153
866,a_estrella,h5,True,22,4.437,89,155,154
866,codicioso,h6_w0.3,True,72,23.824,473,801,795
866,a_estrella,h6_w0.3,True,22,231.659,3909,6381,6205
866,codicioso,h6_w0.6,True,72,21.274,368,637,634
866,a_estrella,h6_w0.6,True,22,114.399,1938,3178,3104
866,codicioso,h6_w1.0,True,32,6.109,117,200,199
866,a_estrella,h6_w1.0,True,22,67.567,1130,1876,1847
867,codicioso,h1,True,38,51.907,1046,1745,1704
867,a_estrella,h1,True,24,1194.704,19496,31607,30078
867,codicioso,h2,True,38,26.43,497,860,850
867,a_estrella,h2,True,24,193.388,3313,5354,5215
867,codicioso,h3,True,28,6.065,67,118,118
867,a_estrella,h3,True,24,153.13,1782,2900,2841
867,codicioso,h4,True,28,4.504,64,113,113
867,a_estrella,h4,True,24,155.443,1627,2646,2593
867,codicioso,h5,True,36,5.389,86,144,143
867,a_estrella,h5,True,24,14.125,221,385,383
867,codicioso,h6_w0.3,True,38,26.968,488,836,825
867,a_estrella,h6_w0.3,True,24,588.15,8832,14440,13922
867,codicioso,h6_w0.6,True,38,21.311,377,645,640
867,a_estrella,h6_w0.6,True,24,295.632,4905,7963,7720
867,codicioso,h6_w1.0,True,38,30.553,497,860,850
867,a_estrella,h6_w1.0,True,24,198.716,3313,5354,5215
868,codicioso,h1,True,58,43.41,846,1420,1397
868,a_estrella,h1,True,24,879.453,16863,27460,26270
868,codicioso,h2,True,50,16.405,349,601,597
868,a_estrella,h2,True,24,36.946,855,1359,1338
868,codicioso,h3,True,40,6.933,93,160,159
868,a_estrella,h3,True,24,28.764,432,702,699
868,codicioso,h4,True,30,3.631,57,99,99
868,a_estrella,h4,True,24,30.781,381,622,621
868,codicioso,h5,True,40,3.032,64,112,112
868,a_estrella,h5,True,24,4.629,71,125,124
868,codicioso,h6_w0.3,True,66,32.053,574,979,966
868,a_estrella,h6_w0.3,True,24,316.617,5302,8673,8417
868,codicioso,h6_w0.6,True,66,20.924,437,746,741
868,a_estrella,h6_w0.6,True,24,108.141,2105,3410,3335
868,codicioso,h6_w1.0,True,50,17.625,349,601,597
868,a_estrella,h6_w1.0,True,24,44.445,855,1359,1338
869,codicioso,h1,True,34,57.517,1155,1957,1924
869,a_estrella,h1,True,22,391.43,7923,13072,12630
869,codicioso,h2,True,34,10.255,203,342,340
869,a_estrella,h2,True,22,46.851,957,1573,1554
869,codicioso,h3,True,34,3.275,60,109,109
869,a_estrella,h3,True,22,38.588,520,852,840
869,codicioso,h4,True,34,6.296,60,109,109
869,a_estrella,h4,True,22,36.488,490,804,796
869,codicioso,h5,True,26,1.591,35,62,62
869,a_estrella,h5,True,22,4.819,122,217,215
869,codicioso,h6_w0.3,True,34,12.654,223,371,369
869,a_estrella,h6_w0.3,True,22,192.868,3051,5043,4908
869,codicioso,h6_w0.6,True,50,17.794,333,573,570
869,a_estrella,h6_w0.6,True,22,90.877,1517,2508,2460
869,codicioso,h6_w1.0,True,34,8.58,203,342,340
869,a_estrella,h6_w1.0,True,22,52.072,957,1573,1554
870,codicioso,h1,True,38,14.331,296,504,493
870,a_estrella,h1,True,24,950.187,18889,30560,29064
870,codicioso,h2,True,54,13.42,249,429,428
870,a_estrella,h2,True,24,143.899,2734,4426,4324
870,codicioso,h3,True,30,4.619,57,102,102
870,a_estrella,h3,True,24,128.114,1588,2600,2543
870,codicioso,h4,True,30,5.064,57,102,102
870,a_estrella,h4,True,24,116.953,1346,2202,2158
870,codicioso,h5,True,46,6.967,98,170,169
870,a_estrella,h5,True,24,11.273,214,378,377
870,codicioso,h6_w0.3,True,50,9.757,174,298,296
870,a_estrella,h6_w0.3,True,24,495.454,8099,13214,12729
870,codicioso,h6_w0.6,True,74,21.641,421,716,710
870,a_estrella,h6_w0.6,True,24,285.224,4323,7046,6843
870,codicioso,h6_w1.0,True,54,12.51,249,429,428
870,a_estrella,h6_w1.0,True,24,155.464,2734,4426,4324
871,codicioso,h1,True,32,9.389,211,364,357
871,a_estrella,h1,True,22,376.163,7661,12627,12209
871,codicioso,h2,True,56,8.183,183,300,297
871,a_estrella,h2,True,22,41.571,705,1145,1129
871,codicioso,h3,True,28,2.873,34,61,61
871,a_estrella,h3,True,22,33.709,461,759,747
871,codicioso,h4,True,28,2.62,34,61,61
871,a_estrella,h4,True,22,27.645,383,630,619
871,codicioso,h5,True,26,3.999,39,69,69
871,a_estrella,h5,True,22,3.122,74,132,131
871,codicioso,h6_w0.3,True,32,7.67,143,240,238
871,a_estrella,h6_w0.3,True,22,153.922,2751,4538,4425
871,codicioso,h6_w0.6,True,56,7.536,155,261,259
871,a_estrella,h6_w0.6,True,22,74.339,1298,2120,2075
871,codicioso,h6_w1.0,True,56,9.807,183,300,297
871,a_estrella,h6_w1.0,True,22,37.75,705,1145,1129
872,codicioso,h1,True,52,26.36,492,822,806
872,a_estrella,h1,True,24,1001.745,18735,30349,28940
872,codicioso,h2,True,48,26.463,498,863,853
872,a_estrella,h2,True,24,140.087,2631,4255,4169
872,codicioso,h3,True,26,4.303,48,84,84
872,a_estrella,h3,True,24,105.022,1281,2074,2047
872,codicioso,h4,True,58,13.725,147,258,258
872,a_estrella,h4,True,24,101.381,1168,1891,1868
872,codicioso,h5,True,40,4.093,53,94,94
872,a_estrella,h5,True,24,4.707,108,196,196
872,codicioso,h6_w0.3,True,52,10.662,206,343,339
872,a_estrella,h6_w0.3,True,24,501.593,7907,12900,12457
872,codicioso,h6_w0.6,True,82,23.685,393,676,670
872,a_estrella,h6_w0.6,True,24,249.534,4097,6683,6497
872,codicioso,h6_w1.0,True,48,27.314,498,863,853
872,a_estrella,h6_w1.0,True,24,145.525,2631,4255,4169
873,codicioso,h1,True,64,20.353,408,683,668
873,a_estrella,h1,True,18,60.87,1100,1856,1819
873,codicioso,h2,True,58,21.506,277,467,464
873,a_estrella,h2,True,18,3.671,80,132,132
873,codicioso,h3,True,18,1.39,21,36,36
873,a_estrella,h3,True,18,2.046,40,70,70
873,codicioso,h4,True,18,1.101,21,36,36
873,a_estrella,h4,True,18,2.994,23,39,39
873,codicioso,h5,True,20,1.501,21,38,38
873,a_estrella,h5,True,18,2.351,32,55,55
873,codicioso,h6_w0.3,True,58,27.109,423,711,700
873,a_estrella,h6_w0.3,True,18,25.51,362,608,600
873,codicioso,h6_w0.6,True,68,19.451,329,554,549
873,a_estrella,h6_w0.6,True,18,8.516,149,246,245
873,codicioso,h6_w1.0,True,58,13.704,277,467,464
873,a_estrella,h6_w1.0,True,18,3.986,80,132,132
874,codicioso,h1,True,61,37.011,815,1378,1338
874,a_estrella,h1,True,27,3535.928,57053,88487,81286
874,codicioso,h2,True,45,6.323,89,152,151
874,a_estrella,h2,True,27,340.631,5594,8867,8667
874,codicioso,h3,True,39,6.252,83,142,141
874,a_estrella,h3,True,27,253.645,2969,4667,4567
874,codicioso,h4,True,27,5.647,81,138,138
874,a_estrella,h4,True,27,158.528,1840,2909,2874
874,codicioso,h5,True,27,1.331,30,58,58
874,a_estrella,h5,True,27,8.929,154,279,276
874,codicioso,h6_w0.3,True,71,29.994,508,849,836
874,a_estrella,h6_w0.3,True,27,1827.209,24390,38806,36871
874,codicioso,h6_w0.6,True,75,20.297,364,607,604
874,a_estrella,h6_w0.6,True,27,775.55,11471,18329,17684
874,codicioso,h6_w1.0,True,45,4.739,89,152,151
874,a_estrella,h6_w1.0,True,27,416.647,5594,8867,8667
875,codicioso,h1,True,66,46.736,869,1462,1420
875,a_estrella,h1,True,28,5016.616,71439,109373,99121
875,codicioso,h2,True,70,21.89,412,712,705
875,a_estrella,h2,True,28,416.83,6957,11004,10752
875,codicioso,h3,True,28,2.893,38,68,68
875,a_estrella,h3,True,28,372.235,3957,6258,6132
875,codicioso,h4,True,34,8.778,81,136,135
875,a_estrella,h4,True,28,250.751,2636,4169,4110
875,codicioso,h5,True,38,4.427,62,109,109
875,a_estrella,h5,True,28,14.948,208,377,376
875,codicioso,h6_w0.3,True,62,31.746,506,857,845
875,a_estrella,h6_w0.3,True,28,2515.266,31557,49959,47250
875,codicioso,h6_w0.6,True,92,26.261,445,750,745
875,a_estrella,h6_w0.6,True,28,1233.926,14612,23253,22365
875,codicioso,h6_w1.0,True,70,33.083,412,712,705
875,a_estrella,h6_w1.0,True,28,550.297,6957,11004,10752
876,codicioso,h1,True,55,71.302,1094,1843,1806
876,a_estrella,h1,True,21,375.709,5042,8357,8111
876,codicioso,h2,True,35,4.99,92,156,154
876,a_estrella,h2,True,21,26.807,377,616,614
876,codicioso,h3,True,21,4.39,34,59,59
876,a_estrella,h3,True,21,24.664,225,373,370
876,codicioso,h4,True,57,14.001,105,186,186
876,a_estrella,h4,True,21,14.904,136,219,217
876,codicioso,h5,True,21,2.892,22,38,38
876,a_estrella,h5,True,21,8.491,122,208,206
876,codicioso,h6_w0.3,True,21,4.271,72,124,123
876,a_estrella,h6_w0.3,True,21,121.979,1625,2695,2629
876,codicioso,h6_w0.6,True,21,2.868,57,96,95
876,a_estrella,h6_w0.6,True,21,51.754,696,1149,1128
876,codicioso,h6_w1.0,True,35,5.343,92,156,154
876,a_estrella,h6_w1.0,True,21,22.959,377,616,614
877,codicioso,h1,True,60,29.458,476,792,774
877,a_estrella,h1,True,22,545.395,7604,12548,12150
877,codicioso,h2,True,50,36.624,544,932,920
877,a_estrella,h2,True,22,47.355,768,1246,1223
877,codicioso,h3,True,32,6.716,65,111,111
877,a_estrella,h3,True,22,30.84,295,480,476
877,codicioso,h4,True,32,6.788,65,111,111
877,a_estrella,h4,True,22,23.649,220,356,354
877,codicioso,h5,True,22,2.189,27,50,50
877,a_estrella,h5,True,22,5.313,65,122,122
877,codicioso,h6_w0.3,True,60,29.427,319,542,537
877,a_estrella,h6_w0.3,True,22,209.02,2677,4420,4313
877,codicioso,h6_w0.6,True,80,28.698,429,724,718
877,a_estrella,h6_w0.6,True,22,91.051,1241,2029,1988
877,codicioso,h6_w1.0,True,50,36.951,544,932,920
877,a_estrella,h6_w1.0,True,22,52.745,768,1246,1223
878,codicioso,h1,True,61,12.247,285,483,469
878,a_estrella,h1,True,19,180.218,2336,3872,3774
878,codicioso,h2,True,57,23.465,406,697,692
878,a_estrella,h2,True,19,23.071,357,586,578
878,codicioso,h3,True,43,5.948,59,104,104
878,a_estrella,h3,True,19,17.623,168,275,271
878,codicioso,h4,True,19,2.747,29,53,53
878,a_estrella,h4,True,19,11.002,131,216,212
878,codicioso,h5,True,37,7.618,88,149,148
878,a_estrella,h5,True,19,4.16,73,127,126
878,codicioso,h6_w0.3,True,57,34.488,467,783,770
878,a_estrella,h6_w0.3,True,19,76.17,953,1573,1540
878,codicioso,h6_w0.6,True,57,27.145,333,566,560
878,a_estrella,h6_w0.6,True,19,30.288,488,802,781
878,codicioso,h6_w1.0,True,57,32.868,406,697,692
878,a_estrella,h6_w1.0,True,19,28.271,357,586,578
879,codicioso,h1,True,45,64.977,1029,1730,1697
879,a_estrella,h1,True,25,2124.351,28981,46352,43645
879,codicioso,h2,True,57,29.068,407,692,686
879,a_estrella,h2,True,25,178.737,2688,4320,4226
879,codicioso,h3,True,39,8.292,88,154,154
879,a_estrella,h3,True,25,147.12,1517,2491,2447
879,codicioso,h4,True,39,8.833,88,154,154
879,a_estrella,h4,True,25,151.676,1419,2330,2290
879,codicioso,h5,True,31,2.154,40,74,74
879,a_estrella,h5,True,25,18.495,256,451,449
879,codicioso,h6_w0.3,True,71,45.519,546,921,908
879,a_estrella,h6_w0.3,True,25,885.464,11315,18307,17588
879,codicioso,h6_w0.6,True,71,23.495,390,653,649
879,a_estrella,h6_w0.6,True,25,375.391,5338,8638,8359
879,codicioso,h6_w1.0,True,57,26.411,407,692,686
879,a_estrella,h6_w1.0,True,25,199.502,2688,4320,4226
880,codicioso,h1,True,56,101.815,1572,2630,2567
880,a_estrella,h1,True,24,1370.091,20965,33846,32200
880,codicioso,h2,True,28,2.447,45,81,81
880,a_estrella,h2,True,24,70.913,1099,1740,1708
880,codicioso,h3,True,28,6.972,43,78,78
880,a_estrella,h3,True,24,63.791,635,1035,1020
880,codicioso,h4,True,42,10.346,60,106,106
880,a_estrella,h4,True,24,29.658,280,457,454
880,codicioso,h5,True,24,1.531,25,48,48
880,a_estrella,h5,True,24,5.065,57,104,103
880,codicioso,h6_w0.3,True,54,7.313,123,210,207
880,a_estrella,h6_w0.3,True,24,555.029,6707,10955,10638
880,codicioso,h6_w0.6,True,54,9.114,108,185,184
880,a_estrella,h6_w0.6,True,24,211.128,2547,4109,4000
880,codicioso,h6_w1.0,True,28,2.999,45,81,81
880,a_estrella,h6_w1.0,True,24,86.863,1099,1740,1708
881,codicioso,h1,True,48,106.925,1892,3153,3083
881,a_estrella,h1,True,22,524.573,7932,13072,12628
881,codicioso,h2,True,50,18.626,272,456,453
881,a_estrella,h2,True,22,78.26,1114,1822,1788
881,codicioso,h3,True,32,8.344,92,157,157
881,a_estrella,h3,True,22,50.61,504,813,809
881,codicioso,h4,True,38,12.757,118,199,198
881,a_estrella,h4,True,22,37.407,310,508,505
881,codicioso,h5,True,28,3.987,50,89,89
881,a_estrella,h5,True,22,7.919,85,149,149
881,codicioso,h6_w0.3,True,54,45.743,584,1004,990
881,a_estrella,h6_w0.3,True,22,268.05,3260,5368,5224
881,codicioso,h6_w0.6,True,58,22.105,323,541,536
881,a_estrella,h6_w0.6,True,22,104.221,1708,2828,2760
881,codicioso,h6_w1.0,True,50,15.269,272,456,453
881,a_estrella,h6_w1.0,True,22,82.075,1114,1822,1788
882,codicioso,h1,True,42,18.654,306,516,506
882,a_estrella,h1,True,22,574.381,8202,13537,13086
882,codicioso,h2,True,46,10.983,201,350,349
882,a_estrella,h2,True,22,82.22,1162,1907,1874
882,codicioso,h3,True,30,5.852,43,79,79
882,a_estrella,h3,True,22,60.998,523,865,856
882,codicioso,h4,True,30,4.734,43,79,79
882,a_estrella,h4,True,22,56.52,458,754,745
882,codicioso,h5,True,32,3.735,61,109,109
882,a_estrella,h5,True,22,6.806,68,124,124
882,codicioso,h6_w0.3,True,42,7.935,153,263,261
882,a_estrella,h6_w0.3,True,22,265.924,3410,5642,5501
882,codicioso,h6_w0.6,True,66,31.966,394,671,665
882,a_estrella,h6_w0.6,True,22,135.697,1806,2983,2915
882,codicioso,h6_w1.0,True,46,15.795,201,350,349
882,a_estrella,h6_w1.0,True,22,80.563,1162,1907,1874
883,codicioso,h1,True,50,22.606,370,628,615
883,a_estrella,h1,True,22,648.664,10178,16671,16099
883,codicioso,h2,True,40,12.744,236,400,397
883,a_estrella,h2,True,22,94.514,1534,2479,2428
883,codicioso,h3,True,40,7.172,75,134,134
883,a_estrella,h3,True,22,66.348,723,1180,1163
883,codicioso,h4,True,32,7.906,76,134,134
883,a_estrella,h4,True,22,43.975,463,753,743
883,codicioso,h5,True,32,3.085,57,101,101
883,a_estrella,h5,True,22,8.934,163,277,273
883,codicioso,h6_w0.3,True,48,17.766,277,466,461
883,a_estrella,h6_w0.3,True,22,306.801,4235,6933,6739
883,codicioso,h6_w0.6,True,48,19.897,271,458,453
883,a_estrella,h6_w0.6,True,22,158.686,2271,3721,3637
883,codicioso,h6_w1.0,True,40,13.424,236,400,397
883,a_estrella,h6_w1.0,True,22,102.106,1534,2479,2428
884,codicioso,h1,True,47,13.817,325,555,544
884,a_estrella,h1,True,23,859.741,12901,21015,20232
884,codicioso,h2,True,63,23.342,404,701,694
884,a_estrella,h2,True,23,58.403,1009,1629,1604
884,codicioso,h3,True,27,2.56,38,68,68
884,a_estrella,h3,True,23,49.491,569,913,903
884,codicioso,h4,True,27,3.283,38,68,68
884,a_estrella,h4,True,23,23.947,297,481,477
884,codicioso,h5,True,23,1.655,28,52,52
884,a_estrella,h5,True,23,6.526,76,133,133
884,codicioso,h6_w0.3,True,55,33.884,503,853,841
884,a_estrella,h6_w0.3,True,23,302.196,4482,7358,7160
884,codicioso,h6_w0.6,True,85,26.209,438,740,735
884,a_estrella,h6_w0.6,True,23,129.843,2023,3284,3217
884,codicioso,h6_w1.0,True,63,26.041,404,701,694
884,a_estrella,h6_w1.0,True,23,80.45,1009,1629,1604
885,codicioso,h1,True,38,18.474,239,413,407
885,a_estrella,h1,True,28,5815.752,71561,109491,99148
885,codicioso,h2,True,46,8.676,131,226,226
885,a_estrella,h2,True,28,491.226,6333,10062,9817
885,codicioso,h3,True,54,10.725,111,194,194
885,a_estrella,h3,True,28,339.188,3470,5537,5428
885,codicioso,h4,True,40,6.064,67,119,119
885,a_estrella,h4,True,28,233.359,2192,3525,3456
885,codicioso,h5,True,32,1.968,43,77,77
885,a_estrella,h5,True,28,31.938,439,765,757
885,codicioso,h6_w0.3,True,56,9.703,168,287,285
885,a_estrella,h6_w0.3,True,28,2641.243,31239,49421,46648
885,codicioso,h6_w0.6,True,74,11.173,165,281,280
885,a_estrella,h6_w0.6,True,28,1205.912,14275,22775,21836
885,codicioso,h6_w1.0,True,46,9.757,131,226,226
885,a_estrella,h6_w1.0,True,28,470.134,6333,10062,9817
886,codicioso,h1,True,22,32.396,532,907,887
886,a_estrella,h1,True,20,230.775,3959,6615,6430
886,codicioso,h2,True,22,17.409,329,567,563
886,a_estrella,h2,True,20,62.322,1068,1766,1729
886,codicioso,h3,True,24,8.518,97,166,165
886,a_estrella,h3,True,20,57.408,673,1112,1090
886,codicioso,h4,True,24,7.515,95,163,162
886,a_estrella,h4,True,20,54.548,626,1033,1013
886,codicioso,h5,True,26,2.794,34,61,61
886,a_estrella,h5,True,20,9.109,171,293,290
886,codicioso,h6_w0.3,True,22,20.009,374,630,625
886,a_estrella,h6_w0.3,True,20,132.822,2077,3447,3359
886,codicioso,h6_w0.6,True,22,12.918,238,404,401
886,a_estrella,h6_w0.6,True,20,81.023,1269,2113,2062
886,codicioso,h6_w1.0,True,22,16.127,329,567,563
886,a_estrella,h6_w1.0,True,20,72.224,1068,1766,1729
887,codicioso,h1,True,76,49.149,837,1404,1374
887,a_estrella,h1,True,22,483.383,6763,11220,10880
887,codicioso,h2,True,38,2.935,72,128,128
887,a_estrella,h2,True,22,10.167,186,298,295
887,codicioso,h3,True,22,4.755,24,44,44
887,a_estrella,h3,True,22,5.411,66,108,108
887,codicioso,h4,True,22,2.785,23,43,43
887,a_estrella,h4,True,22,4.903,38,64,64
887,codicioso,h5,True,22,1.693,23,43,43
887,a_estrella,h5,True,22,1.171,23,43,43
887,codicioso,h6_w0.3,True,64,20.039,259,444,435
887,a_estrella,h6_w0.3,True,22,118.664,1744,2889,2832
887,codicioso,h6_w0.6,True,70,10.946,172,291,289
887,a_estrella,h6_w0.6,True,22,39.861,573,921,901
887,codicioso,h6_w1.0,True,38,4.875,72,128,128
887,a_estrella,h6_w1.0,True,22,11.256,186,298,295
888,codicioso,h1,True,45,79.197,1289,2148,2090
888,a_estrella,h1,True,17,53.447,866,1461,1426
888,codicioso,h2,True,45,20.48,332,576,569
888,a_estrella,h2,True,17,8.729,126,212,209
888,codicioso,h3,True,35,9.399,102,175,175
888,a_estrella,h3,True,17,8.649,60,102,102
888,codicioso,h4,True,27,5.497,62,106,106
888,a_estrella,h4,True,17,6.294,50,86,86
888,codicioso,h5,True,17,1.049,18,34,34
888,a_estrella,h5,True,17,1.309,25,46,46
888,codicioso,h6_w0.3,True,45,29.049,359,607,599
888,a_estrella,h6_w0.3,True,17,24.579,341,575,566
888,codicioso,h6_w0.6,True,45,17.372,252,430,425
888,a_estrella,h6_w0.6,True,17,9.938,172,285,281
888,codicioso,h6_w1.0,True,45,27.063,332,576,569
888,a_estrella,h6_w1.0,True,17,8.643,126,212,209
889,codicioso,h1,True,32,57.249,822,1377,1344
889,a_estrella,h1,True,16,31.28,491,821,805
889,codicioso,h2,True,32,22.263,318,549,545
889,a_estrella,h2,True,16,7.572,118,196,194
889,codicioso,h3,True,22,6.314,71,120,120
889,a_estrella,h3,True,16,9.494,72,119,119
889,codicioso,h4,True,24,11.731,72,125,125
889,a_estrella,h4,True,16,6.392,60,101,101
889,codicioso,h5,True,16,1.407,19,36,36
889,a_estrella,h5,True,16,2.871,22,41,41
889,codicioso,h6_w0.3,True,32,28.166,355,601,593
889,a_estrella,h6_w0.3,True,16,13.73,227,381,376
889,codicioso,h6_w0.6,True,32,18.973,238,405,400
889,a_estrella,h6_w0.6,True,16,9.399,142,239,237
889,codicioso,h6_w1.0,True,32,24.056,318,549,545
889,a_estrella,h6_w1.0,True,16,8.724,118,196,194
890,codicioso,h1,True,61,96.78,1635,2721,2647
890,a_estrella,h1,True,17,62.953,1043,1733,1694
890,codicioso,h2,True,27,22.937,311,538,531
890,a_estrella,h2,True,17,13.693,237,391,384
890,codicioso,h3,True,21,3.056,46,79,78
890,a_estrella,h3,True,17,12.059,156,261,257
890,codicioso,h4,True,21,7.59,46,79,78
890,a_estrella,h4,True,17,17.612,136,230,227
890,codicioso,h5,True,25,5.282,79,135,134
890,a_estrella,h5,True,17,7.8,69,119,119
890,codicioso,h6_w0.3,True,61,25.185,356,601,593
890,a_estrella,h6_w0.3,True,17,36.545,493,826,811
890,codicioso,h6_w0.6,True,43,17.524,247,423,418
890,a_estrella,h6_w0.6,True,17,19.901,302,494,485
890,codicioso,h6_w1.0,True,27,21.71,311,538,531
890,a_estrella,h6_w1.0,True,17,16.339,237,391,384
891,codicioso,h1,True,86,93.654,1496,2493,2428
891,a_estrella,h1,True,24,1337.9,18296,29666,28325
891,codicioso,h2,True,40,10.717,173,295,293
891,a_estrella,h2,True,24,137.43,2247,3617,3543
891,codicioso,h3,True,36,5.544,65,110,110
891,a_estrella,h3,True,24,97.692,1085,1727,1704
891,codicioso,h4,True,36,5.7,64,108,108
891,a_estrella,h4,True,24,130.72,1238,2026,1990
891,codicioso,h5,True,42,4.465,54,97,97
891,a_estrella,h5,True,24,5.895,87,151,151
891,codicioso,h6_w0.3,True,54,36.739,596,1005,991
891,a_estrella,h6_w0.3,True,24,530.708,7342,11984,11604
891,codicioso,h6_w0.6,True,38,10.538,149,252,250
891,a_estrella,h6_w0.6,True,24,301.896,3703,6025,5872
891,codicioso,h6_w1.0,True,40,11.202,173,295,293
891,a_estrella,h6_w1.0,True,24,154.436,2247,3617,3543
892,codicioso,h1,True,38,42.387,664,1112,1093
892,a_estrella,h1,True,24,1150.389,18621,30252,28875
892,codicioso,h2,True,40,9.905,139,234,232
892,a_estrella,h2,True,24,134.479,2320,3726,3643
892,codicioso,h3,True,32,7.243,90,154,154
892,a_estrella,h3,True,24,89.672,1079,1755,1733
892,codicioso,h4,True,32,9.286,90,154,154
892,a_estrella,h4,True,24,81.969,893,1456,1438
892,codicioso,h5,True,30,2.988,49,88,88
892,a_estrella,h5,True,24,5.982,93,161,161
892,codicioso,h6_w0.3,True,60,11.425,183,309,304
892,a_estrella,h6_w0.3,True,24,559.994,7544,12356,11960
892,codicioso,h6_w0.6,True,60,9.234,151,256,254
892,a_estrella,h6_w0.6,True,24,270.969,3757,6156,5988
892,codicioso,h6_w1.0,True,40,8.659,139,234,232
892,a_estrella,h6_w1.0,True,24,142.579,2320,3726,3643
893,codicioso,h1,True,70,85.882,1741,2909,2832
893,a_estrella,h1,True,24,1146.514,18120,29414,28074
893,codicioso,h2,True,38,3.897,97,168,167
893,a_estrella,h2,True,24,114.651,1882,3033,2982
893,codicioso,h3,True,26,4.303,46,79,79
893,a_estrella,h3,True,24,81.133,996,1610,1581
893,codicioso,h4,True,26,3.584,46,79,79
893,a_estrella,h4,True,24,85.17,903,1457,1431
893,codicioso,h5,True,28,2.961,44,74,74
893,a_estrella,h5,True,24,6.622,89,159,159
893,codicioso,h6_w0.3,True,64,22.92,357,603,595
893,a_estrella,h6_w0.3,True,24,504.903,6944,11355,10986
893,codicioso,h6_w0.6,True,38,8.103,144,249,245
893,a_estrella,h6_w0.6,True,24,215.933,3322,5393,5257
893,codicioso,h6_w1.0,True,38,6.203,97,168,167
893,a_estrella,h6_w1.0,True,24,125.071,1882,3033,2982
894,codicioso,h1,True,51,34.627,719,1213,1185
894,a_estrella,h1,True,19,120.093,2213,3717,3621
894,codicioso,h2,True,35,4.188,89,150,149
894,a_estrella,h2,True,19,12.86,248,409,406
894,codicioso,h3,True,25,2.575,30,53,53
894,a_estrella,h3,True,19,15.573,172,289,286
894,codicioso,h4,True,25,2.528,29,52,52
894,a_estrella,h4,True,19,11.716,117,198,197
894,codicioso,h5,True,19,1.584,22,42,42
894,a_estrella,h5,True,19,1.277,29,53,53
894,codicioso,h6_w0.3,True,49,18.956,327,555,550
894,a_estrella,h6_w0.3,True,19,64.431,831,1386,1355
894,codicioso,h6_w0.6,True,31,3.323,67,116,115
894,a_estrella,h6_w0.6,True,19,24.613,391,653,643
894,codicioso,h6_w1.0,True,35,5.492,89,150,149
894,a_estrella,h6_w1.0,True,19,13.871,248,409,406
895,codicioso,h1,True,71,79.069,1443,2437,2378
895,a_estrella,h1,True,23,754.739,12599,20601,19866
895,codicioso,h2,True,49,29.997,482,834,821
895,a_estrella,h2,True,23,51.052,871,1399,1377
895,codicioso,h3,True,41,6.412,74,124,124
895,a_estrella,h3,True,23,39.683,497,803,791
895,codicioso,h4,True,41,6.83,73,124,124
895,a_estrella,h4,True,23,27.871,293,473,467
895,codicioso,h5,True,37,3.373,89,151,150
895,a_estrella,h5,True,23,8.959,160,272,269
895,codicioso,h6_w0.3,True,45,20.811,316,537,532
895,a_estrella,h6_w0.3,True,23,267.273,4097,6689,6512
895,codicioso,h6_w0.6,True,45,22.069,319,546,541
895,a_estrella,h6_w0.6,True,23,126.095,1795,2889,2813
895,codicioso,h6_w1.0,True,49,29.579,482,834,821
895,a_estrella,h6_w1.0,True,23,65.217,871,1399,1377
896,codicioso,h1,True,47,58.909,920,1547,1518
896,a_estrella,h1,True,19,157.012,2187,3619,3541
896,codicioso,h2,True,37,24.036,488,839,827
896,a_estrella,h2,True,19,22.535,414,681,674
896,codicioso,h3,True,39,12.279,133,224,224
896,a_estrella,h3,True,19,10.85,132,216,215
896,codicioso,h4,True,39,11.075,131,221,221
896,a_estrella,h4,True,19,5.634,62,103,103
896,codicioso,h5,True,19,2.208,22,43,43
896,a_estrella,h5,True,19,2.291,41,77,77
896,codicioso,h6_w0.3,True,47,9.765,189,321,318
896,a_estrella,h6_w0.3,True,19,61.053,968,1612,1580
896,codicioso,h6_w0.6,True,75,27.443,415,702,696
896,a_estrella,h6_w0.6,True,19,32.888,537,895,881
896,codicioso,h6_w1.0,True,37,26.147,488,839,827
896,a_estrella,h6_w1.0,True,19,26.799,414,681,674
897,codicioso,h1,True,32,9.663,204,349,343
897,a_estrella,h1,True,18,76.74,1529,2596,2533
897,codicioso,h2,True,36,8.609,178,310,308
897,a_estrella,h2,True,18,20.908,344,566,554
897,codicioso,h3,True,26,6.793,60,105,104
897,a_estrella,h3,True,18,16.997,212,351,343
897,codicioso,h4,True,26,5.289,60,105,104
897,a_estrella,h4,True,18,19.462,210,349,341
897,codicioso,h5,True,20,1.12,23,43,43
897,a_estrella,h5,True,18,2.91,60,108,108
897,codicioso,h6_w0.3,True,34,6.514,128,222,220
897,a_estrella,h6_w0.3,True,18,52.571,740,1234,1204
897,codicioso,h6_w0.6,True,64,22.141,375,639,633
897,a_estrella,h6_w0.6,True,18,25.839,433,722,707
897,codicioso,h6_w1.0,True,36,11.182,178,310,308
897,a_estrella,h6_w1.0,True,18,22.86,344,566,554
898,codicioso,h1,True,72,50.069,1025,1712,1671
898,a_estrella,h1,True,22,436.346,7229,12007,11633
898,codicioso,h2,True,34,5.699,84,144,143
898,a_estrella,h2,True,22,33.342,485,791,781
898,codicioso,h3,True,22,2.877,28,50,50
898,a_estrella,h3,True,22,28.41,286,477,471
898,codicioso,h4,True,22,3.274,28,50,50
898,a_estrella,h4,True,22,27.685,224,371,369
898,codicioso,h5,True,24,1.778,27,46,46
898,a_estrella,h5,True,22,4.925,59,107,107
898,codicioso,h6_w0.3,True,30,3.904,65,113,112
898,a_estrella,h6_w0.3,True,22,182.305,2381,3944,3848
898,codicioso,h6_w0.6,True,30,4.003,66,116,115
898,a_estrella,h6_w0.6,True,22,66.464,1004,1641,1612
898,codicioso,h6_w1.0,True,34,6.159,84,144,143
898,a_estrella,h6_w1.0,True,22,33.826,485,791,781
899,codicioso,h1,True,36,34.65,670,1135,1114
899,a_estrella,h1,True,26,2692.6,38039,60226,56255
899,codicioso,h2,True,52,20.625,339,580,576
899,a_estrella,h2,True,26,187.627,3317,5328,5211
899,codicioso,h3,True,36,4.979,60,111,111
899,a_estrella,h3,True,26,169.167,1931,3143,3080
899,codicioso,h4,True,36,6.078,60,111,111
899,a_estrella,h4,True,26,136.046,1359,2212,2171
899,codicioso,h5,True,36,4.397,79,135,134
899,a_estrella,h5,True,26,36.403,449,763,749
899,codicioso,h6_w0.3,True,52,43.199,548,909,902
899,a_estrella,h6_w0.3,True,26,1287.935,14933,24173,23210
899,codicioso,h6_w0.6,True,52,22.637,303,514,511
899,a_estrella,h6_w0.6,True,26,513.942,6840,11004,10668
899,codicioso,h6_w1.0,True,52,23.168,339,580,576
899,a_estrella,h6_w1.0,True,26,229.095,3317,5328,5211
900,codicioso,h1,True,37,87.782,1439,2416,2361
900,a_estrella,h1,True,21,389.831,5794,9476,9164
900,codicioso,h2,True,41,20.337,338,588,581
900,a_estrella,h2,True,21,52.462,792,1286,1266
900,codicioso,h3,True,23,7.006,75,132,132
900,a_estrella,h3,True,21,52.574,551,900,889
900,codicioso,h4,True,23,8.0,66,115,115
900,a_estrella,h4,True,21,40.596,415,684,675
900,codicioso,h5,True,25,3.631,40,77,77
900,a_estrella,h5,True,21,9.141,120,214,213
900,codicioso,h6_w0.3,True,41,26.447,403,686,681
900,a_estrella,h6_w0.3,True,21,160.799,2333,3824,3720
900,codicioso,h6_w0.6,True,41,19.148,322,558,555
900,a_estrella,h6_w0.6,True,21,81.097,1217,1976,1923
900,codicioso,h6_w1.0,True,41,31.51,338,588,581
900,a_estrella,h6_w1.0,True,21,56.734,792,1286,1266
901,codicioso,h1,True,45,44.824,826,1393,1357
901,a_estrella,h1,True,15,28.913,396,669,655
901,codicioso,h2,True,41,6.045,113,187,186
901,a_estrella,h2,True,15,4.544,72,117,115
901,codicioso,h3,True,15,2.339,27,48,48
901,a_estrella,h3,True,15,3.09,49,84,84
901,codicioso,h4,True,15,3.946,27,48,48
901,a_estrella,h4,True,15,4.95,49,84,84
901,codicioso,h5,True,15,0.952,16,31,31
901,a_estrella,h5,True,15,1.496,21,38,38
901,codicioso,h6_w0.3,True,41,7.972,116,201,198
901,a_estrella,h6_w0.3,True,15,9.983,168,293,289
901,codicioso,h6_w0.6,True,41,8.903,98,170,169
901,a_estrella,h6_w0.6,True,15,5.676,95,157,155
901,codicioso,h6_w1.0,True,41,11.613,113,187,186
901,a_estrella,h6_w1.0,True,15,4.103,72,117,115
902,codicioso,h1,True,44,40.594,670,1132,1111
902,a_estrella,h1,True,22,473.19,7473,12318,11939
902,codicioso,h2,True,30,8.7,148,252,250
902,a_estrella,h2,True,22,45.766,742,1208,1188
902,codicioso,h3,True,30,4.0,47,82,82
902,a_estrella,h3,True,22,48.378,484,796,786
902,codicioso,h4,True,26,3.66,45,79,79
902,a_estrella,h4,True,22,27.988,275,460,458
902,codicioso,h5,True,52,6.764,98,172,171
902,a_estrella,h5,True,22,6.476,117,208,207
902,codicioso,h6_w0.3,True,40,12.429,223,372,367
902,a_estrella,h6_w0.3,True,22,186.449,2697,4421,4310
902,codicioso,h6_w0.6,True,40,13.34,220,371,366
902,a_estrella,h6_w0.6,True,22,98.659,1273,2087,2039
902,codicioso,h6_w1.0,True,30,10.654,148,252,250
902,a_estrella,h6_w1.0,True,22,51.618,742,1208,1188
903,codicioso,h1,True,61,74.782,1228,2055,2015
903,a_estrella,h1,True,25,1831.87,27666,44166,41768
903,codicioso,h2,True,69,39.684,655,1125,1110
903,a_estrella,h2,True,25,78.236,1298,2066,2038
903,codicioso,h3,True,45,15.45,129,217,215
903,a_estrella,h3,True,25,71.116,823,1318,1305
903,codicioso,h4,True,25,2.291,37,61,61
903,a_estrella,h4,True,25,39.887,515,829,820
903,codicioso,h5,True,25,1.849,29,53,53
903,a_estrella,h5,True,25,7.555,162,288,285
903,codicioso,h6_w0.3,True,63,23.195,514,875,863
903,a_estrella,h6_w0.3,True,25,698.73,9110,14748,14286
903,codicioso,h6_w0.6,True,63,31.867,402,682,677
903,a_estrella,h6_w0.6,True,25,251.87,3519,5670,5525
903,codicioso,h6_w1.0,True,69,43.36,655,1125,1110
903,a_estrella,h6_w1.0,True,25,89.323,1298,2066,2038
904,codicioso,h1,True,72,50.769,968,1611,1565
904,a_estrella,h1,True,26,2377.788,37973,60015,56092
904,codicioso,h2,True,48,19.735,353,610,603
904,a_estrella,h2,True,26,224.159,3307,5301,5196
904,codicioso,h3,True,30,7.231,59,104,104
904,a_estrella,h3,True,26,171.255,1893,3025,2968
904,codicioso,h4,True,36,4.717,55,99,99
904,a_estrella,h4,True,26,129.364,1366,2191,2157
904,codicioso,h5,True,44,6.827,98,169,168
904,a_estrella,h5,True,26,9.81,155,273,267
904,codicioso,h6_w0.3,True,76,25.539,627,1066,1051
904,a_estrella,h6_w0.3,True,26,1319.834,14807,23934,22982
904,codicioso,h6_w0.6,True,64,24.04,331,556,551
904,a_estrella,h6_w0.6,True,26,588.277,6681,10775,10421
904,codicioso,h6_w1.0,True,48,21.794,353,610,603
904,a_estrella,h6_w1.0,True,26,239.202,3307,5301,5196
905,codicioso,h1,True,63,53.997,788,1322,1288
905,a_estrella,h1,True,19,163.982,2293,3827,3746
905,codicioso,h2,True,43,22.093,372,638,632
905,a_estrella,h2,True,19,21.324,330,536,532
905,codicioso,h3,True,19,4.522,57,99,99
905,a_estrella,h3,True,19,18.281,180,297,296
905,codicioso,h4,True,29,6.894,77,134,134
905,a_estrella,h4,True,19,15.977,155,260,259
905,codicioso,h5,True,19,2.476,27,50,50
905,a_estrella,h5,True,19,4.233,49,89,89
905,codicioso,h6_w0.3,True,57,30.403,456,769,759
905,a_estrella,h6_w0.3,True,19,67.436,908,1521,1493
905,codicioso,h6_w0.6,True,57,20.775,353,593,590
905,a_estrella,h6_w0.6,True,19,19.958,489,822,812
905,codicioso,h6_w1.0,True,43,20.764,372,638,632
905,a_estrella,h6_w1.0,True,19,18.754,330,536,532
906,codicioso,h1,True,38,32.442,668,1130,1109
906,a_estrella,h1,True,20,158.617,2972,4974,4856
906,codicioso,h2,True,50,25.798,486,842,832
906,a_estrella,h2,True,20,11.823,216,354,351
906,codicioso,h3,True,38,5.586,62,113,113
906,a_estrella,h3,True,20,9.433,111,184,184
906,codicioso,h4,True,38,3.942,61,112,112
906,a_estrella,h4,True,20,8.656,79,134,134
906,codicioso,h5,True,36,4.812,79,135,134
906,a_estrella,h5,True,20,2.638,44,80,80
906,codicioso,h6_w0.3,True,50,29.33,388,655,650
906,a_estrella,h6_w0.3,True,20,69.56,1013,1659,1624
906,codicioso,h6_w0.6,True,50,21.792,299,511,508
906,a_estrella,h6_w0.6,True,20,29.818,430,713,702
906,codicioso,h6_w1.0,True,50,33.504,486,842,832
906,a_estrella,h6_w1.0,True,20,12.192,216,354,351
907,codicioso,h1,True,35,19.167,445,748,730
907,a_estrella,h1,True,17,54.652,1003,1677,1640
907,codicioso,h2,True,43,17.03,346,598,591
907,a_estrella,h2,True,17,8.917,225,368,365
907,codicioso,h3,True,23,4.268,53,93,93
907,a_estrella,h3,True,17,12.715,158,265,263
907,codicioso,h4,True,23,4.131,53,93,93
907,a_estrella,h4,True,17,11.176,144,242,240
907,codicioso,h5,True,17,1.187,18,36,36
907,a_estrella,h5,True,17,1.09,18,36,36
907,codicioso,h6_w0.3,True,35,17.543,309,526,521
907,a_estrella,h6_w0.3,True,17,25.228,476,786,769
907,codicioso,h6_w0.6,True,35,15.017,312,535,530
907,a_estrella,h6_w0.6,True,17,14.07,271,447,441
907,codicioso,h6_w1.0,True,43,15.369,346,598,591
907,a_estrella,h6_w1.0,True,17,10.468,225,368,365
908,codicioso,h1,True,44,17.589,396,675,661
908,a_estrella,h1,True,18,63.649,1386,2318,2264
908,codicioso,h2,True,62,34.112,671,1155,1140
908,a_estrella,h2,True,18,12.563,256,424,422
908,codicioso,h3,True,40,5.762,84,150,150
908,a_estrella,h3,True,18,10.538,153,262,261
908,codicioso,h4,True,40,7.59,84,150,150
908,a_estrella,h4,True,18,6.371,82,140,140
908,codicioso,h5,True,18,0.656,21,40,40
908,a_estrella,h5,True,18,0.906,21,40,40
908,codicioso,h6_w0.3,True,50,16.626,295,502,490
908,a_estrella,h6_w0.3,True,18,30.994,617,1022,1004
908,codicioso,h6_w0.6,True,48,15.168,257,445,437
908,a_estrella,h6_w0.6,True,18,17.73,344,580,574
908,codicioso,h6_w1.0,True,62,35.494,671,1155,1140
908,a_estrella,h6_w1.0,True,18,13.274,256,424,422
909,codicioso,h1,True,46,66.893,1364,2256,2191
909,a_estrella,h1,True,24,913.176,17994,29222,27827
909,codicioso,h2,True,58,20.34,383,669,663
909,a_estrella,h2,True,24,95.501,1909,3100,3041
909,codicioso,h3,True,44,8.634,128,212,211
909,a_estrella,h3,True,24,82.762,1150,1900,1864
909,codicioso,h4,True,38,7.342,100,164,164
909,a_estrella,h4,True,24,81.857,1038,1712,1683
909,codicioso,h5,True,26,2.129,32,56,56
909,a_estrella,h5,True,24,7.216,132,236,236
909,codicioso,h6_w0.3,True,58,8.888,206,344,338
909,a_estrella,h6_w0.3,True,24,468.335,6975,11368,10971
909,codicioso,h6_w0.6,True,58,10.249,175,297,294
909,a_estrella,h6_w0.6,True,24,244.323,3450,5604,5442
909,codicioso,h6_w1.0,True,58,27.658,383,669,663
909,a_estrella,h6_w1.0,True,24,108.177,1909,3100,3041
910,codicioso,h1,True,54,37.338,778,1302,1279
910,a_estrella,h1,True,24,1275.865,20338,32869,31387
910,codicioso,h2,True,60,15.07,279,472,469
910,a_estrella,h2,True,24,38.66,698,1123,1110
910,codicioso,h3,True,28,2.786,43,79,79
910,a_estrella,h3,True,24,28.782,419,684,679
910,codicioso,h4,True,40,5.741,64,115,115
910,a_estrella,h4,True,24,13.464,132,213,213
910,codicioso,h5,True,24,2.628,31,57,57
910,a_estrella,h5,True,24,4.325,77,138,138
910,codicioso,h6_w0.3,True,70,22.782,357,596,591
910,a_estrella,h6_w0.3,True,24,396.819,6124,9992,9718
910,codicioso,h6_w0.6,True,70,20.569,333,562,557
910,a_estrella,h6_w0.6,True,24,138.499,2137,3425,3342
910,codicioso,h6_w1.0,True,60,14.953,279,472,469
910,a_estrella,h6_w1.0,True,24,41.975,698,1123,1110
911,codicioso,h1,True,61,39.589,752,1264,1221
911,a_estrella,h1,True,23,853.662,12769,20781,19994
911,codicioso,h2,True,51,40.798,600,1037,1019
911,a_estrella,h2,True,23,59.085,848,1369,1347
911,codicioso,h3,True,29,7.256,68,119,119
911,a_estrella,h3,True,23,45.978,495,789,775
911,codicioso,h4,True,29,6.178,51,88,88
911,a_estrella,h4,True,23,28.865,296,475,470
911,codicioso,h5,True,33,3.417,42,78,78
911,a_estrella,h5,True,23,5.43,86,159,157
911,codicioso,h6_w0.3,True,81,30.393,482,814,804
911,a_estrella,h6_w0.3,True,23,323.294,4268,6963,6782
911,codicioso,h6_w0.6,True,75,33.598,417,715,709
911,a_estrella,h6_w0.6,True,23,127.936,1790,2892,2832
911,codicioso,h6_w1.0,True,51,36.357,600,1037,1019
911,a_estrella,h6_w1.0,True,23,53.845,848,1369,1347
912,codicioso,h1,True,39,26.676,455,758,739
912,a_estrella,h1,True,23,855.462,13002,21174,20368
912,codicioso,h2,True,49,33.809,484,839,829
912,a_estrella,h2,True,23,91.375,1302,2103,2067
912,codicioso,h3,True,29,6.377,49,85,85
912,a_estrella,h3,True,23,93.488,760,1216,1196
912,codicioso,h4,True,29,7.341,47,80,80
912,a_estrella,h4,True,23,68.311,554,899,886
912,codicioso,h5,True,23,1.474,26,50,50
912,a_estrella,h5,True,23,8.285,124,218,217
912,codicioso,h6_w0.3,True,49,21.555,317,540,535
912,a_estrella,h6_w0.3,True,23,339.731,4708,7685,7467
912,codicioso,h6_w0.6,True,49,21.698,321,552,547
912,a_estrella,h6_w0.6,True,23,149.463,2199,3563,3475
912,codicioso,h6_w1.0,True,49,34.477,484,839,829
912,a_estrella,h6_w1.0,True,23,87.037,1302,2103,2067
913,codicioso,h1,True,65,27.934,582,972,951
913,a_estrella,h1,True,27,3937.952,55919,86531,79353
913,codicioso,h2,True,47,12.037,219,384,382
913,a_estrella,h2,True,27,350.823,5635,8916,8701
913,codicioso,h3,True,35,7.538,69,120,120
913,a_estrella,h3,True,27,243.137,3146,4970,4861
913,codicioso,h4,True,47,10.349,129,220,220
913,a_estrella,h4,True,27,149.257,1888,2985,2939
913,codicioso,h5,True,29,1.524,38,71,71
913,a_estrella,h5,True,27,22.53,418,720,713
913,codicioso,h6_w0.3,True,63,12.84,275,463,458
913,a_estrella,h6_w0.3,True,27,1401.522,23465,37203,35229
913,codicioso,h6_w0.6,True,61,18.616,345,587,582
913,a_estrella,h6_w0.6,True,27,651.225,11044,17557,16862
913,codicioso,h6_w1.0,True,47,10.741,219,384,382
913,a_estrella,h6_w1.0,True,27,308.197,5635,8916,8701
914,codicioso,h1,True,44,33.534,815,1361,1329
914,a_estrella,h1,True,22,374.6,8405,13865,13402
914,codicioso,h2,True,36,19.135,366,629,625
914,a_estrella,h2,True,22,60.067,1338,2199,2169
914,codicioso,h3,True,26,4.434,64,118,118
914,a_estrella,h3,True,22,50.142,752,1246,1227
914,codicioso,h4,True,32,5.588,73,132,132
914,a_estrella,h4,True,22,52.418,703,1162,1144
914,codicioso,h5,True,26,1.182,30,57,57
914,a_estrella,h5,True,22,6.717,122,220,219
914,codicioso,h6_w0.3,True,38,20.106,413,702,693
914,a_estrella,h6_w0.3,True,22,207.551,3621,5986,5833
914,codicioso,h6_w0.6,True,38,14.672,313,529,526
914,a_estrella,h6_w0.6,True,22,96.706,1953,3230,3157
914,codicioso,h6_w1.0,True,36,17.689,366,629,625
914,a_estrella,h6_w1.0,True,22,60.455,1338,2199,2169
915,codicioso,h1,True,62,55.965,1284,2143,2090
915,a_estrella,h1,True,24,879.616,17809,28986,27679
915,codicioso,h2,True,46,9.957,237,399,396
915,a_estrella,h2,True,24,56.971,1355,2193,2160
915,codicioso,h3,True,46,8.003,107,185,185
915,a_estrella,h3,True,24,58.021,754,1243,1227
915,codicioso,h4,True,42,5.584,81,139,139
915,a_estrella,h4,True,24,38.667,499,823,812
915,codicioso,h5,True,38,3.205,83,143,142
915,a_estrella,h5,True,24,5.284,126,222,222
915,codicioso,h6_w0.3,True,54,8.315,190,324,322
915,a_estrella,h6_w0.3,True,24,323.181,6398,10452,10122
915,codicioso,h6_w0.6,True,84,20.187,436,741,735
915,a_estrella,h6_w0.6,True,24,143.591,2908,4738,4620
915,codicioso,h6_w1.0,True,46,9.986,237,399,396
915,a_estrella,h6_w1.0,True,24,62.359,1355,2193,2160
916,codicioso,h1,True,80,62.915,1606,2681,2612
916,a_estrella,h1,True,26,2495.056,37795,59712,55756
916,codicioso,h2,True,48,17.661,355,605,602
916,a_estrella,h2,True,26,216.526,3844,6152,6010
916,codicioso,h3,True,42,10.092,122,207,207
916,a_estrella,h3,True,26,175.023,2142,3433,3365
916,codicioso,h4,True,32,6.271,74,122,121
916,a_estrella,h4,True,26,133.091,1601,2569,2523
916,codicioso,h5,True,32,2.244,47,86,86
916,a_estrella,h5,True,26,17.021,255,454,447
916,codicioso,h6_w0.3,True,56,22.812,418,704,697
916,a_estrella,h6_w0.3,True,26,1107.799,15399,24692,23609
916,codicioso,h6_w0.6,True,64,23.494,412,704,699
916,a_estrella,h6_w0.6,True,26,459.013,7317,11757,11339
916,codicioso,h6_w1.0,True,48,19.789,355,605,602
916,a_estrella,h6_w1.0,True,26,237.829,3844,6152,6010
917,codicioso,h1,True,55,23.185,537,897,878
917,a_estrella,h1,True,23,720.685,12532,20441,19651
917,codicioso,h2,True,47,41.09,600,1027,1009
917,a_estrella,h2,True,23,50.499,919,1486,1468
917,codicioso,h3,True,37,6.101,85,150,150
917,a_estrella,h3,True,23,42.144,518,843,832
917,codicioso,h4,True,45,8.321,86,152,152
917,a_estrella,h4,True,23,24.203,270,440,438
917,codicioso,h5,True,25,1.764,32,60,60
917,a_estrella,h5,True,23,3.255,48,85,85
917,codicioso,h6_w0.3,True,51,13.499,245,424,415
917,a_estrella,h6_w0.3,True,23,262.448,4094,6710,6532
917,codicioso,h6_w0.6,True,55,26.344,465,798,787
917,a_estrella,h6_w0.6,True,23,105.868,1762,2877,2809
917,codicioso,h6_w1.0,True,47,31.244,600,1027,1009
917,a_estrella,h6_w1.0,True,23,58.202,919,1486,1468
918,codicioso,h1,True,45,73.085,1260,2097,2041
918,a_estrella,h1,True,21,328.595,5821,9647,9343
918,codicioso,h2,True,51,18.182,365,630,622
918,a_estrella,h2,True,21,51.223,960,1566,1538
918,codicioso,h3,True,35,13.062,173,288,285
918,a_estrella,h3,True,21,37.562,461,747,740
918,codicioso,h4,True,33,7.167,76,135,135
918,a_estrella,h4,True,21,27.551,334,541,535
918,codicioso,h5,True,21,1.274,22,42,42
918,a_estrella,h5,True,21,1.72,32,57,57
918,codicioso,h6_w0.3,True,51,19.907,409,691,680
918,a_estrella,h6_w0.3,True,21,156.831,2457,4045,3945
918,codicioso,h6_w0.6,True,51,17.036,281,479,473
918,a_estrella,h6_w0.6,True,21,82.632,1336,2184,2122
918,codicioso,h6_w1.0,True,51,20.445,365,630,622
918,a_estrella,h6_w1.0,True,21,52.927,960,1566,1538
919,codicioso,h1,True,46,35.018,872,1466,1429
919,a_estrella,h1,True,24,867.931,17861,28873,27581
919,codicioso,h2,True,34,4.209,99,176,175
919,a_estrella,h2,True,24,77.863,1734,2791,2744
919,codicioso,h3,True,34,4.986,75,126,125
919,a_estrella,h3,True,24,57.907,919,1454,1434
919,codicioso,h4,True,28,3.297,36,62,62
919,a_estrella,h4,True,24,43.762,621,1002,992
919,codicioso,h5,True,26,1.739,41,75,75
919,a_estrella,h5,True,24,4.799,123,220,219
919,codicioso,h6_w0.3,True,62,20.531,467,795,783
919,a_estrella,h6_w0.3,True,24,377.72,6716,10920,10570
919,codicioso,h6_w0.6,True,62,21.885,423,725,717
919,a_estrella,h6_w0.6,True,24,160.802,3177,5143,5008
919,codicioso,h6_w1.0,True,34,5.43,99,176,175
919,a_estrella,h6_w1.0,True,24,87.08,1734,2791,2744
920,codicioso,h1,True,58,60.571,1526,2557,2502
920,a_estrella,h1,True,22,329.596,7843,12978,12558
920,codicioso,h2,True,60,16.533,376,647,642
920,a_estrella,h2,True,22,34.135,803,1303,1285
920,codicioso,h3,True,32,3.04,44,79,79
920,a_estrella,h3,True,22,23.348,382,632,626
920,codicioso,h4,True,32,2.602,44,79,79
920,a_estrella,h4,True,22,17.746,262,431,429
920,codicioso,h5,True,30,1.22,35,66,66
920,a_estrella,h5,True,22,4.613,88,155,155
920,codicioso,h6_w0.3,True,60,19.826,419,706,695
920,a_estrella,h6_w0.3,True,22,139.776,2904,4820,4706
920,codicioso,h6_w0.6,True,60,12.718,289,492,486
920,a_estrella,h6_w0.6,True,22,65.993,1413,2326,2277
920,codicioso,h6_w1.0,True,60,18.31,376,647,642
920,a_estrella,h6_w1.0,True,22,40.134,803,1303,1285
921,codicioso,h1,True,73,77.074,1875,3100,3012
921,a_estrella,h1,True,25,1298.105,27955,44694,42133
921,codicioso,h2,True,55,20.478,355,623,616
921,a_estrella,h2,True,25,93.703,2248,3568,3475
921,codicioso,h3,True,33,5.071,62,110,110
921,a_estrella,h3,True,25,84.193,1347,2174,2116
921,codicioso,h4,True,33,5.908,59,105,105
921,a_estrella,h4,True,25,90.679,1190,1921,1870
921,codicioso,h5,True,45,4.703,72,128,128
921,a_estrella,h5,True,25,6.414,134,242,242
921,codicioso,h6_w0.3,True,49,11.067,237,410,401
921,a_estrella,h6_w0.3,True,25,521.494,10029,16272,15661
921,codicioso,h6_w0.6,True,71,24.177,463,793,782
921,a_estrella,h6_w0.6,True,25,236.95,4357,7010,6799
921,codicioso,h6_w1.0,True,55,19.823,355,623,616
921,a_estrella,h6_w1.0,True,25,90.97,2248,3568,3475
922,codicioso,h1,True,28,2.542,87,151,148
922,a_estrella,h1,True,24,656.127,18934,30721,29257
922,codicioso,h2,True,28,2.753,85,143,142
922,a_estrella,h2,True,24,95.816,2881,4671,4564
922,codicioso,h3,True,28,2.564,44,79,79
922,a_estrella,h3,True,24,94.461,1691,2765,2706
922,codicioso,h4,True,28,2.52,44,79,79
922,a_estrella,h4,True,24,77.126,1433,2359,2313
922,codicioso,h5,True,28,1.644,48,85,85
922,a_estrella,h5,True,24,9.488,280,478,471
922,codicioso,h6_w0.3,True,28,2.272,65,114,113
922,a_estrella,h6_w0.3,True,24,316.784,8114,13253,12792
922,codicioso,h6_w0.6,True,28,2.503,67,118,117
922,a_estrella,h6_w0.6,True,24,152.801,4373,7082,6847
922,codicioso,h6_w1.0,True,28,2.787,85,143,142
922,a_estrella,h6_w1.0,True,24,101.373,2881,4671,4564
923,codicioso,h1,True,63,47.229,1640,2729,2655
923,a_estrella,h1,True,21,180.862,5921,9781,9505
923,codicioso,h2,True,41,3.634,119,210,209
923,a_estrella,h2,True,21,25.592,846,1358,1322
923,codicioso,h3,True,39,4.458,93,161,160
923,a_estrella,h3,True,21,26.671,564,921,906
923,codicioso,h4,True,29,3.129,60,106,106
923,a_estrella,h4,True,21,21.684,421,688,676
923,codicioso,h5,True,27,1.226,36,63,63
923,a_estrella,h5,True,21,2.727,76,131,131
923,codicioso,h6_w0.3,True,63,12.187,357,605,597
923,a_estrella,h6_w0.3,True,21,84.616,2361,3888,3784
923,codicioso,h6_w0.6,True,41,5.207,150,263,259
923,a_estrella,h6_w0.6,True,21,42.522,1259,2049,1992
923,codicioso,h6_w1.0,True,41,3.868,119,210,209
923,a_estrella,h6_w1.0,True,21,27.943,846,1358,1322
924,codicioso,h1,True,50,59.586,1849,3109,3038
924,a_estrella,h1,True,22,275.439,7616,12500,12078
924,codicioso,h2,True,46,13.304,349,602,595
924,a_estrella,h2,True,22,19.312,569,920,905
924,codicioso,h3,True,38,3.302,65,115,115
924,a_estrella,h3,True,22,20.835,393,636,629
924,codicioso,h4,True,38,4.482,74,135,135
924,a_estrella,h4,True,22,13.344,257,419,416
924,codicioso,h5,True,40,3.391,93,157,156
924,a_estrella,h5,True,22,2.83,81,142,141
924,codicioso,h6_w0.3,True,50,18.86,422,717,712
924,a_estrella,h6_w0.3,True,22,97.186,2668,4382,4276
924,codicioso,h6_w0.6,True,50,12.33,338,581,578
924,a_estrella,h6_w0.6,True,22,44.972,1205,1962,1922
924,codicioso,h6_w1.0,True,46,14.728,349,602,595
924,a_estrella,h6_w1.0,True,22,19.859,569,920,905
925,codicioso,h1,True,66,42.859,1317,2213,2156
925,a_estrella,h1,True,22,251.066,6995,11584,11221
925,codicioso,h2,True,36,3.099,101,175,174
925,a_estrella,h2,True,22,9.264,303,494,489
925,codicioso,h3,True,36,4.618,92,155,154
925,a_estrella,h3,True,22,5.884,131,219,219
925,codicioso,h4,True,38,4.199,76,131,131
925,a_estrella,h4,True,22,3.491,69,121,121
925,codicioso,h5,True,22,0.961,23,43,43
925,a_estrella,h5,True,22,1.054,30,56,56
925,codicioso,h6_w0.3,True,68,8.46,257,435,426
925,a_estrella,h6_w0.3,True,22,77.841,2049,3413,3328
925,codicioso,h6_w0.6,True,60,13.568,397,671,664
925,a_estrella,h6_w0.6,True,22,27.066,800,1297,1271
925,codicioso,h6_w1.0,True,36,3.252,101,175,174
925,a_estrella,h6_w1.0,True,22,10.272,303,494,489
926,codicioso,h1,True,60,48.024,1643,2734,2660
926,a_estrella,h1,True,20,115.359,3731,6181,6010
926,codicioso,h2,True,64,18.14,547,935,923
926,a_estrella,h2,True,20,7.971,252,413,412
926,codicioso,h3,True,34,4.556,86,146,145
926,a_estrella,h3,True,20,5.625,121,205,205
926,codicioso,h4,True,42,5.274,63,116,116
926,a_estrella,h4,True,20,6.342,115,197,197
926,codicioso,h5,True,20,0.794,21,40,40
926,a_estrella,h5,True,20,0.802,23,43,43
926,codicioso,h6_w0.3,True,60,12.9,361,610,602
926,a_estrella,h6_w0.3,True,20,42.808,1198,1985,1942
926,codicioso,h6_w0.6,True,34,5.136,143,248,244
926,a_estrella,h6_w0.6,True,20,18.035,515,845,830
926,codicioso,h6_w1.0,True,64,20.406,547,935,923
926,a_estrella,h6_w1.0,True,20,8.497,252,413,412
927,codicioso,h1,True,14,0.567,21,38,38
927,a_estrella,h1,True,14,6.066,224,394,388
927,codicioso,h2,True,14,0.505,17,32,32
927,a_estrella,h2,True,14,1.646,49,84,84
927,codicioso,h3,True,14,1.185,15,29,29
927,a_estrella,h3,True,14,2.085,42,73,73
927,codicioso,h4,True,14,0.844,15,29,29
927,a_estrella,h4,True,14,2.21,42,73,73
927,codicioso,h5,True,14,0.541,15,29,29
927,a_estrella,h5,True,14,0.655,15,29,29
927,codicioso,h6_w0.3,True,14,0.598,16,30,30
927,a_estrella,h6_w0.3,True,14,3.577,103,174,171
927,codicioso,h6_w0.6,True,14,0.517,16,30,30
927,a_estrella,h6_w0.6,True,14,1.962,63,107,106
927,codicioso,h6_w1.0,True,14,0.551,17,32,32
927,a_estrella,h6_w1.0,True,14,2.199,49,84,84
928,codicioso,h1,True,56,38.281,1198,2009,1967
928,a_estrella,h1,True,24,784.034,17761,28844,27561
928,codicioso,h2,True,46,5.873,135,233,232
928,a_estrella,h2,True,24,58.356,1479,2396,2349
928,codicioso,h3,True,36,5.001,82,147,147
928,a_estrella,h3,True,24,46.356,880,1446,1418
928,codicioso,h4,True,36,4.539,83,148,148
928,a_estrella,h4,True,24,38.497,665,1093,1075
928,codicioso,h5,True,26,1.45,29,54,54
928,a_estrella,h5,True,24,6.77,175,307,304
928,codicioso,h6_w0.3,True,34,3.493,106,175,173
928,a_estrella,h6_w0.3,True,24,318.411,6370,10459,10148
928,codicioso,h6_w0.6,True,46,6.432,119,209,208
928,a_estrella,h6_w0.6,True,24,143.302,2882,4682,4563
928,codicioso,h6_w1.0,True,46,5.663,135,233,232
928,a_estrella,h6_w1.0,True,24,60.939,1479,2396,2349
929,codicioso,h1,True,55,16.655,535,894,875
929,a_estrella,h1,True,21,232.269,5292,8729,8480
929,codicioso,h2,True,47,33.569,595,1018,1003
929,a_estrella,h2,True,21,27.359,487,798,792
929,codicioso,h3,True,37,6.02,83,146,146
929,a_estrella,h3,True,21,19.115,284,467,465
929,codicioso,h4,True,27,3.543,36,64,64
929,a_estrella,h4,True,21,20.446,264,435,434
929,codicioso,h5,True,21,1.51,32,60,60
929,a_estrella,h5,True,21,0.792,26,48,48
929,codicioso,h6_w0.3,True,51,11.464,241,417,408
929,a_estrella,h6_w0.3,True,21,96.221,1789,2940,2865
929,codicioso,h6_w0.6,True,55,24.918,462,792,781
929,a_estrella,h6_w0.6,True,21,52.009,836,1374,1344
929,codicioso,h6_w1.0,True,47,31.335,595,1018,1003
929,a_estrella,h6_w1.0,True,21,24.672,487,798,792
930,codicioso,h1,True,58,17.633,462,774,756
930,a_estrella,h1,True,22,337.27,7760,12853,12460
930,codicioso,h2,True,26,6.242,135,237,236
930,a_estrella,h2,True,22,39.0,956,1565,1542
930,codicioso,h3,True,26,4.459,38,68,68
930,a_estrella,h3,True,22,55.973,534,872,864
930,codicioso,h4,True,26,3.095,38,68,68
930,a_estrella,h4,True,22,34.197,413,681,676
930,codicioso,h5,True,22,1.39,26,49,49
930,a_estrella,h5,True,22,2.389,55,100,100
930,codicioso,h6_w0.3,True,38,14.532,311,529,524
930,a_estrella,h6_w0.3,True,22,153.503,2938,4865,4746
930,codicioso,h6_w0.6,True,38,22.046,314,538,533
930,a_estrella,h6_w0.6,True,22,76.793,1472,2415,2364
930,codicioso,h6_w1.0,True,26,6.397,135,237,236
930,a_estrella,h6_w1.0,True,22,45.353,956,1565,1542
931,codicioso,h1,True,57,19.033,548,911,890
931,a_estrella,h1,True,21,255.06,5415,8884,8629
931,codicioso,h2,True,37,14.76,320,546,543
931,a_estrella,h2,True,21,24.614,530,861,853
931,codicioso,h3,True,39,5.072,73,130,130
931,a_estrella,h3,True,21,22.458,308,496,492
931,codicioso,h4,True,39,6.136,73,130,130
931,a_estrella,h4,True,21,30.263,337,557,552
931,codicioso,h5,True,25,1.735,41,74,74
931,a_estrella,h5,True,21,5.138,100,178,176
931,codicioso,h6_w0.3,True,57,17.877,336,571,566
931,a_estrella,h6_w0.3,True,21,96.239,1876,3091,3024
931,codicioso,h6_w0.6,True,57,20.187,335,571,566
931,a_estrella,h6_w0.6,True,21,69.198,890,1451,1417
931,codicioso,h6_w1.0,True,37,18.189,320,546,543
931,a_estrella,h6_w1.0,True,21,30.999,530,861,853
932,codicioso,h1,True,47,41.083,891,1500,1470
932,a_estrella,h1,True,21,242.898,6135,10149,9853
932,codicioso,h2,True,45,14.44,342,587,583
932,a_estrella,h2,True,21,44.144,1141,1845,1807
932,codicioso,h3,True,29,4.946,100,169,169
932,a_estrella,h3,True,21,38.717,672,1096,1080
932,codicioso,h4,True,29,5.669,100,169,169
932,a_estrella,h4,True,21,36.215,473,774,766
932,codicioso,h5,True,31,2.012,57,104,104
932,a_estrella,h5,True,21,6.826,180,323,319
932,codicioso,h6_w0.3,True,53,15.356,369,622,617
932,a_estrella,h6_w0.3,True,21,115.205,2731,4495,4375
932,codicioso,h6_w0.6,True,53,12.017,302,517,514
932,a_estrella,h6_w0.6,True,21,64.981,1554,2545,2482
932,codicioso,h6_w1.0,True,45,15.947,342,587,583
932,a_estrella,h6_w1.0,True,21,46.479,1141,1845,1807
933,codicioso,h1,True,63,42.362,1211,2041,1993
933,a_estrella,h1,True,23,469.918,13656,22301,21465
933,codicioso,h2,True,45,19.453,504,871,861
933,a_estrella,h2,True,23,65.468,1740,2813,2762
933,codicioso,h3,True,27,3.47,70,117,116
933,a_estrella,h3,True,23,40.549,836,1345,1326
933,codicioso,h4,True,27,3.404,66,111,110
933,a_estrella,h4,True,23,28.702,547,882,872
933,codicioso,h5,True,35,1.598,43,82,82
933,a_estrella,h5,True,23,3.952,94,169,168
933,codicioso,h6_w0.3,True,53,20.332,557,947,934
933,a_estrella,h6_w0.3,True,23,235.546,5577,9127,8860
933,codicioso,h6_w0.6,True,45,17.027,383,656,651
933,a_estrella,h6_w0.6,True,23,105.865,2847,4659,4547
933,codicioso,h6_w1.0,True,45,20.365,504,871,861
933,a_estrella,h6_w1.0,True,23,65.213,1740,2813,2762
934,codicioso,h1,True,29,12.761,356,603,592
934,a_estrella,h1,True,21,206.112,5563,9187,8906
934,codicioso,h2,True,43,7.235,226,400,398
934,a_estrella,h2,True,21,24.05,673,1095,1080
934,codicioso,h3,True,53,5.356,112,192,192
934,a_estrella,h3,True,21,15.799,342,559,554
934,codicioso,h4,True,21,1.398,23,41,41
934,a_estrella,h4,True,21,10.368,196,325,322
934,codicioso,h5,True,21,0.891,24,45,45
934,a_estrella,h5,True,21,1.995,57,107,107
934,codicioso,h6_w0.3,True,41,5.965,178,296,293
934,a_estrella,h6_w0.3,True,21,83.116,2101,3458,3380
934,codicioso,h6_w0.6,True,41,5.504,129,213,211
934,a_estrella,h6_w0.6,True,21,36.512,1008,1653,1618
934,codicioso,h6_w1.0,True,43,10.976,226,400,398
934,a_estrella,h6_w1.0,True,21,34.277,673,1095,1080
935,codicioso,h1,True,50,36.467,838,1412,1379
935,a_estrella,h1,True,20,119.462,3109,5171,5034
935,codicioso,h2,True,62,14.019,398,691,684
935,a_estrella,h2,True,20,15.625,454,746,735
935,codicioso,h3,True,20,2.337,36,64,64
935,a_estrella,h3,True,20,16.672,286,476,468
935,codicioso,h4,True,28,5.247,77,132,132
935,a_estrella,h4,True,20,14.394,231,384,379
935,codicioso,h5,True,26,1.405,39,68,68
935,a_estrella,h5,True,20,1.761,43,77,77
935,codicioso,h6_w0.3,True,72,22.721,546,927,915
935,a_estrella,h6_w0.3,True,20,89.049,1181,1947,1896
935,codicioso,h6_w0.6,True,72,27.798,440,746,741
935,a_estrella,h6_w0.6,True,20,27.716,622,1030,1003
935,codicioso,h6_w1.0,True,62,16.677,398,691,684
935,a_estrella,h6_w1.0,True,20,22.573,454,746,735
936,codicioso,h1,True,32,39.511,858,1440,1405
936,a_estrella,h1,True,16,20.602,571,957,938
936,codicioso,h2,True,32,11.467,315,542,538
936,a_estrella,h2,True,16,8.8,138,230,229
936,codicioso,h3,True,20,3.734,68,113,113
936,a_estrella,h3,True,16,6.655,82,137,136
936,codicioso,h4,True,22,7.117,82,139,139
936,a_estrella,h4,True,16,3.332,55,97,97
936,codicioso,h5,True,16,0.852,19,36,36
936,a_estrella,h5,True,16,1.208,23,44,44
936,codicioso,h6_w0.3,True,32,15.765,356,602,594
936,a_estrella,h6_w0.3,True,16,9.748,276,463,456
936,codicioso,h6_w0.6,True,32,9.481,235,398,393
936,a_estrella,h6_w0.6,True,16,5.901,171,293,291
936,codicioso,h6_w1.0,True,32,11.274,315,542,538
936,a_estrella,h6_w1.0,True,16,4.55,138,230,229
937,codicioso,h1,True,56,39.728,1032,1728,1688
937,a_estrella,h1,True,24,1180.341,17771,28819,27467
937,codicioso,h2,True,28,1.559,44,76,76
937,a_estrella,h2,True,24,55.883,1491,2397,2350
937,codicioso,h3,True,36,3.316,63,115,115
937,a_estrella,h3,True,24,47.557,862,1402,1378
937,codicioso,h4,True,36,3.999,66,118,118
937,a_estrella,h4,True,24,49.922,800,1304,1280
937,codicioso,h5,True,36,3.253,70,126,126
937,a_estrella,h5,True,24,8.352,190,332,330
937,codicioso,h6_w0.3,True,46,5.584,162,276,273
937,a_estrella,h6_w0.3,True,24,377.429,6378,10495,10173
937,codicioso,h6_w0.6,True,28,4.918,59,100,99
937,a_estrella,h6_w0.6,True,24,124.67,2885,4707,4588
937,codicioso,h6_w1.0,True,28,1.873,44,76,76
937,a_estrella,h6_w1.0,True,24,102.786,1491,2397,2350
938,codicioso,h1,True,53,29.825,267,450,440
938,a_estrella,h1,True,27,5046.57,56003,86729,79604
938,codicioso,h2,True,55,17.313,275,479,477
938,a_estrella,h2,True,27,402.561,4945,7826,7639
938,codicioso,h3,True,29,7.889,74,126,126
938,a_estrella,h3,True,27,250.689,2574,4066,4002
938,codicioso,h4,True,29,7.847,71,122,122
938,a_estrella,h4,True,27,169.678,1539,2423,2384
938,codicioso,h5,True,27,1.668,33,62,62
938,a_estrella,h5,True,27,11.658,193,346,342
938,codicioso,h6_w0.3,True,53,20.278,246,406,401
938,a_estrella,h6_w0.3,True,27,2240.661,22607,36051,34363
938,codicioso,h6_w0.6,True,79,41.91,411,700,694
938,a_estrella,h6_w0.6,True,27,816.229,10049,16019,15457
938,codicioso,h6_w1.0,True,55,23.376,275,479,477
938,a_estrella,h6_w1.0,True,27,405.203,4945,7826,7639
939,codicioso,h1,True,58,77.858,1293,2195,2151
939,a_estrella,h1,True,24,1264.613,17227,28126,26941
939,codicioso,h2,True,38,25.539,429,742,732
939,a_estrella,h2,True,24,55.931,901,1441,1419
939,codicioso,h3,True,28,4.996,48,83,83
939,a_estrella,h3,True,24,49.916,531,866,856
939,codicioso,h4,True,28,2.737,48,83,83
939,a_estrella,h4,True,24,47.893,416,681,673
939,codicioso,h5,True,30,3.999,52,91,91
939,a_estrella,h5,True,24,4.599,73,125,125
939,codicioso,h6_w0.3,True,42,31.371,452,770,763
939,a_estrella,h6_w0.3,True,24,428.406,5516,9084,8852
939,codicioso,h6_w0.6,True,42,24.594,341,587,582
939,a_estrella,h6_w0.6,True,24,155.091,2157,3480,3392
939,codicioso,h6_w1.0,True,38,29.6,429,742,732
939,a_estrella,h6_w1.0,True,24,70.272,901,1441,1419
940,codicioso,h1,True,33,11.103,209,357,349
940,a_estrella,h1,True,11,4.506,63,111,111
940,codicioso,h2,True,35,4.392,102,170,168
940,a_estrella,h2,True,11,2.588,26,47,47
940,codicioso,h3,True,11,4.343,26,47,47
940,a_estrella,h3,True,11,1.821,26,47,47
940,codicioso,h4,True,11,2.267,26,47,47
940,a_estrella,h4,True,11,6.343,26,47,47
940,codicioso,h5,True,11,0.61,12,23,23
940,a_estrella,h5,True,11,0.755,20,37,36
940,codicioso,h6_w0.3,True,35,5.821,104,180,177
940,a_estrella,h6_w0.3,True,11,5.388,36,63,63
940,codicioso,h6_w0.6,True,35,6.257,88,154,153
940,a_estrella,h6_w0.6,True,11,4.204,26,47,47
940,codicioso,h6_w1.0,True,35,5.663,102,170,168
940,a_estrella,h6_w1.0,True,11,2.085,26,47,47
941,codicioso,h1,True,41,14.306,218,374,361
941,a_estrella,h1,True,17,74.482,1033,1721,1684
941,codicioso,h2,True,33,21.729,298,517,510
941,a_estrella,h2,True,17,21.856,306,504,496
941,codicioso,h3,True,29,17.067,127,214,211
941,a_estrella,h3,True,17,20.103,201,342,339
941,codicioso,h4,True,29,12.032,122,206,203
941,a_estrella,h4,True,17,18.735,184,317,315
941,codicioso,h5,True,21,1.634,25,47,47
941,a_estrella,h5,True,17,1.729,30,56,56
941,codicioso,h6_w0.3,True,49,30.267,434,739,728
941,a_estrella,h6_w0.3,True,17,39.581,525,874,855
941,codicioso,h6_w0.6,True,49,36.533,394,664,654
941,a_estrella,h6_w0.6,True,17,24.298,345,567,553
941,codicioso,h6_w1.0,True,33,17.259,298,517,510
941,a_estrella,h6_w1.0,True,17,20.502,306,504,496
942,codicioso,h1,True,53,17.669,303,513,503
942,a_estrella,h1,True,21,333.258,5324,8791,8535
942,codicioso,h2,True,25,4.917,55,101,101
942,a_estrella,h2,True,21,17.018,293,466,453
942,codicioso,h3,True,25,7.102,38,69,69
942,a_estrella,h3,True,21,17.667,206,318,308
942,codicioso,h4,True,57,18.669,174,292,291
942,a_estrella,h4,True,21,15.425,147,233,226
942,codicioso,h5,True,25,2.541,41,76,76
942,a_estrella,h5,True,21,6.648,91,152,150
942,codicioso,h6_w0.3,True,47,22.178,327,559,554
942,a_estrella,h6_w0.3,True,21,119.013,1715,2798,2721
942,codicioso,h6_w0.6,True,25,6.154,56,103,103
942,a_estrella,h6_w0.6,True,21,63.387,759,1218,1177
942,codicioso,h6_w1.0,True,25,3.318,55,101,101
942,a_estrella,h6_w1.0,True,21,14.298,293,466,453
943,codicioso,h1,True,38,41.78,683,1153,1125
943,a_estrella,h1,True,24,1535.48,19029,30827,29284
943,codicioso,h2,True,50,19.889,367,637,630
943,a_estrella,h2,True,24,203.846,3018,4863,4742
943,codicioso,h3,True,30,6.621,83,143,143
943,a_estrella,h3,True,24,169.053,1784,2896,2833
943,codicioso,h4,True,30,7.7,83,143,143
943,a_estrella,h4,True,24,160.629,1468,2373,2322
943,codicioso,h5,True,26,1.483,34,60,60
943,a_estrella,h5,True,24,20.617,286,482,474
943,codicioso,h6_w0.3,True,72,29.985,362,618,606
943,a_estrella,h6_w0.3,True,24,641.582,8512,13823,13310
943,codicioso,h6_w0.6,True,56,11.723,220,376,371
943,a_estrella,h6_w0.6,True,24,355.018,4630,7517,7276
943,codicioso,h6_w1.0,True,50,23.904,367,637,630
943,a_estrella,h6_w1.0,True,24,234.444,3018,4863,4742
944,codicioso,h1,True,45,13.414,265,456,447
944,a_estrella,h1,True,21,358.08,5846,9677,9381
944,codicioso,h2,True,37,6.011,131,222,221
944,a_estrella,h2,True,21,49.629,760,1233,1209
944,codicioso,h3,True,37,7.323,79,140,140
944,a_estrella,h3,True,21,39.742,487,803,796
944,codicioso,h4,True,37,6.112,79,140,140
944,a_estrella,h4,True,21,46.626,409,667,661
944,codicioso,h5,True,27,4.449,44,76,76
944,a_estrella,h5,True,21,4.51,37,68,67
944,codicioso,h6_w0.3,True,51,21.606,295,503,491
944,a_estrella,h6_w0.3,True,21,209.572,2304,3800,3715
944,codicioso,h6_w0.6,True,49,16.309,256,444,436
944,a_estrella,h6_w0.6,True,21,85.542,1171,1902,1853
944,codicioso,h6_w1.0,True,37,10.566,131,222,221
944,a_estrella,h6_w1.0,True,21,55.488,760,1233,1209
945,codicioso,h1,True,59,42.239,723,1214,1184
945,a_estrella,h1,True,21,347.739,5632,9313,9033
945,codicioso,h2,True,53,20.9,380,660,653
945,a_estrella,h2,True,21,42.721,754,1235,1219
945,codicioso,h3,True,45,12.951,145,258,258
945,a_estrella,h3,True,21,42.859,422,694,684
945,codicioso,h4,True,45,14.917,109,194,194
945,a_estrella,h4,True,21,41.496,398,658,648
945,codicioso,h5,True,21,2.014,22,44,44
945,a_estrella,h5,True,21,3.754,60,106,103
945,codicioso,h6_w0.3,True,63,36.641,532,903,891
945,a_estrella,h6_w0.3,True,21,155.026,2243,3706,3603
945,codicioso,h6_w0.6,True,63,28.784,425,720,715
945,a_estrella,h6_w0.6,True,21,80.164,1181,1951,1910
945,codicioso,h6_w1.0,True,53,23.633,380,660,653
945,a_estrella,h6_w1.0,True,21,66.327,754,1235,1219
946,codicioso,h1,True,36,25.066,349,591,573
946,a_estrella,h1,True,22,501.434,7704,12729,12323
946,codicioso,h2,True,66,41.81,680,1170,1155
946,a_estrella,h2,True,22,52.433,838,1366,1347
946,codicioso,h3,True,26,7.576,86,150,148
946,a_estrella,h3,True,22,43.847,491,812,805
946,codicioso,h4,True,36,7.021,69,124,124
946,a_estrella,h4,True,22,31.462,312,513,509
946,codicioso,h5,True,22,0.894,23,41,41
946,a_estrella,h5,True,22,3.753,51,90,90
946,codicioso,h6_w0.3,True,54,18.653,302,515,503
946,a_estrella,h6_w0.3,True,22,218.659,2913,4806,4689
946,codicioso,h6_w0.6,True,52,19.624,264,458,450
946,a_estrella,h6_w0.6,True,22,91.475,1363,2254,2210
946,codicioso,h6_w1.0,True,66,46.264,680,1170,1155
946,a_estrella,h6_w1.0,True,22,60.478,838,1366,1347
947,codicioso,h1,True,42,25.622,469,800,784
947,a_estrella,h1,True,18,90.991,1278,2166,2114
947,codicioso,h2,True,38,8.138,134,228,226
947,a_estrella,h2,True,18,11.298,146,243,240
947,codicioso,h3,True,26,6.246,64,112,112
947,a_estrella,h3,True,18,8.762,92,158,158
947,codicioso,h4,True,26,7.224,64,112,112
947,a_estrella,h4,True,18,13.089,74,126,126
947,codicioso,h5,True,18,1.138,19,37,37
947,a_estrella,h5,True,18,1.364,21,40,40
947,codicioso,h6_w0.3,True,58,11.456,183,308,303
947,a_estrella,h6_w0.3,True,18,36.892,491,834,815
947,codicioso,h6_w0.6,True,58,9.955,153,260,258
947,a_estrella,h6_w0.6,True,18,18.532,250,410,403
947,codicioso,h6_w1.0,True,38,5.755,134,228,226
947,a_estrella,h6_w1.0,True,18,7.474,146,243,240
948,codicioso,h1,True,66,82.289,1525,2563,2507
948,a_estrella,h1,True,22,533.768,7166,11869,11508
948,codicioso,h2,True,70,56.113,645,1112,1093
948,a_estrella,h2,True,22,20.945,329,524,521
948,codicioso,h3,True,22,1.564,24,45,45
948,a_estrella,h3,True,22,14.233,169,273,270
948,codicioso,h4,True,26,5.508,66,111,111
948,a_estrella,h4,True,22,7.401,55,90,90
948,codicioso,h5,True,22,2.233,23,43,43
948,a_estrella,h5,True,22,1.652,40,76,76
948,codicioso,h6_w0.3,True,64,37.083,591,1013,1002
948,a_estrella,h6_w0.3,True,22,157.619,2171,3575,3492
948,codicioso,h6_w0.6,True,76,25.548,394,674,669
948,a_estrella,h6_w0.6,True,22,61.067,852,1378,1349
948,codicioso,h6_w1.0,True,70,46.682,645,1112,1093
948,a_estrella,h6_w1.0,True,22,22.601,329,524,521
949,codicioso,h1,True,38,31.068,447,751,733
949,a_estrella,h1,True,20,290.259,4167,6890,6686
949,codicioso,h2,True,42,27.877,468,811,800
949,a_estrella,h2,True,20,27.795,502,827,811
949,codicioso,h3,True,28,3.817,41,78,78
949,a_estrella,h3,True,20,26.968,313,516,501
949,codicioso,h4,True,28,4.741,41,78,78
949,a_estrella,h4,True,20,26.547,281,458,443
949,codicioso,h5,True,20,2.774,23,45,45
949,a_estrella,h5,True,20,6.036,106,177,173
949,codicioso,h6_w0.3,True,42,28.466,320,544,539
949,a_estrella,h6_w0.3,True,20,108.292,1594,2667,2612
949,codicioso,h6_w0.6,True,42,21.812,323,553,548
949,a_estrella,h6_w0.6,True,20,51.966,800,1323,1295
949,codicioso,h6_w1.0,True,42,29.142,468,811,800
949,a_estrella,h6_w1.0,True,20,32.034,502,827,811
950,codicioso,h1,True,55,112.488,1661,2807,2747
950,a_estrella,h1,True,25,2113.847,28916,46104,43441
950,codicioso,h2,True,53,7.887,133,222,220
950,a_estrella,h2,True,25,158.719,2716,4363,4274
950,codicioso,h3,True,35,5.205,56,102,102
950,a_estrella,h3,True,25,143.892,1475,2371,2329
950,codicioso,h4,True,43,10.13,84,151,151
950,a_estrella,h4,True,25,121.79,1306,2111,2083
950,codicioso,h5,True,47,7.662,99,172,172
950,a_estrella,h5,True,25,12.241,220,384,383
950,codicioso,h6_w0.3,True,55,30.788,472,798,791
950,a_estrella,h6_w0.3,True,25,931.939,11420,18480,17765
950,codicioso,h6_w0.6,True,53,9.248,118,204,203
950,a_estrella,h6_w0.6,True,25,442.523,5315,8586,8318
950,codicioso,h6_w1.0,True,53,11.372,133,222,220
950,a_estrella,h6_w1.0,True,25,206.25,2716,4363,4274
951,codicioso,h1,True,59,36.395,630,1048,1020
951,a_estrella,h1,True,21,305.521,4874,8086,7852
951,codicioso,h2,True,37,6.644,111,191,190
951,a_estrella,h2,True,21,9.818,188,311,307
951,codicioso,h3,True,33,2.843,45,83,83
951,a_estrella,h3,True,21,7.789,95,156,154
951,codicioso,h4,True,33,2.626,44,82,82
951,a_estrella,h4,True,21,6.931,53,88,87
951,codicioso,h5,True,21,1.104,24,47,47
951,a_estrella,h5,True,21,0.96,25,49,49
951,codicioso,h6_w0.3,True,73,43.967,606,1037,1026
951,a_estrella,h6_w0.3,True,21,84.963,1318,2167,2116
951,codicioso,h6_w0.6,True,37,8.61,101,181,180
951,a_estrella,h6_w0.6,True,21,31.883,474,783,771
951,codicioso,h6_w1.0,True,37,7.031,111,191,190
951,a_estrella,h6_w1.0,True,21,11.793,188,311,307
952,codicioso,h1,True,60,42.355,754,1273,1235
952,a_estrella,h1,True,24,1137.112,17226,27949,26746
952,codicioso,h2,True,44,7.001,122,212,211
952,a_estrella,h2,True,24,58.884,976,1576,1548
952,codicioso,h3,True,46,12.86,106,180,179
952,a_estrella,h3,True,24,56.288,623,1000,985
952,codicioso,h4,True,36,6.555,73,125,125
952,a_estrella,h4,True,24,51.87,555,896,881
952,codicioso,h5,True,36,2.43,60,107,107
952,a_estrella,h5,True,24,7.666,113,196,194
952,codicioso,h6_w0.3,True,68,24.898,394,664,656
952,a_estrella,h6_w0.3,True,24,419.278,5640,9202,8934
952,codicioso,h6_w0.6,True,56,23.815,325,541,536
952,a_estrella,h6_w0.6,True,24,216.621,2232,3609,3527
952,codicioso,h6_w1.0,True,44,7.61,122,212,211
952,a_estrella,h6_w1.0,True,24,66.1,976,1576,1548
953,codicioso,h1,True,46,39.68,676,1129,1096
953,a_estrella,h1,True,22,474.151,7454,12331,11922
953,codicioso,h2,True,56,7.342,137,229,227
953,a_estrella,h2,True,22,32.77,503,824,812
953,codicioso,h3,True,48,8.912,86,152,152
953,a_estrella,h3,True,22,25.325,276,466,462
953,codicioso,h4,True,48,8.147,86,152,152
953,a_estrella,h4,True,22,19.389,194,323,321
953,codicioso,h5,True,22,0.907,23,41,41
953,a_estrella,h5,True,22,2.2,51,92,91
953,codicioso,h6_w0.3,True,56,10.626,152,262,257
953,a_estrella,h6_w0.3,True,22,190.551,2476,4090,3985
953,codicioso,h6_w0.6,True,56,5.671,117,200,199
953,a_estrella,h6_w0.6,True,22,72.332,1080,1777,1745
953,codicioso,h6_w1.0,True,56,8.592,137,229,227
953,a_estrella,h6_w1.0,True,22,33.658,503,824,812
954,codicioso,h1,True,47,23.035,423,710,695
954,a_estrella,h1,True,25,2037.689,28468,45636,43085
954,codicioso,h2,True,49,10.401,176,295,293
954,a_estrella,h2,True,25,119.103,1921,3088,3033
954,codicioso,h3,True,41,6.881,62,112,112
954,a_estrella,h3,True,25,104.472,1186,1937,1903
954,codicioso,h4,True,41,5.476,62,112,112
954,a_estrella,h4,True,25,83.875,888,1454,1425
954,codicioso,h5,True,27,1.271,32,58,58
954,a_estrella,h5,True,25,20.405,263,459,459
954,codicioso,h6_w0.3,True,45,7.835,141,248,245
954,a_estrella,h6_w0.3,True,25,815.473,9929,16149,15606
954,codicioso,h6_w0.6,True,45,6.759,95,170,169
954,a_estrella,h6_w0.6,True,25,284.151,4108,6641,6461
954,codicioso,h6_w1.0,True,49,11.181,176,295,293
954,a_estrella,h6_w1.0,True,25,125.824,1921,3088,3033
955,codicioso,h1,True,68,46.467,827,1384,1352
955,a_estrella,h1,True,18,70.069,1202,2003,1953
955,codicioso,h2,True,42,15.034,241,422,419
955,a_estrella,h2,True,18,9.879,130,218,216
955,codicioso,h3,True,26,4.152,52,92,92
955,a_estrella,h3,True,18,7.536,54,98,98
955,codicioso,h4,True,26,7.903,52,92,92
955,a_estrella,h4,True,18,5.63,54,98,98
955,codicioso,h5,True,26,1.668,32,59,59
955,a_estrella,h5,True,18,3.392,25,46,46
955,codicioso,h6_w0.3,True,68,29.107,475,802,792
955,a_estrella,h6_w0.3,True,18,32.296,447,748,733
955,codicioso,h6_w0.6,True,68,26.347,364,613,610
955,a_estrella,h6_w0.6,True,18,16.43,212,353,348
955,codicioso,h6_w1.0,True,42,16.786,241,422,419
955,a_estrella,h6_w1.0,True,18,8.179,130,218,216
956,codicioso,h1,True,37,23.387,433,728,712
956,a_estrella,h1,True,23,914.906,13329,21760,20859
956,codicioso,h2,True,27,3.124,51,94,94
956,a_estrella,h2,True,23,99.209,1498,2432,2389
956,codicioso,h3,True,27,4.485,42,77,77
956,a_estrella,h3,True,23,93.172,918,1506,1489
956,codicioso,h4,True,27,5.589,42,77,77
956,a_estrella,h4,True,23,79.53,686,1128,1116
956,codicioso,h5,True,27,1.935,31,56,56
956,a_estrella,h5,True,23,9.332,93,166,165
956,codicioso,h6_w0.3,True,41,22.405,320,545,540
956,a_estrella,h6_w0.3,True,23,398.574,5181,8461,8204
956,codicioso,h6_w0.6,True,27,2.758,59,103,102
956,a_estrella,h6_w0.6,True,23,185.304,2539,4157,4053
956,codicioso,h6_w1.0,True,27,3.024,51,94,94
956,a_estrella,h6_w1.0,True,23,97.498,1498,2432,2389
957,codicioso,h1,True,42,15.258,238,411,398
957,a_estrella,h1,True,26,3224.583,38973,61585,57523
957,codicioso,h2,True,52,22.991,367,627,624
957,a_estrella,h2,True,26,302.889,4596,7357,7195
957,codicioso,h3,True,46,11.674,108,185,184
957,a_estrella,h3,True,26,265.686,2639,4254,4179
957,codicioso,h4,True,36,7.472,76,130,130
957,a_estrella,h4,True,26,234.082,2063,3330,3276
957,codicioso,h5,True,44,9.213,101,177,177
957,a_estrella,h5,True,26,48.01,465,807,800
957,codicioso,h6_w0.3,True,48,17.572,240,413,404
957,a_estrella,h6_w0.3,True,26,1637.595,16241,26177,25092
957,codicioso,h6_w0.6,True,70,41.111,468,800,789
957,a_estrella,h6_w0.6,True,26,805.882,8057,13006,12581
957,codicioso,h6_w1.0,True,52,34.335,367,627,624
957,a_estrella,h6_w1.0,True,26,385.126,4596,7357,7195
958,codicioso,h1,True,63,68.361,1009,1681,1641
958,a_estrella,h1,True,23,1083.576,12365,20251,19524
958,codicioso,h2,True,61,39.844,530,910,897
958,a_estrella,h2,True,23,35.164,537,858,845
958,codicioso,h3,True,45,14.455,131,224,222
958,a_estrella,h3,True,23,29.93,322,519,514
958,codicioso,h4,True,45,13.898,132,225,223
958,a_estrella,h4,True,23,31.247,294,474,471
958,codicioso,h5,True,31,2.255,39,73,73
958,a_estrella,h5,True,23,7.659,62,113,113
958,codicioso,h6_w0.3,True,61,32.01,424,714,707
958,a_estrella,h6_w0.3,True,23,281.141,3781,6215,6065
958,codicioso,h6_w0.6,True,61,29.595,409,689,682
958,a_estrella,h6_w0.6,True,23,100.712,1382,2223,2167
958,codicioso,h6_w1.0,True,61,40.638,530,910,897
958,a_estrella,h6_w1.0,True,23,39.439,537,858,845
959,codicioso,h1,True,53,107.402,1583,2664,2603
959,a_estrella,h1,True,21,354.929,5247,8720,8464
959,codicioso,h2,True,59,9.423,146,245,243
959,a_estrella,h2,True,21,16.798,290,472,468
959,codicioso,h3,True,35,7.302,62,107,107
959,a_estrella,h3,True,21,12.001,142,240,238
959,codicioso,h4,True,35,8.998,64,110,110
959,a_estrella,h4,True,21,18.992,117,203,203
959,codicioso,h5,True,39,8.78,89,149,148
959,a_estrella,h5,True,21,3.08,78,139,137
959,codicioso,h6_w0.3,True,73,29.433,421,719,714
959,a_estrella,h6_w0.3,True,21,106.981,1613,2693,2635
959,codicioso,h6_w0.6,True,73,21.827,363,628,625
959,a_estrella,h6_w0.6,True,21,52.505,683,1122,1102
959,codicioso,h6_w1.0,True,59,9.65,146,245,243
959,a_estrella,h6_w1.0,True,21,25.183,290,472,468
960,codicioso,h1,True,58,38.861,692,1149,1123
960,a_estrella,h1,True,26,2802.436,36795,58217,54544
960,codicioso,h2,True,52,32.179,525,900,888
960,a_estrella,h2,True,26,152.554,2279,3588,3524
960,codicioso,h3,True,32,8.682,83,141,141
960,a_estrella,h3,True,26,122.239,1291,2027,1994
960,codicioso,h4,True,32,4.804,62,103,103
960,a_estrella,h4,True,26,93.974,1102,1730,1713
960,codicioso,h5,True,28,1.769,41,73,73
960,a_estrella,h5,True,26,12.188,194,348,345
960,codicioso,h6_w0.3,True,66,17.898,331,562,557
960,a_estrella,h6_w0.3,True,26,986.605,12844,20681,19974
960,codicioso,h6_w0.6,True,66,25.404,335,573,568
960,a_estrella,h6_w0.6,True,26,372.727,5174,8266,8031
960,codicioso,h6_w1.0,True,52,32.295,525,900,888
960,a_estrella,h6_w1.0,True,26,151.476,2279,3588,3524
961,codicioso,h1,True,39,15.724,364,616,605
961,a_estrella,h1,True,19,118.278,2379,3989,3896
961,codicioso,h2,True,27,2.927,77,134,133
961,a_estrella,h2,True,19,21.098,479,792,781
961,codicioso,h3,True,27,4.388,42,77,77
961,a_estrella,h3,True,19,14.855,203,331,326
961,codicioso,h4,True,27,4.127,42,77,77
961,a_estrella,h4,True,19,17.476,180,296,292
961,codicioso,h5,True,19,1.591,21,41,41
961,a_estrella,h5,True,19,2.746,49,91,89
961,codicioso,h6_w0.3,True,39,9.316,185,314,311
961,a_estrella,h6_w0.3,True,19,62.064,1060,1771,1731
961,codicioso,h6_w0.6,True,27,4.88,63,113,112
961,a_estrella,h6_w0.6,True,19,36.776,620,1021,995
961,codicioso,h6_w1.0,True,27,4.649,77,134,133
961,a_estrella,h6_w1.0,True,19,25.675,479,792,781
962,codicioso,h1,True,42,8.801,205,353,346
962,a_estrella,h1,True,24,1076.272,17911,29151,27820
962,codicioso,h2,True,66,34.839,643,1110,1091
962,a_estrella,h2,True,24,106.937,1964,3172,3098
962,codicioso,h3,True,32,4.691,55,96,96
962,a_estrella,h3,True,24,78.516,1004,1623,1592
962,codicioso,h4,True,26,3.442,37,64,64
962,a_estrella,h4,True,24,72.144,867,1404,1377
962,codicioso,h5,True,28,2.161,37,68,68
962,a_estrella,h5,True,24,6.029,125,227,226
962,codicioso,h6_w0.3,True,60,38.896,589,1016,1002
962,a_estrella,h6_w0.3,True,24,448.151,6957,11361,10978
962,codicioso,h6_w0.6,True,76,24.576,402,686,680
962,a_estrella,h6_w0.6,True,24,193.942,3409,5556,5392
962,codicioso,h6_w1.0,True,66,38.152,643,1110,1091
962,a_estrella,h6_w1.0,True,24,117.481,1964,3172,3098
963,codicioso,h1,True,74,59.313,964,1615,1567
963,a_estrella,h1,True,24,1262.236,22308,35781,34007
963,codicioso,h2,True,42,8.005,181,321,320
963,a_estrella,h2,True,24,183.574,2569,4145,4070
963,codicioso,h3,True,42,7.356,73,129,129
963,a_estrella,h3,True,24,142.987,1307,2109,2072
963,codicioso,h4,True,26,6.73,54,93,93
963,a_estrella,h4,True,24,166.854,989,1602,1580
963,codicioso,h5,True,24,3.514,34,62,62
963,a_estrella,h5,True,24,20.874,201,333,325
963,codicioso,h6_w0.3,True,58,80.492,554,944,933
963,a_estrella,h6_w0.3,True,24,800.853,8977,14574,14080
963,codicioso,h6_w0.6,True,56,27.513,358,610,605
963,a_estrella,h6_w0.6,True,24,392.912,4411,7167,6978
963,codicioso,h6_w1.0,True,42,10.979,181,321,320
963,a_estrella,h6_w1.0,True,24,190.922,2569,4145,4070
964,codicioso,h1,True,52,38.59,567,949,930
964,a_estrella,h1,True,28,5622.364,72035,110300,99936
964,codicioso,h2,True,36,8.72,159,268,266
964,a_estrella,h2,True,28,416.847,5862,9300,9076
964,codicioso,h3,True,48,19.3,136,231,229
964,a_estrella,h3,True,28,313.67,3212,5154,5064
964,codicioso,h4,True,38,7.351,63,111,111
964,a_estrella,h4,True,28,179.526,1904,3079,3035
964,codicioso,h5,True,36,4.909,84,144,143
964,a_estrella,h5,True,28,38.718,601,1055,1047
964,codicioso,h6_w0.3,True,76,30.753,481,806,796
964,a_estrella,h6_w0.3,True,28,2392.245,30659,48612,45947
964,codicioso,h6_w0.6,True,74,26.398,456,772,767
964,a_estrella,h6_w0.6,True,28,1077.358,13683,21817,20970
964,codicioso,h6_w1.0,True,36,15.987,159,268,266
964,a_estrella,h6_w1.0,True,28,537.722,5862,9300,9076
965,codicioso,h1,True,48,43.543,484,817,803
965,a_estrella,h1,True,26,3061.607,37997,60024,56064
965,codicioso,h2,True,46,26.359,329,570,564
965,a_estrella,h2,True,26,347.132,4394,6985,6811
965,codicioso,h3,True,30,10.318,61,103,103
965,a_estrella,h3,True,26,264.153,2248,3572,3507
965,codicioso,h4,True,42,10.498,83,145,145
965,a_estrella,h4,True,26,166.376,1325,2105,2073
965,codicioso,h5,True,34,2.208,42,76,76
965,a_estrella,h5,True,26,13.135,213,380,379
965,codicioso,h6_w0.3,True,54,16.391,278,467,462
965,a_estrella,h6_w0.3,True,26,1265.293,15439,24763,23670
965,codicioso,h6_w0.6,True,54,25.504,325,550,547
965,a_estrella,h6_w0.6,True,26,553.517,7645,12250,11817
965,codicioso,h6_w1.0,True,46,21.982,329,570,564
965,a_estrella,h6_w1.0,True,26,319.158,4394,6985,6811
966,codicioso,h1,True,62,12.873,278,469,455
966,a_estrella,h1,True,24,1270.69,17974,29237,28002
966,codicioso,h2,True,26,18.485,299,513,509
966,a_estrella,h2,True,24,168.327,1801,2917,2871
966,codicioso,h3,True,26,3.31,52,88,87
966,a_estrella,h3,True,24,117.731,1001,1623,1604
966,codicioso,h4,True,38,13.485,79,138,138
966,a_estrella,h4,True,24,76.033,748,1218,1206
966,codicioso,h5,True,36,3.776,59,103,103
966,a_estrella,h5,True,24,13.007,192,333,329
966,codicioso,h6_w0.3,True,34,24.132,367,616,604
966,a_estrella,h6_w0.3,True,24,671.066,6733,11041,10726
966,codicioso,h6_w0.6,True,34,18.385,306,519,511
966,a_estrella,h6_w0.6,True,24,213.949,3214,5202,5067
966,codicioso,h6_w1.0,True,26,19.841,299,513,509
966,a_estrella,h6_w1.0,True,24,100.784,1801,2917,2871
967,codicioso,h1,True,42,40.825,749,1269,1243
967,a_estrella,h1,True,24,1278.191,18611,30138,28634
967,codicioso,h2,True,38,23.56,366,630,626
967,a_estrella,h2,True,24,230.28,2909,4658,4539
967,codicioso,h3,True,34,5.086,67,113,113
967,a_estrella,h3,True,24,174.328,1744,2796,2724
967,codicioso,h4,True,34,6.014,67,113,113
967,a_estrella,h4,True,24,155.526,1620,2593,2526
967,codicioso,h5,True,32,4.269,73,132,132
967,a_estrella,h5,True,24,27.03,402,692,684
967,codicioso,h6_w0.3,True,38,25.021,427,727,718
967,a_estrella,h6_w0.3,True,24,840.587,8012,13052,12560
967,codicioso,h6_w0.6,True,38,26.092,310,528,525
967,a_estrella,h6_w0.6,True,24,272.209,4366,7104,6890
967,codicioso,h6_w1.0,True,38,18.229,366,630,626
967,a_estrella,h6_w1.0,True,24,241.763,2909,4658,4539
968,codicioso,h1,True,27,8.317,182,313,307
968,a_estrella,h1,True,23,865.264,12458,20354,19560
968,codicioso,h2,True,75,41.19,646,1115,1096
968,a_estrella,h2,True,23,40.119,626,1016,1009
968,codicioso,h3,True,41,10.277,122,203,201
968,a_estrella,h3,True,23,27.781,304,505,499
968,codicioso,h4,True,29,3.382,40,73,73
968,a_estrella,h4,True,23,14.732,155,256,254
968,codicioso,h5,True,27,1.396,30,57,57
968,a_estrella,h5,True,23,3.809,57,104,103
968,codicioso,h6_w0.3,True,43,9.371,136,234,233
968,a_estrella,h6_w0.3,True,23,307.766,3914,6421,6249
968,codicioso,h6_w0.6,True,67,28.519,384,660,655
968,a_estrella,h6_w0.6,True,23,135.502,1554,2528,2463
968,codicioso,h6_w1.0,True,75,64.175,646,1115,1096
968,a_estrella,h6_w1.0,True,23,53.661,626,1016,1009
969,codicioso,h1,True,39,42.741,655,1110,1084
969,a_estrella,h1,True,23,1044.937,13082,21343,20472
969,codicioso,h2,True,53,34.788,526,906,896
969,a_estrella,h2,True,23,100.132,1209,1961,1927
969,codicioso,h3,True,39,7.389,91,159,159
969,a_estrella,h3,True,23,158.32,815,1333,1312
969,codicioso,h4,True,39,10.583,91,159,159
969,a_estrella,h4,True,23,112.288,732,1201,1181
969,codicioso,h5,True,27,3.077,42,75,75
969,a_estrella,h5,True,23,13.966,155,267,264
969,codicioso,h6_w0.3,True,75,21.504,229,388,383
969,a_estrella,h6_w0.3,True,23,370.741,4756,7834,7598
969,codicioso,h6_w0.6,True,91,32.082,431,735,728
969,a_estrella,h6_w0.6,True,23,193.178,2222,3645,3555
969,codicioso,h6_w1.0,True,53,36.949,526,906,896
969,a_estrella,h6_w1.0,True,23,94.804,1209,1961,1927
970,codicioso,h1,True,42,79.119,1267,2105,2046
970,a_estrella,h1,True,20,261.141,3328,5535,5396
970,codicioso,h2,True,42,26.344,328,571,564
970,a_estrella,h2,True,20,26.008,403,658,646
970,codicioso,h3,True,38,14.907,98,169,168
970,a_estrella,h3,True,20,30.556,266,433,425
970,codicioso,h4,True,32,8.109,65,113,113
970,a_estrella,h4,True,20,23.826,208,337,332
970,codicioso,h5,True,28,1.969,37,69,69
970,a_estrella,h5,True,20,5.285,39,70,69
970,codicioso,h6_w0.3,True,42,25.862,356,602,594
970,a_estrella,h6_w0.3,True,20,105.101,1329,2191,2148
970,codicioso,h6_w0.6,True,42,14.682,248,424,419
970,a_estrella,h6_w0.6,True,20,38.099,655,1076,1058
970,codicioso,h6_w1.0,True,42,17.145,328,571,564
970,a_estrella,h6_w1.0,True,20,26.269,403,658,646
971,codicioso,h1,True,44,47.33,902,1532,1496
971,a_estrella,h1,True,24,1255.866,18495,30039,28635
971,codicioso,h2,True,44,12.543,233,394,391
971,a_estrella,h2,True,24,137.776,2117,3431,3361
971,codicioso,h3,True,32,8.078,81,142,142
971,a_estrella,h3,True,24,93.914,1110,1797,1766
971,codicioso,h4,True,32,8.485,73,129,129
971,a_estrella,h4,True,24,74.737,792,1293,1272
971,codicioso,h5,True,30,2.347,43,79,79
971,a_estrella,h5,True,24,11.961,208,368,365
971,codicioso,h6_w0.3,True,66,39.403,567,964,951
971,a_estrella,h6_w0.3,True,24,595.863,7399,12102,11721
971,codicioso,h6_w0.6,True,54,21.096,312,526,521
971,a_estrella,h6_w0.6,True,24,266.465,3632,5922,5757
971,codicioso,h6_w1.0,True,44,14.508,233,394,391
971,a_estrella,h6_w1.0,True,24,125.421,2117,3431,3361
972,codicioso,h1,True,31,8.146,159,272,271
972,a_estrella,h1,True,17,41.686,835,1387,1357
972,codicioso,h2,True,33,13.753,297,510,507
972,a_estrella,h2,True,17,4.797,93,156,155
972,codicioso,h3,True,35,4.328,58,102,102
972,a_estrella,h3,True,17,4.351,59,100,99
972,codicioso,h4,True,27,4.37,56,99,99
972,a_estrella,h4,True,17,4.92,34,60,59
972,codicioso,h5,True,17,1.741,18,34,34
972,a_estrella,h5,True,17,4.165,38,68,67
972,codicioso,h6_w0.3,True,31,13.715,206,342,339
972,a_estrella,h6_w0.3,True,17,22.717,313,526,520
972,codicioso,h6_w0.6,True,31,10.198,204,342,339
972,a_estrella,h6_w0.6,True,17,9.649,160,270,268
972,codicioso,h6_w1.0,True,33,18.228,297,510,507
972,a_estrella,h6_w1.0,True,17,5.554,93,156,155
973,codicioso,h1,True,42,35.385,660,1111,1072
973,a_estrella,h1,True,20,171.145,3150,5193,5056
973,codicioso,h2,True,22,1.15,30,54,54
973,a_estrella,h2,True,20,23.51,345,572,564
973,codicioso,h3,True,22,3.72,30,54,54
973,a_estrella,h3,True,20,19.732,246,402,398
973,codicioso,h4,True,22,2.738,30,54,54
973,a_estrella,h4,True,20,16.7,189,306,303
973,codicioso,h5,True,20,1.531,21,38,38
973,a_estrella,h5,True,20,3.171,24,45,45
973,codicioso,h6_w0.3,True,50,19.824,368,620,612
973,a_estrella,h6_w0.3,True,20,73.098,1188,1945,1901
973,codicioso,h6_w0.6,True,66,20.728,362,617,611
973,a_estrella,h6_w0.6,True,20,40.636,569,930,916
973,codicioso,h6_w1.0,True,22,1.213,30,54,54
973,a_estrella,h6_w1.0,True,20,25.544,345,572,564
974,codicioso,h1,True,47,32.941,517,865,847
974,a_estrella,h1,True,21,379.781,6005,9871,9555
974,codicioso,h2,True,33,11.643,189,336,334
974,a_estrella,h2,True,21,84.875,1208,1980,1944
974,codicioso,h3,True,33,10.337,100,169,168
974,a_estrella,h3,True,21,61.927,646,1043,1025
974,codicioso,h4,True,31,5.804,73,123,123
974,a_estrella,h4,True,21,55.897,514,835,826
974,codicioso,h5,True,25,1.672,43,76,76
974,a_estrella,h5,True,21,7.633,133,234,232
974,codicioso,h6_w0.3,True,47,21.35,317,540,535
974,a_estrella,h6_w0.3,True,21,209.712,2713,4480,4366
974,codicioso,h6_w0.6,True,47,21.134,314,537,532
974,a_estrella,h6_w0.6,True,21,108.686,1577,2581,2518
974,codicioso,h6_w1.0,True,33,11.541,189,336,334
974,a_estrella,h6_w1.0,True,21,80.709,1208,1980,1944
975,codicioso,h1,True,45,74.682,1188,1978,1931
975,a_estrella,h1,True,19,193.459,2692,4504,4392
975,codicioso,h2,True,43,28.568,303,528,526
975,a_estrella,h2,True,19,45.735,652,1064,1045
975,codicioso,h3,True,29,4.328,45,83,83
975,a_estrella,h3,True,19,27.955,325,527,519
975,codicioso,h4,True,29,7.438,45,83,83
975,a_estrella,h4,True,19,32.146,279,451,444
975,codicioso,h5,True,25,4.344,72,124,124
975,a_estrella,h5,True,19,4.585,69,123,123
975,codicioso,h6_w0.3,True,55,34.061,419,709,704
975,a_estrella,h6_w0.3,True,19,90.462,1301,2150,2100
975,codicioso,h6_w0.6,True,55,21.339,320,550,547
975,a_estrella,h6_w0.6,True,19,53.546,793,1302,1274
975,codicioso,h6_w1.0,True,43,21.57,303,528,526
975,a_estrella,h6_w1.0,True,19,47.044,652,1064,1045
976,codicioso,h1,True,63,51.71,923,1550,1519
976,a_estrella,h1,True,23,1037.38,13551,22093,21240
976,codicioso,h2,True,53,23.26,404,703,696
976,a_estrella,h2,True,23,120.829,1874,3039,2981
976,codicioso,h3,True,25,6.677,69,115,114
976,a_estrella,h3,True,23,83.081,1011,1642,1619
976,codicioso,h4,True,25,6.873,67,112,111
976,a_estrella,h4,True,23,80.038,810,1315,1297
976,codicioso,h5,True,25,1.068,26,48,48
976,a_estrella,h5,True,23,4.464,95,176,176
976,codicioso,h6_w0.3,True,47,16.292,289,496,487
976,a_estrella,h6_w0.3,True,23,407.464,5549,9088,8821
976,codicioso,h6_w0.6,True,69,31.043,510,870,859
976,a_estrella,h6_w0.6,True,23,194.276,2843,4622,4514
976,codicioso,h6_w1.0,True,53,34.939,404,703,696
976,a_estrella,h6_w1.0,True,23,137.904,1874,3039,2981
977,codicioso,h1,True,64,84.219,1315,2193,2147
977,a_estrella,h1,True,20,281.47,4302,7126,6936
977,codicioso,h2,True,22,4.35,68,123,122
977,a_estrella,h2,True,20,44.167,685,1125,1109
977,codicioso,h3,True,32,5.049,70,124,124
977,a_estrella,h3,True,20,33.669,344,560,552
977,codicioso,h4,True,32,8.759,70,124,124
977,a_estrella,h4,True,20,28.764,299,490,484
977,codicioso,h5,True,24,2.86,32,61,61
977,a_estrella,h5,True,20,8.5,109,184,183
977,codicioso,h6_w0.3,True,56,31.337,544,927,920
977,a_estrella,h6_w0.3,True,20,117.9,1803,2972,2910
977,codicioso,h6_w0.6,True,60,18.539,281,471,466
977,a_estrella,h6_w0.6,True,20,62.616,994,1631,1598
977,codicioso,h6_w1.0,True,22,4.915,68,123,122
977,a_estrella,h6_w1.0,True,20,39.612,685,1125,1109
978,codicioso,h1,True,32,74.991,1188,1991,1955
978,a_estrella,h1,True,20,191.719,3453,5715,5560
978,codicioso,h2,True,34,17.968,310,532,528
978,a_estrella,h2,True,20,30.407,536,874,862
978,codicioso,h3,True,32,3.265,63,110,110
978,a_estrella,h3,True,20,34.751,337,561,554
978,codicioso,h4,True,30,3.931,60,105,105
978,a_estrella,h4,True,20,30.43,247,412,407
978,codicioso,h5,True,20,4.41,37,66,66
978,a_estrella,h5,True,20,6.137,102,177,176
978,codicioso,h6_w0.3,True,34,28.284,395,668,663
978,a_estrella,h6_w0.3,True,20,117.227,1460,2433,2380
978,codicioso,h6_w0.6,True,34,18.208,271,464,461
978,a_estrella,h6_w0.6,True,20,48.857,755,1227,1204
978,codicioso,h6_w1.0,True,34,21.075,310,532,528
978,a_estrella,h6_w1.0,True,20,36.003,536,874,862
979,codicioso,h1,True,39,16.653,215,365,357
979,a_estrella,h1,True,21,338.014,5629,9266,8982
979,codicioso,h2,True,49,22.243,374,636,633
979,a_estrella,h2,True,21,40.092,658,1088,1077
979,codicioso,h3,True,21,2.689,42,75,75
979,a_estrella,h3,True,21,28.462,313,515,507
979,codicioso,h4,True,21,5.53,44,77,77
979,a_estrella,h4,True,21,18.972,208,346,344
979,codicioso,h5,True,21,1.009,24,45,45
979,a_estrella,h5,True,21,4.206,64,117,117
979,codicioso,h6_w0.3,True,39,8.722,140,242,240
979,a_estrella,h6_w0.3,True,21,152.309,2162,3576,3488
979,codicioso,h6_w0.6,True,65,23.502,394,672,666
979,a_estrella,h6_w0.6,True,21,73.771,1084,1792,1760
979,codicioso,h6_w1.0,True,49,26.087,374,636,633
979,a_estrella,h6_w1.0,True,21,44.55,658,1088,1077
980,codicioso,h1,True,37,30.394,528,886,862
980,a_estrella,h1,True,21,403.655,5444,9078,8815
980,codicioso,h2,True,35,6.244,99,174,173
980,a_estrella,h2,True,21,28.753,452,727,719
980,codicioso,h3,True,31,3.049,40,73,73
980,a_estrella,h3,True,21,27.732,266,442,439
980,codicioso,h4,True,31,6.369,40,73,73
980,a_estrella,h4,True,21,19.531,193,325,324
980,codicioso,h5,True,23,2.017,27,52,52
980,a_estrella,h5,True,21,1.715,40,78,78
980,codicioso,h6_w0.3,True,67,30.068,361,611,603
980,a_estrella,h6_w0.3,True,21,165.476,1793,2996,2929
980,codicioso,h6_w0.6,True,35,14.571,145,251,247
980,a_estrella,h6_w0.6,True,21,55.278,790,1294,1265
980,codicioso,h6_w1.0,True,35,6.294,99,174,173
980,a_estrella,h6_w1.0,True,21,28.803,452,727,719
981,codicioso,h1,True,40,7.744,189,322,318
981,a_estrella,h1,True,26,3529.722,39289,61844,57570
981,codicioso,h2,True,36,9.12,147,251,250
981,a_estrella,h2,True,26,481.898,6230,9977,9688
981,codicioso,h3,True,28,8.313,76,133,133
981,a_estrella,h3,True,26,491.51,3338,5328,5206
981,codicioso,h4,True,36,16.494,73,129,129
981,a_estrella,h4,True,26,306.103,2425,3877,3797
981,codicioso,h5,True,32,4.104,50,90,90
981,a_estrella,h5,True,26,43.457,527,905,892
981,codicioso,h6_w0.3,True,72,14.322,205,346,340
981,a_estrella,h6_w0.3,True,26,1679.996,18116,28964,27556
981,codicioso,h6_w0.6,True,72,13.209,165,283,281
981,a_estrella,h6_w0.6,True,26,932.313,9862,15849,15250
981,codicioso,h6_w1.0,True,36,10.057,147,251,250
981,a_estrella,h6_w1.0,True,26,544.754,6230,9977,9688
982,codicioso,h1,True,42,23.827,320,545,539
982,a_estrella,h1,True,22,682.327,7171,11870,11521
982,codicioso,h2,True,56,41.186,262,441,438
982,a_estrella,h2,True,22,26.26,329,537,531
982,codicioso,h3,True,22,4.405,33,60,60
982,a_estrella,h3,True,22,23.54,178,290,288
982,codicioso,h4,True,56,19.62,151,256,255
982,a_estrella,h4,True,22,14.257,130,215,213
982,codicioso,h5,True,22,1.491,25,48,48
982,a_estrella,h5,True,22,3.499,55,98,98
982,codicioso,h6_w0.3,True,64,35.448,320,535,530
982,a_estrella,h6_w0.3,True,22,229.829,2128,3504,3429
982,codicioso,h6_w0.6,True,64,28.398,309,520,515
982,a_estrella,h6_w0.6,True,22,76.645,828,1332,1303
982,codicioso,h6_w1.0,True,56,19.474,262,441,438
982,a_estrella,h6_w1.0,True,22,24.618,329,537,531
983,codicioso,h1,True,17,13.217,186,318,311
983,a_estrella,h1,True,17,94.744,1217,2044,1994
983,codicioso,h2,True,17,15.165,240,412,410
983,a_estrella,h2,True,17,38.744,477,793,780
983,codicioso,h3,True,17,4.08,38,70,70
983,a_estrella,h3,True,17,36.729,319,531,523
983,codicioso,h4,True,17,3.804,38,70,70
983,a_estrella,h4,True,17,36.48,304,505,497
983,codicioso,h5,True,29,4.499,73,124,123
983,a_estrella,h5,True,17,7.648,103,179,178
983,codicioso,h6_w0.3,True,17,21.04,198,328,326
983,a_estrella,h6_w0.3,True,17,62.502,717,1194,1169
983,codicioso,h6_w0.6,True,17,15.722,196,328,326
983,a_estrella,h6_w0.6,True,17,45.91,501,836,821
983,codicioso,h6_w1.0,True,17,23.526,240,412,410
983,a_estrella,h6_w1.0,True,17,35.804,477,793,780
984,codicioso,h1,True,20,5.828,135,232,229
984,a_estrella,h1,True,16,44.12,593,1020,1003
984,codicioso,h2,True,20,3.617,41,76,76
984,a_estrella,h2,True,16,9.332,131,222,220
984,codicioso,h3,True,20,3.611,37,67,67
984,a_estrella,h3,True,16,14.192,116,199,199
984,codicioso,h4,True,20,4.555,37,67,67
984,a_estrella,h4,True,16,13.869,116,199,199
984,codicioso,h5,True,16,1.459,22,39,39
984,a_estrella,h5,True,16,1.673,24,42,42
984,codicioso,h6_w0.3,True,20,5.679,62,110,109
984,a_estrella,h6_w0.3,True,16,21.752,272,455,447
984,codicioso,h6_w0.6,True,20,3.045,49,85,84
984,a_estrella,h6_w0.6,True,16,11.067,166,281,276
984,codicioso,h6_w1.0,True,20,3.367,41,76,76
984,a_estrella,h6_w1.0,True,16,9.29,131,222,220
985,codicioso,h1,True,71,96.891,1296,2163,2119
985,a_estrella,h1,True,23,912.399,13404,21904,21016
985,codicioso,h2,True,47,14.888,212,361,360
985,a_estrella,h2,True,23,157.258,1525,2458,2410
985,codicioso,h3,True,29,8.628,58,107,107
985,a_estrella,h3,True,23,89.738,834,1349,1327
985,codicioso,h4,True,29,6.198,56,104,104
985,a_estrella,h4,True,23,89.397,731,1180,1161
985,codicioso,h5,True,39,14.685,74,135,135
985,a_estrella,h5,True,23,19.613,116,207,205
985,codicioso,h6_w0.3,True,59,38.165,515,872,865
985,a_estrella,h6_w0.3,True,23,419.011,5200,8579,8328
985,codicioso,h6_w0.6,True,69,11.02,181,312,310
985,a_estrella,h6_w0.6,True,23,214.643,2564,4204,4106
985,codicioso,h6_w1.0,True,47,16.501,212,361,360
985,a_estrella,h6_w1.0,True,23,112.51,1525,2458,2410
986,codicioso,h1,True,34,101.584,940,1577,1545
986,a_estrella,h1,True,18,77.189,1333,2226,2175
986,codicioso,h2,True,30,36.927,385,665,656
986,a_estrella,h2,True,18,14.989,241,395,390
986,codicioso,h3,True,20,3.265,44,74,74
986,a_estrella,h3,True,18,17.933,165,275,272
986,codicioso,h4,True,20,8.013,44,74,74
986,a_estrella,h4,True,18,19.99,143,236,233
986,codicioso,h5,True,38,11.526,87,145,144
986,a_estrella,h5,True,18,8.539,65,114,113
986,codicioso,h6_w0.3,True,34,29.197,445,758,751
986,a_estrella,h6_w0.3,True,18,45.457,589,970,953
986,codicioso,h6_w0.6,True,34,46.004,332,572,567
986,a_estrella,h6_w0.6,True,18,45.526,333,543,533
986,codicioso,h6_w1.0,True,30,31.524,385,665,656
986,a_estrella,h6_w1.0,True,18,17.852,241,395,390
987,codicioso,h1,True,88,112.855,1903,3172,3091
987,a_estrella,h1,True,28,5699.818,70982,108560,98329
987,codicioso,h2,True,50,6.778,135,226,225
987,a_estrella,h2,True,28,540.814,6798,10850,10611
987,codicioso,h3,True,34,5.274,66,116,116
987,a_estrella,h3,True,28,401.141,4135,6637,6496
987,codicioso,h4,True,46,12.938,132,224,224
987,a_estrella,h4,True,28,324.144,2620,4219,4143
987,codicioso,h5,True,34,3.086,44,81,81
987,a_estrella,h5,True,28,60.169,623,1091,1084
987,codicioso,h6_w0.3,True,64,36.972,428,721,714
987,a_estrella,h6_w0.3,True,28,2802.829,31432,49547,46696
987,codicioso,h6_w0.6,True,68,22.6,348,590,587
987,a_estrella,h6_w0.6,True,28,1259.603,14759,23431,22478
987,codicioso,h6_w1.0,True,50,8.535,135,226,225
987,a_estrella,h6_w1.0,True,28,543.043,6798,10850,10611
988,codicioso,h1,True,60,65.127,890,1478,1447
988,a_estrella,h1,True,24,1471.177,17305,28183,26931
988,codicioso,h2,True,56,27.413,224,393,391
988,a_estrella,h2,True,24,100.858,1034,1667,1646
988,codicioso,h3,True,28,6.267,59,104,104
988,a_estrella,h3,True,24,78.885,611,1000,990
988,codicioso,h4,True,28,10.752,59,104,104
988,a_estrella,h4,True,24,61.235,458,746,737
988,codicioso,h5,True,26,2.16,29,54,54
988,a_estrella,h5,True,24,8.216,79,143,143
988,codicioso,h6_w0.3,True,38,14.474,189,319,315
988,a_estrella,h6_w0.3,True,24,628.487,5864,9635,9346
988,codicioso,h6_w0.6,True,38,12.047,151,256,254
988,a_estrella,h6_w0.6,True,24,206.889,2405,3917,3832
988,codicioso,h6_w1.0,True,56,20.411,224,393,391
988,a_estrella,h6_w1.0,True,24,79.443,1034,1667,1646
989,codicioso,h1,True,43,46.965,770,1305,1273
989,a_estrella,h1,True,21,397.421,5894,9749,9450
989,codicioso,h2,True,47,20.202,377,658,652
989,a_estrella,h2,True,21,43.86,836,1371,1351
989,codicioso,h3,True,43,10.836,129,219,218
989,a_estrella,h3,True,21,47.929,506,846,834
989,codicioso,h4,True,37,7.77,100,170,170
989,a_estrella,h4,True,21,42.694,398,663,654
989,codicioso,h5,True,21,0.784,25,48,48
989,a_estrella,h5,True,21,5.72,83,146,145
989,codicioso,h6_w0.3,True,79,23.963,391,665,652
989,a_estrella,h6_w0.3,True,21,170.219,2392,3999,3905
989,codicioso,h6_w0.6,True,63,17.85,236,405,400
989,a_estrella,h6_w0.6,True,21,97.968,1269,2062,2017
989,codicioso,h6_w1.0,True,47,34.716,377,658,652
989,a_estrella,h6_w1.0,True,21,74.025,836,1371,1351
990,codicioso,h1,True,15,20.565,284,487,474
990,a_estrella,h1,True,15,30.601,427,724,711
990,codicioso,h2,True,15,3.046,53,95,94
990,a_estrella,h2,True,15,9.398,158,263,257
990,codicioso,h3,True,15,3.852,41,71,70
990,a_estrella,h3,True,15,12.761,139,227,221
990,codicioso,h4,True,15,4.421,41,71,70
990,a_estrella,h4,True,15,18.231,133,218,212
990,codicioso,h5,True,15,0.999,18,34,34
990,a_estrella,h5,True,15,3.464,48,88,88
990,codicioso,h6_w0.3,True,15,12.61,154,263,255
990,a_estrella,h6_w0.3,True,15,24.366,238,397,389
990,codicioso,h6_w0.6,True,15,8.619,100,175,172
990,a_estrella,h6_w0.6,True,15,17.27,172,283,276
990,codicioso,h6_w1.0,True,15,4.688,53,95,94
990,a_estrella,h6_w1.0,True,15,15.369,158,263,257
991,codicioso,h1,True,45,68.186,871,1465,1428
991,a_estrella,h1,True,25,2048.285,29218,46533,43832
991,codicioso,h2,True,33,5.296,97,174,173
991,a_estrella,h2,True,25,243.647,3626,5814,5679
991,codicioso,h3,True,33,7.315,73,124,123
991,a_estrella,h3,True,25,199.484,1968,3131,3069
991,codicioso,h4,True,27,7.306,35,61,61
991,a_estrella,h4,True,25,122.805,1062,1696,1676
991,codicioso,h5,True,33,7.096,44,79,79
991,a_estrella,h5,True,25,27.503,339,607,603
991,codicioso,h6_w0.3,True,61,34.514,466,794,782
991,a_estrella,h6_w0.3,True,25,935.907,12133,19488,18684
991,codicioso,h6_w0.6,True,61,31.46,422,724,716
991,a_estrella,h6_w0.6,True,25,419.07,6083,9766,9459
991,codicioso,h6_w1.0,True,33,7.02,97,174,173
991,a_estrella,h6_w1.0,True,25,229.816,3626,5814,5679
992,codicioso,h1,True,31,7.525,159,271,270
992,a_estrella,h1,True,21,474.397,5947,9859,9565
992,codicioso,h2,True,35,12.5,198,336,334
992,a_estrella,h2,True,21,55.403,820,1348,1323
992,codicioso,h3,True,35,7.472,61,108,108
992,a_estrella,h3,True,21,62.018,457,740,721
992,codicioso,h4,True,45,17.889,143,243,241
992,a_estrella,h4,True,21,36.087,329,529,514
992,codicioso,h5,True,31,6.388,77,133,132
992,a_estrella,h5,True,21,16.322,197,329,316
992,codicioso,h6_w0.3,True,31,14.184,206,344,341
992,a_estrella,h6_w0.3,True,21,188.158,2412,4001,3907
992,codicioso,h6_w0.6,True,31,10.726,204,344,341
992,a_estrella,h6_w0.6,True,21,77.813,1261,2075,2030
992,codicioso,h6_w1.0,True,35,11.508,198,336,334
992,a_estrella,h6_w1.0,True,21,49.899,820,1348,1323
993,codicioso,h1,True,54,53.002,1000,1662,1625
993,a_estrella,h1,True,24,1138.18,17113,27809,26580
993,codicioso,h2,True,64,46.809,540,930,920
993,a_estrella,h2,True,24,87.73,1127,1825,1802
993,codicioso,h3,True,24,3.866,53,93,93
993,a_estrella,h3,True,24,55.193,664,1094,1084
993,codicioso,h4,True,38,8.094,65,115,115
993,a_estrella,h4,True,24,43.836,452,751,749
993,codicioso,h5,True,24,1.255,26,50,50
993,a_estrella,h5,True,24,8.492,95,173,172
993,codicioso,h6_w0.3,True,76,44.884,674,1140,1124
993,a_estrella,h6_w0.3,True,24,469.542,5844,9551,9265
993,codicioso,h6_w0.6,True,64,27.696,435,739,734
993,a_estrella,h6_w0.6,True,24,213.418,2437,3963,3867
993,codicioso,h6_w1.0,True,64,40.713,540,930,920
993,a_estrella,h6_w1.0,True,24,88.302,1127,1825,1802
994,codicioso,h1,True,42,8.972,153,265,260
994,a_estrella,h1,True,22,524.282,8637,14277,13813
994,codicioso,h2,True,28,18.426,307,529,523
994,a_estrella,h2,True,22,103.753,1756,2850,2786
994,codicioso,h3,True,28,4.101,64,112,112
994,a_estrella,h3,True,22,85.642,983,1591,1564
994,codicioso,h4,True,28,6.356,64,112,112
994,a_estrella,h4,True,22,78.874,807,1302,1282
994,codicioso,h5,True,26,5.63,84,142,141
994,a_estrella,h5,True,22,16.629,275,457,447
994,codicioso,h6_w0.3,True,34,5.82,88,154,152
994,a_estrella,h6_w0.3,True,22,337.438,4008,6606,6421
994,codicioso,h6_w0.6,True,46,23.368,365,627,622
994,a_estrella,h6_w0.6,True,22,146.56,2310,3784,3684
994,codicioso,h6_w1.0,True,28,18.812,307,529,523
994,a_estrella,h6_w1.0,True,22,106.901,1756,2850,2786
995,codicioso,h1,True,34,21.485,479,818,796
995,a_estrella,h1,True,18,85.725,1414,2387,2332
995,codicioso,h2,True,24,5.025,74,132,130
995,a_estrella,h2,True,18,18.824,357,592,582
995,codicioso,h3,True,20,5.333,52,90,89
995,a_estrella,h3,True,18,17.19,222,368,363
995,codicioso,h4,True,20,3.681,52,90,89
995,a_estrella,h4,True,18,16.199,188,310,305
995,codicioso,h5,True,20,1.325,27,48,48
995,a_estrella,h5,True,18,2.385,52,90,90
995,codicioso,h6_w0.3,True,24,9.646,159,273,266
995,a_estrella,h6_w0.3,True,18,44.901,724,1202,1176
995,codicioso,h6_w0.6,True,24,5.919,104,184,181
995,a_estrella,h6_w0.6,True,18,25.31,437,727,709
995,codicioso,h6_w1.0,True,24,5.523,74,132,130
995,a_estrella,h6_w1.0,True,18,20.919,357,592,582
996,codicioso,h1,True,30,19.272,416,693,674
996,a_estrella,h1,True,20,189.109,3551,5854,5693
996,codicioso,h2,True,40,17.535,456,791,780
996,a_estrella,h2,True,20,26.205,736,1217,1199
996,codicioso,h3,True,22,6.975,64,106,105
996,a_estrella,h3,True,20,40.92,443,726,716
996,codicioso,h4,True,22,6.179,62,103,102
996,a_estrella,h4,True,20,31.954,397,650,640
996,codicioso,h5,True,20,1.043,22,39,39
996,a_estrella,h5,True,20,6.166,91,165,164
996,codicioso,h6_w0.3,True,40,14.387,308,524,519
996,a_estrella,h6_w0.3,True,20,107.37,1654,2753,2694
996,codicioso,h6_w0.6,True,40,21.707,311,533,528
996,a_estrella,h6_w0.6,True,20,69.125,936,1535,1505
996,codicioso,h6_w1.0,True,40,32.212,456,791,780
996,a_estrella,h6_w1.0,True,20,53.721,736,1217,1199
997,codicioso,h1,True,48,62.618,1226,2069,2027
997,a_estrella,h1,True,20,198.943,3416,5727,5575
997,codicioso,h2,True,36,8.18,105,182,182
997,a_estrella,h2,True,20,25.596,472,780,769
997,codicioso,h3,True,38,8.051,92,163,163
997,a_estrella,h3,True,20,22.665,267,441,435
997,codicioso,h4,True,38,8.039,92,163,163
997,a_estrella,h4,True,20,19.293,216,354,349
997,codicioso,h5,True,20,0.997,22,42,42
997,a_estrella,h5,True,20,2.888,45,86,85
997,codicioso,h6_w0.3,True,36,6.931,116,204,200
997,a_estrella,h6_w0.3,True,20,101.296,1424,2340,2280
997,codicioso,h6_w0.6,True,36,10.917,93,164,163
997,a_estrella,h6_w0.6,True,20,55.617,734,1216,1193
997,codicioso,h6_w1.0,True,36,5.007,105,182,182
997,a_estrella,h6_w1.0,True,20,30.729,472,780,769
998,codicioso,h1,True,83,91.6,1704,2854,2795
998,a_estrella,h1,True,27,3999.367,55778,86618,79731
998,codicioso,h2,True,45,23.605,337,573,570
998,a_estrella,h2,True,27,320.49,3824,6028,5911
998,codicioso,h3,True,45,7.524,66,114,114
998,a_estrella,h3,True,27,212.231,2168,3394,3326
998,codicioso,h4,True,37,7.811,76,129,129
998,a_estrella,h4,True,27,124.274,1197,1881,1856
998,codicioso,h5,True,29,2.233,31,60,60
998,a_estrella,h5,True,27,19.913,242,432,425
998,codicioso,h6_w0.3,True,55,24.066,364,622,617
998,a_estrella,h6_w0.3,True,27,2102.78,21576,34467,32988
998,codicioso,h6_w0.6,True,55,30.618,371,639,634
998,a_estrella,h6_w0.6,True,27,747.998,8825,13984,13503
998,codicioso,h6_w1.0,True,45,24.199,337,573,570
998,a_estrella,h6_w1.0,True,27,307.494,3824,6028,5911
999,codicioso,h1,True,16,1.973,52,90,89
999,a_estrella,h1,True,16,38.441,602,1015,994
999,codicioso,h2,True,16,2.657,65,111,110
999,a_estrella,h2,True,16,11.062,184,308,304
999,codicioso,h3,True,16,1.936,23,43,43
999,a_estrella,h3,True,16,11.713,122,200,198
999,codicioso,h4,True,16,1.863,23,43,43
999,a_estrella,h4,True,16,12.062,121,198,196
999,codicioso,h5,True,16,1.491,19,34,34
999,a_estrella,h5,True,16,1.569,30,55,55
999,codicioso,h6_w0.3,True,16,2.233,38,69,69
999,a_estrella,h6_w0.3,True,16,22.412,318,538,531
999,codicioso,h6_w0.6,True,16,2.19,51,91,90
999,a_estrella,h6_w0.6,True,16,13.877,205,339,334
999,codicioso,h6_w1.0,True,16,6.017,65,111,110
999,a_estrella,h6_w1.0,True,16,15.72,184,308,304
